ID,Current_Location,Local_ID,Sex,,Sire,,,Dam,Age,,Event_Type,,Date,,Location,,,
1,PHILADELP,11512,Male,,WILD,,,WILD,"0Y,6M,20D",,Birth/Hatch,,Undetermined,,Africa,,,-
,,,,,,,,,,,"Wild
Capture",,Undetermined,,Africa,,,-
,,,,,,,,,,,Transfer,,"Jul 01, 1900 +/- 6 month",,HAMBURG,,,
,,,,,,,,,,,Transfer,,11-Jul-00,,PHILADELP,,,11512
,,,,,,,,,,,Death,,21-Jul-00,,PHILADELP,,,11512
2,PHILADELP,L2,Male,,WILD,,,WILD,"10Y,5M,24D",,Birth/Hatch,,"Jan 01, 1925 +/- 6 month",,Africa,,,-
,,,,,,,,,,,Wild Capture,,"Jan 01, 1925 +/- 6 month",,Africa,,,-
,,,,,,,,,,,Transfer,,"Jan 01, 1925 +/- 6 month",,JOSEPH E,,,
,,,,,,,,,,,Transfer,,9-Jul-25,,PHILADELP,,,L2
,,,,,,,,,,,Death,,25-Jun-35,,PHILADELP,,,L2
3,PHILADELP,L3,Female,,WILD,,,WILD,"11Y,1M,10D",,Birth/Hatch,,"Jan 01, 1925 +/- 6 month",,Africa,,,-
,,,,,,,,,,,Wild Capture,,"Jan 01, 1925 +/- 6 month",,Africa,,,-
,,,,,,,,,,,Transfer,,"Jan 01, 1925 +/- 6 month",,JOSEPH E,,,
,,,,,,,,,,,Transfer,,9-Jul-25,,PHILADELP,,,L3
,,,,,,,,,,,Death,,11-Feb-36,,PHILADELP,,,L3
4,CHICAGOBR,19845,Female,,WILD,,,WILD,"1Y,4M,30D",,Birth/Hatch,,"Jan 01, 1934 +/- 2 year",,Africa,,,-
,,,,,,,,,,,Wild Capture,,"Jan 01, 1934 +/- 2 year",,Africa,,,-
,,,,,,,,,,,Transfer,,"Mar 01, 1934 +/- 6 month",,UNDETERMI,,,Undetermined
,,,,,,,,,,,Transfer,,20-May-35,,CHICAGOBR,,,19845
,,,,,,,,,,,Death,,31-May-35,,CHICAGOBR,,,19845
5,CHICAGOBR,19846,Male,,WILD,,,WILD,"6Y,0M,0D",,Birth/Hatch,,"Jan 01, 1934 +/- 2 year",,Africa,,,-
,,,,,,,,,,,Wild Capture,,"Jan 01, 1934 +/- 2 year",,Africa,,,-
,,,,,,,,,,,Transfer,,"Mar 01, 1934 +/- 6 month",,UNDETERMI,,,Undetermined
,,,,,,,,,,,Transfer,,20-May-34,,CHICAGOBR,,,19846
,,,,,,,,,,,Death,,"Jan 01, 1940 +/- 7 year",,CHICAGOBR,,,19846
6,CHICAGOBR,19847,Male,,WILD,,,WILD,"6Y,0M,0D",,Birth/Hatch,,"Jan 01, 1934 +/- 2 year",,Africa,,,-
,,,,,,,,,,,"Wild
Capture",,"Jan 01, 1934 +/- 2 year",,Africa,,,-
,,,,,,,,,,,Transfer,,"Mar 01, 1934 +/- 6 month",,UNDETERMI,,,Undetermined
,,,,,,,,,,,Transfer,,20-May-34,,CHICAGOBR,,,19847
,,,,,,,,,,,Death,,"Jan 01, 1940 +/- 7 year",,CHICAGOBR,,,19847
7,CHICAGOBR,19848,Female,,WILD,,,WILD,"6Y,0M,0D",,Birth/Hatch,,"Jan 01, 1934 +/- 2 year",,Africa,,,-
,,,,,,,,,,,"Wild
Capture",,"Jan 01, 1934 +/- 2 year",,Africa,,,-
,,,,,,,,,,,Transfer,,"Mar 01, 1934 +/- 6 month",,UNDETERMI,,,Undetermined
,,,,,,,,,,,Transfer,,20-May-34,,CHICAGOBR,,,19848
,,,,,,,,,,,Death,,"Jan 01, 1940 +/- 7 year",,CHICAGOBR,,,19848
8,CHICAGOBR,19849,Female,,WILD,,,WILD,"6Y,0M,0D",,Birth/Hatch,,"Jan 01, 1934 +/- 2 year",,Africa,,,-
,,,,,,,,,,,"Wild
Capture",,"Jan 01, 1934 +/- 2 year",,Africa,,,-
,,,,,,,,,,,Transfer,,"Mar 01, 1934 +/- 6 month",,UNDETERMI,,,Undetermined
,,,,,,,,,,,Transfer,,20-May-34,,CHICAGOBR,,,19849
,,,,,,,,,,,Death,,"Jan 01, 1940 +/- 7 year",,CHICAGOBR,,,19849
9,CHICAGOBR,19861,Female,,WILD,,,WILD,"6Y,0M,0D",,Birth/Hatch,,"Jan 01, 1934 +/- 2 year",,Africa,,,-
,,,,,,,,,,,"Wild
Capture",,"Jan 01, 1934 +/- 2 year",,Africa,,,-
,,,,,,,,,,,Transfer,,"Mar 01, 1934 +/- 6 month",,UNDETERMI,,,Undetermined
,,,,,,,,,,,Transfer,,20-May-34,,CHICAGOBR,,,19861
,,,,,,,,,,,Death,,"Jan 01, 1940 +/- 7 year",,CHICAGOBR,,,19861
10,CHICAGOBR,18327,Male,,WILD,,,WILD,"5Y,0M,0D",,Birth/Hatch,,"Jan 01, 1935 +/- 3 year",,Africa,,,-
,,,,,,,,,,,"Wild
Capture",,"Jan 01, 1935 +/- 3 year",,Africa,,,-
,,,,,,,,,,,Transfer,,28-Jul-36,,CHICAGOBR,,,18327
,,,,,,,,,,,Death,,"Jan 01, 1940 +/- 7 year",,CHICAGOBR,,,18327
11,SANDIEGOZ,40839,Undetermined,,WILD,,,WILD,"3Y,9M,30D",,Birth/Hatch,,1-Mar-35,,Africa,,,-
,,,,,,,,,,,Wild Capture,,1-Mar-35,,Africa,,,-
,,,,,,,,,,,Transfer,,15-Mar-36,,SANDIEGOZ,,,40839
,,,,,,,,,,,Death,,31-Dec-38,,SANDIEGOZ,,,40839
12,SANDIEGOZ,40840,Undetermined,,WILD,,,WILD,"4Y,9M,30D",,Birth/Hatch,,1-Mar-35,,Africa,,,-
,,,,,,,,,,,"Wild
Capture",,1-Mar-35,,Africa,,,-
,,,,,,,,,,,Transfer,,15-Mar-36,,SANDIEGOZ,,,40840
,,,,,,,,,,,Death,,31-Dec-39,,SANDIEGOZ,,,40840
13,SANDIEGOZ,40841,Undetermined,,WILD,,,WILD,"5Y,9M,30D",,Birth/Hatch,,1-Mar-35,,Africa,,,-
,,,,,,,,,,,"Wild
Capture",,1-Mar-35,,Africa,,,-
,,,,,,,,,,,Transfer,,15-Mar-36,,SANDIEGOZ,,,40841
,,,,,,,,,,,Death,,31-Dec-40,,SANDIEGOZ,,,40841
14,SANDIEGOZ,40842,Undetermined,,WILD,,,WILD,"4Y,11M,0D",,Birth/Hatch,,1-Mar-35,,Africa,,,-
,,,,,,,,,,,Wild Capture,,1-Mar-35,,Africa,,,-
,,,,,,,,,,,Transfer,,15-Mar-36,,SANDIEGOZ,,,40842
,,,,,,,,,,,Death,,1-Feb-40,,SANDIEGOZ,,,40842
15,PHILADELP,L5,Undetermined,,WILD,,,WILD,"0Y,9M,7D",,Birth/Hatch,,"Jan 01, 1945 +/- 6 month",,Africa,,,-
,,,,,,,,,,,"Wild
Capture",,"Jan 01, 1945 +/- 6 month",,Africa,,,-
,,,,,,,,,,,Transfer,,10-Jul-45,,PHILADELP,,,L5
,,,,,,,,,,,Death,,8-Oct-45,,PHILADELP,,,L5
16,CHICAGOBR,18326,Male,,WILD,,,WILD,"12Y,10M,22D",,Birth/Hatch,,"Jan 01, 1947 +/- 7 year",,Africa,,,-
,,,,,,,,,,,"Wild
Capture",,"Jan 01, 1947 +/- 7 year",,Africa,,,-
,,,,,,,,,,,Transfer,,"Jul 01, 1948 +/- 6 month",,L RUHE,,,
,,,,,,,,,,,Transfer,,11-Nov-49,,CHICAGOBR,,,18326
,,,,,,,,,,,Death,,23-Nov-59,,CHICAGOBR,,,18326
17,ST LOUIS,63075,Male,,WILD,,,WILD,"24Y,0M,16D",,Birth/Hatch,,"Jul 01, 1951 +/- 6 month",,Africa,,,-
,,,,,,,,,,,"Wild
Capture",,"Jul 01, 1951 +/- 6 month",,Africa,,,-
,,,,,,,,,,,Transfer,,"Jul 01, 1957 +/- 6 month",,BROOKSVIL,,,
,,,,,,,,,,,Transfer,,1-Jan-63,,ST LOUIS,,,63075
,,,,,,,,,,,Death,,17-Jul-75,,ST LOUIS,,,63075
18,PHILADELP,L6,Male,,WILD,,,WILD,"6Y,8M,12D",,Birth/Hatch,,"Jan 01, 1952 +/- 6 month",,Africa,,,-
,,,,,,,,,,,"Wild
Capture",,"Jan 01, 1952 +/- 6 month",,Africa,,,-
,,,,,,,,,,,Transfer,,"Jan 01, 1952 +/- 6 month",,L RUHE,,,L6
,,,,,,,,,,,Transfer,,5-Sep-52,,PHILADELP,,,L6
,,,,,,,,,,,Death,,13-Sep-58,,PHILADELP,,,L6
19,PHILADELP,L7,Female,,WILD,,,WILD,"9Y,10M,9D",,Birth/Hatch,,"Jan 01, 1952 +/- 6 month",,Africa,,,-
,,,,,,,,,,,"Wild
Capture",,"Jan 01, 1952 +/- 6 month",,Africa,,,-
,,,,,,,,,,,Transfer,,"Jan 01, 1952 +/- 6 month",,L RUHE,,,
,,,,,,,,,,,Transfer,,5-Sep-52,,PHILADELP,,,L7
,,,,,,,,,,,Death,,10-Nov-61,,PHILADELP,,,L7
20,PHILADELP,L7A,Undetermined,,18,,,19,"0Y,0M,0D",,Birth/Hatch,,13-Jun-53,,PHILADELP,,,L7A
,,,,,,,,,,,Death,,13-Jun-53,,PHILADELP,,,L7A
21,PHILADELP,L7B,Undetermined,,18,,,19,"0Y,0M,0D",,Birth/Hatch,,13-Jun-53,,PHILADELP,,,L7B
,,,,,,,,,,,Death,,13-Jun-53,,PHILADELP,,,L7B
22,PHILADELP,L7C,Undetermined,,18,,,19,"0Y,0M,0D",,Birth/Hatch,,13-Jun-53,,PHILADELP,,,L7C
,,,,,,,,,,,Death,,13-Jun-53,,PHILADELP,,,L7C
23,PHILADELP,L7D,Undetermined,,18,,,19,"0Y,0M,0D",,Birth/Hatch,,13-Jun-53,,PHILADELP,,,L7D
,,,,,,,,,,,Death,,13-Jun-53,,PHILADELP,,,L7D
24,PROVIDNCE,34,Male,,WILD,,,WILD,"24Y,1M,4D",,Birth/Hatch,,"Jul 01, 1953 +/- 6 month",,Africa,,,-
,,,,,,,,,,,Wild Capture,,"Jul 15, 1953 +/- 2 year",,Africa,,,-
,,,,,,,,,,,Transfer,,"Jul 15, 1954 +/- 1 year",,UNDETERMI,,,
,,,,,,,,,,,Transfer,,1-Nov-65,,PROVIDNCE,,,34
,,,,,,,,,,,Death,,5-Aug-77,,PROVIDNCE,,,34
25,PROVIDNCE,35,Female,,WILD,,,WILD,"24Y,1M,4D",,Birth/Hatch,,"Jul 01, 1953 +/- 6 month",,Africa,,,-
,,,,,,,,,,,Wild Capture,,"Jul 01, 1953 +/- 6 month",,Africa,,,-
,,,,,,,,,,,Transfer,,"Jul 01, 1959 +/- 6 month",,BROOKSVIL,,,
,,,,,,,,,,,Transfer,,1-Mar-65,,PROVIDNCE,,,35
,,,,,,,,,,,Death,,5-Aug-77,,PROVIDNCE,,,35
26,L RUHE,,Male,,18,,,19,"1Y,10M,0D",,Birth/Hatch,,16-Jun-54,,PHILADELP,,,L8
,,,,,,,,,,,Transfer,,16-Apr-56,,L RUHE,,,
,,,,,,,,,,,GO LTF,,16-Apr-56,,L RUHE,,,
27,L RUHE,,Female,,18,,,19,"0Y,10M,12D",,Birth/Hatch,,4-Jun-55,,PHILADELP,,,L09
,,,,,,,,,,,Transfer,,16-Apr-56,,L RUHE,,,
,,,,,,,,,,,GO LTF,,16-Apr-56,,L RUHE,,,
28,L RUHE,,Male,,18,,,19,"0Y,10M,12D",,Birth/Hatch,,4-Jun-55,,PHILADELP,,,L10
,,,,,,,,,,,Transfer,,16-Apr-56,,L RUHE,,,
,,,,,,,,,,,GO LTF,,16-Apr-56,,L RUHE,,,
29,L RUHE,,Male,,18,,,19,"0Y,10M,12D",,Birth/Hatch,,4-Jun-55,,PHILADELP,,,L11
,,,,,,,,,,,Transfer,,16-Apr-56,,L RUHE,,,
,,,,,,,,,,,GO LTF,,16-Apr-56,,L RUHE,,,
30,PHILADELP,L12,Male,,18,,,19,"0Y,3M,1D",,Birth/Hatch,,23-May-56,,PHILADELP,,,L12
,,,,,,,,,,,Death,,24-Aug-56,,PHILADELP,,,L12
31,PHILADELP,L13,Male,,18,,,19,"9Y,4M,0D",,Birth/Hatch,,23-May-56,,PHILADELP,,,L13
,,,,,,,,,,,Death,,23-Sep-65,,PHILADELP,,,L13
32,PHILADELP,L14,Female,,18,,,19,"0Y,2M,25D",,Birth/Hatch,,23-May-56,,PHILADELP,,,L14
,,,,,,,,,,,Death,,17-Aug-56,,PHILADELP,,,L14
33,PHILADELP,L15,Female,,18,,,19,"9Y,4M,13D",,Birth/Hatch,,23-May-56,,PHILADELP,,,L15
,,,,,,,,,,,Death,,6-Oct-65,,PHILADELP,,,L15
34,CHICAGOBR,21733,Male,,UND,,,UND,"13Y,3M,7D",,Birth/Hatch,,"Jan 01, 1957 +/- 7 year",,Undetermined,,,-
,,,,,,,,,,,Transfer,,"Jan 01, 1960 +/- 9 year",,CHICAGOBR,,,21733
,,,,,,,,,,,Death,,8-Apr-70,,CHICAGOBR,,,21733
35,CHICAGOBR,21738,Female,,UND,,,UND,"4Y,4M,22D",,Birth/Hatch,,"Jan 01, 1957 +/- 7 year",,Undetermined,,,-
,,,,,,,,,,,Transfer,,"Jan 01, 1960 +/- 9 year",,CHICAGOBR,,,21738
,,,,,,,,,,,Death,,23-May-61,,CHICAGOBR,,,21738
36,CHICAGOBR,21739,Female,,UND,,,UND,"7Y,7M,26D",,Birth/Hatch,,"Jan 01, 1957 +/- 7 year",,Undetermined,,,-
,,,,,,,,,,,Transfer,,"Jan 01, 1960 +/- 9 year",,CHICAGOBR,,,21739
,,,,,,,,,,,Death,,27-Aug-64,,CHICAGOBR,,,21739
37,PHILADELP,L16,Male,,18,,,19,"0Y,4M,4D",,Birth/Hatch,,29-Apr-57,,PHILADELP,,,L16
,,,,,,,,,,,Death,,2-Sep-57,,PHILADELP,,,L16
38,PHILADELP,L17,Female,,18,,,19,"0Y,4M,2D",,Birth/Hatch,,29-Apr-57,,PHILADELP,,,L17
,,,,,,,,,,,Death,,31-Aug-57,,PHILADELP,,,L17
39,UNDETERMI,Undetermined,Female,,18,,,19,"1Y,5M,18D",,Birth/Hatch,,29-Apr-57,,PHILADELP,,,L18
,,,,,,,,,,,Transfer,,17-Oct-58,,UNDETERMI,,,Undetermined
,,,,,,,,,,,Transfer,,17-Oct-58,,UNDETERMI,,,
,,,,,,,,,,,GO LTF,,17-Oct-58,,UNDETERMI,,,Undetermined
40,CHICAGOBR,21731,Male,,UND,,,UND,"7Y,8M,1D",,Birth/Hatch,,"Jan 01, 1958 +/- 7 year",,Undetermined,,,-
,,,,,,,,,,,Transfer,,"Jan 01, 1960 +/- 9 year",,CHICAGOBR,,,21731
,,,,,,,,,,,Death,,2-Sep-65,,CHICAGOBR,,,21731
41,CHICAGOBR,21729,Female,,UND,,,UND,"9Y,9M,16D",,Birth/Hatch,,"Jan 01, 1958 +/- 7 year",,Undetermined,,,-
,,,,,,,,,,,Transfer,,"Jan 01, 1960 +/- 9 year",,CHICAGOBR,,,21729
,,,,,,,,,,,Death,,17-Oct-67,,CHICAGOBR,,,21729
42,CHICAGOBR,21730,Female,,UND,,,UND,"12Y,0M,24D",,Birth/Hatch,,"Jan 01, 1958 +/- 7 year",,Undetermined,,,-
,,,,,,,,,,,Transfer,,"Jan 01, 1960 +/- 9 year",,CHICAGOBR,,,21730
,,,,,,,,,,,Death,,25-Jan-70,,CHICAGOBR,,,21730
43,CHICAGOBR,21737,Undetermined,,UND,,,UND,"2Y,7M,4D",,Birth/Hatch,,"Jan 01, 1958 +/- 7 year",,Undetermined,,,-
,,,,,,,,,,,Transfer,,"Jan 01, 1960 +/- 9 year",,CHICAGOBR,,,21737
,,,,,,,,,,,Death,,5-Aug-60,,CHICAGOBR,,,21737
44,TRAILSIDE,,Male,,UND,,,UND,"13Y,8M,18D",,Birth/Hatch,,"Jan 01, 1958 +/- 2 year",,Undetermined,,,-
,,,,,,,,,,,Transfer,,"Jul 01, 1960 +/- 15 day",,CHICAGOBR,,,21727
,,,,,,,,,,,Transfer,,19-Sep-71,,TRAILSIDE,,,
,,,,,,,,,,,GO LTF,,19-Sep-71,,TRAILSIDE,,,
45,TRAILSIDE,,Female,,UND,,,UND,"13Y,8M,9D",,Birth/Hatch,,"Jan 01, 1958 +/- 2 year",,Undetermined,,,-
,,,,,,,,,,,Transfer,,"Jul 01, 1960 +/- 15 day",,CHICAGOBR,,,21728
,,,,,,,,,,,Transfer,,10-Sep-71,,TRAILSIDE,,,
,,,,,,,,,,,GO LTF,,10-Sep-71,,TRAILSIDE,,,
46,PRIVATE,,Female,,UND,,,UND,"0Y,6M,9D",,Birth/Hatch,,17-Mar-58,,PHILADELP,,,L19
,,,,,,,,,,,Transfer,,26-Sep-58,,PRIVATE,,,UNK
,,,,,,,,,,,Transfer,,26-Sep-58,,PRIVATE,,,
,,,,,,,,,,,GO LTF,,26-Sep-58,,PRIVATE,,,
47,CHICAGOLP,20,Male,,WILD,,,WILD,"16Y,6M,21D",,Birth/Hatch,,"Jan 01, 1959 +/- 6 month",,Africa,,,-
,,,,,,,,,,,"Wild
Capture",,"Jul 01, 1959 +/- 6 month",,Africa,,,-
,,,,,,,,,,,Transfer,,"Jul 01, 1960 +/- 6 month",,UNDETERMI,,,
,,,,,,,,,,,Transfer,,5-Dec-60,,CHICAGOLP,,,20
,,,,,,,,,,,Death,,22-Jul-75,,CHICAGOLP,,,20
48,NZP-WASH,27802A,Male,,UND,,,UND,"7Y,7M,13D",,Birth/Hatch,,Undetermined,,Undetermined,,,-
,,,,,,,,,,,Transfer,,"Jul 01, 1959 +/- 6 month",,L RUHE,,,
,,,,,,,,,,,Transfer,,15-Oct-59,,NZP-WASH,,,27802A
,,,,,,,,,,,Death,,14-Aug-66,,NZP-WASH,,,27802A
49,UNDETERMI,Undetermined,Female,,UND,,,UND,"9Y,2M,5D",,Birth/Hatch,,1-Jan-59,,Undetermined,,,-
,,,,,,,,,,,Transfer,,"Jul 01, 1959 +/- 6 month",,L RUHE,,,
,,,,,,,,,,,Transfer,,15-Oct-59,,NZP-WASH,,,27802B
,,,,,,,,,,,Transfer,,6-Mar-68,,UNDETERMI,,,Undetermined
,,,,,,,,,,,Transfer,,6-Mar-68,,UNDETERMI,,,
,,,,,,,,,,,GO LTF,,6-Mar-68,,UNDETERMI,,,Undetermined
50,CHICAGOBR,21732,Male,,UND,,,UND,"10Y,6M,25D",,Birth/Hatch,,"Jan 01, 1959 +/- 1 year",,Undetermined,,,-
,,,,,,,,,,,Transfer,,"Jan 01, 1960 +/- 9 year",,CHICAGOBR,,,21732
,,,,,,,,,,,Death,,26-Jul-69,,CHICAGOBR,,,21732
51,BUFFALO,M90597,Male,,UND,,,UND,"7Y,6M,16D",,Birth/Hatch,,Undetermined,,Undetermined,,,-
,,,,,,,,,,,Transfer,,"Jan 01, 1960 +/- 6 month",,ZEEHANDLR,,,
,,,,,,,,,,,Transfer,,29-Jul-60,,BUFFALO,,,M90597
,,,,,,,,,,,Death,,17-Jul-67,,BUFFALO,,,M90597
52,BUFFALO,M90598,Female,,UND,,,UND,"5Y,11M,27D",,Birth/Hatch,,Undetermined,,Undetermined,,,-
,,,,,,,,,,,Transfer,,"Jan 01, 1960 +/- 6 month",,ZEEHANDLR,,,
,,,,,,,,,,,Transfer,,29-Jul-60,,BUFFALO,,,M90598
,,,,,,,,,,,Death,,28-Dec-65,,BUFFALO,,,M90598
53,SANDIEGOZ,40843,Male,,UND,,,UND,"5Y,4M,23D",,Birth/Hatch,,1-Jan-60,,Undetermined,,,-
,,,,,,,,,,,Transfer,,"Jul 01, 1960 +/- 6 month",,ZEEHANDLR,,,
,,,,,,,,,,,Transfer,,1-Jun-61,,SANDIEGOZ,,,40843
,,,,,,,,,,,Death,,24-May-65,,SANDIEGOZ,,,40843
54,SANDIEGOZ,40844,Female,,UND,,,UND,"11Y,6M,7D",,Birth/Hatch,,1-Jan-60,,Undetermined,,,-
,,,,,,,,,,,Transfer,,"Jul 01, 1960 +/- 6 month",,ZEEHANDLR,,,
,,,,,,,,,,,Transfer,,1-Jun-61,,SANDIEGOZ,,,40844
,,,,,,,,,,,Death,,8-Jul-71,,SANDIEGOZ,,,40844
55,CINCINNAT,,Male,,UND,,,UND,"8Y,1M,20D",,Birth/Hatch,,6-Sep-61,,Undetermined,,,-
,,,,,,,,,,,Transfer,,"Jan 01, 1969 +/- 6 month",,PRIVATE,,,
,,,,,,,,,,,Transfer,,"Jul 01, 1969 +/- 6 month",,CINCINNAT,,,
,,,,,,,,,,,Death,,26-Oct-69,,CINCINNAT,,,
56,SANDIEGOZ,40845,Male,,53,,,54,"0Y,0M,0D",,Birth/Hatch,,14-Apr-62,,SANDIEGOZ,,,40845
,,,,,,,,,,,Death,,14-Apr-62,,SANDIEGOZ,,,40845
57,SANDIEGOZ,40846,Male,,53,,,54,"0Y,0M,0D",,Birth/Hatch,,14-Apr-62,,SANDIEGOZ,,,40846
,,,,,,,,,,,Death,,14-Apr-62,,SANDIEGOZ,,,40846
58,SANDIEGOZ,40847,Male,,53,,,54,"0Y,0M,0D",,Birth/Hatch,,14-Apr-62,,SANDIEGOZ,,,40847
,,,,,,,,,,,Death,,14-Apr-62,,SANDIEGOZ,,,40847
59,SANDIEGOZ,40848,Undetermined,,53,,,54,"0Y,0M,0D",,Birth/Hatch,,14-Apr-62,,SANDIEGOZ,,,40848
,,,,,,,,,,,Death,,14-Apr-62,,SANDIEGOZ,,,40848
60,CALGARY,,Female,,UND,,,UND,"5Y,1M,4D",,Birth/Hatch,,"Jul 01, 1962 +/- 6 month",,Undetermined,,,-
,,,,,,,,,,,Transfer,,"Jul 01, 1963 +/- 6 month",,BROOKSVIL,,,
,,,,,,,,,,,Transfer,,1-Dec-64,,EVANSVLLE,,,M00292
,,,,,,,,,,,Transfer,,10-Apr-67,,CALGARY,,,
,,,,,,,,,,,Death,,5-Aug-67,,CALGARY,,,
61,FRESNO,1756,Male,,UND,,,UND,"2Y,8M,17D",,Birth/Hatch,,Undetermined,,Undetermined,,,-
,,,,,,,,,,,Transfer,,"May 01, 1963 +/-
6 month",,ZEEHANDLR,,,
,,,,,,,,,,,Transfer,,16-Oct-63,,FRESNO,,,1756
,,,,,,,,,,,Death,,18-Sep-65,,FRESNO,,,1756
62,FRESNO,1757,Female,,UND,,,UND,"2Y,2M,2D",,Birth/Hatch,,Undetermined,,Undetermined,,,-
,,,,,,,,,,,Transfer,,"May 01, 1963 +/-
6 month",,ZEEHANDLR,,,
,,,,,,,,,,,Transfer,,16-Oct-63,,FRESNO,,,1757
,,,,,,,,,,,Death,,3-Mar-65,,FRESNO,,,1757
63,FRESNO,1758,Female,,UND,,,UND,"4Y,3M,16D",,Birth/Hatch,,Undetermined,,Undetermined,,,-
,,,,,,,,,,,Transfer,,"May 01, 1963 +/-
6 month",,ZEEHANDLR,,,
,,,,,,,,,,,Transfer,,16-Oct-63,,FRESNO,,,1758
,,,,,,,,,,,Death,,17-Apr-67,,FRESNO,,,1758
64,DETROIT,H00203,Female,,UND,,,UND,"8Y,7M,29D",,Birth/Hatch,,Undetermined,,Undetermined,,,-
,,,,,,,,,,,Transfer,,"Jul 01, 1963 +/- 6 month",,SOUTHWICK,,,
,,,,,,,,,,,Transfer,,16-Jul-63,,DETROIT,,,H00203
,,,,,,,,,,,Death,,30-Aug-71,,DETROIT,,,H00203
65,DETROIT,H00202,Male,,UND,,,UND,"8Y,8M,10D",,Birth/Hatch,,Undetermined,,Undetermined,,,-
,,,,,,,,,,,Transfer,,"Jul 01, 1963 +/- 6 month",,SOUTHWICK,,,
,,,,,,,,,,,Transfer,,16-Jul-63,,DETROIT,,,H00202
,,,,,,,,,,,Death,,11-Sep-71,,DETROIT,,,H00202
66,MADISON,,Male,,UND,,,UND,"15Y,0M,29D",,Birth/Hatch,,Undetermined,,Undetermined,,,-
,,,,,,,,,,,Transfer,,"Oct 17, 1963 +/- 15 day",,MADISON,,,
,,,,,,,,,,,Death,,30-Jan-78,,MADISON,,,
67,CHICAGOLP,53,Female,,UND,,,UND,"8Y,6M,22D",,Birth/Hatch,,Undetermined,,Undetermined,,,-
,,,,,,,,,,,Transfer,,16-Oct-63,,CHICAGOLP,,,53
,,,,,,,,,,,Death,,23-Jul-71,,CHICAGOLP,,,53
68,CHICAGOLP,54,Female,,UND,,,UND,"8Y,6M,19D",,Birth/Hatch,,Undetermined,,Undetermined,,,-
,,,,,,,,,,,Transfer,,16-Oct-63,,CHICAGOLP,,,54
,,,,,,,,,,,Death,,20-Jul-71,,CHICAGOLP,,,54
69,CHICAGOLP,55,Female,,UND,,,UND,"8Y,6M,22D",,Birth/Hatch,,Undetermined,,Undetermined,,,-
,,,,,,,,,,,Transfer,,16-Oct-63,,CHICAGOLP,,,55
,,,,,,,,,,,Death,,23-Jul-71,,CHICAGOLP,,,55
70,CINCINNAT,,Male,,UND,,,UND,"11Y,0M,18D",,Birth/Hatch,,"Jan 01, 1963 +/- 6 month",,Undetermined,,,-
,,,,,,,,,,,Transfer,,"Nov 01, 1963 +/- 15 day",,PRIVATE,,,
,,,,,,,,,,,Transfer,,10-Nov-63,,CINCINNAT,,,
,,,,,,,,,,,Death,,19-Jan-74,,CINCINNAT,,,
71,CINCINNAT,,Female,,UND,,,UND,"11Y,0M,0D",,Birth/Hatch,,Undetermined,,Undetermined,,,-
,,,,,,,,,,,Transfer,,"Jul 01, 1963 +/- 6 month",,PRIVATE,,,
,,,,,,,,,,,Transfer,,13-Oct-63,,CINCINNAT,,,
,,,,,,,,,,,Death,,"Jan 01, 1974 +/- 3 year",,CINCINNAT,,,
72,CINCINNAT,,Female,,UND,,,UND,"7Y,3M,14D",,Birth/Hatch,,Undetermined,,Undetermined,,,-
,,,,,,,,,,,Transfer,,"Jul 01, 1963 +/- 6 month",,PRIVATE,,,
,,,,,,,,,,,Transfer,,13-Oct-63,,CINCINNAT,,,
,,,,,,,,,,,Death,,15-Apr-70,,CINCINNAT,,,
73,VICTOR TX,,Male,,UND,,,UND,"4Y,2M,13D",,Birth/Hatch,,"Jul 01, 1963 +/- 6 month",,Undetermined,,,-
,,,,,,,,,,,Transfer,,"Jul 01, 1964 +/- 6 month",,BROOKSVIL,,,
,,,,,,,,,,,Transfer,,31-Oct-64,,EVANSVLLE,,,M00290
,,,,,,,,,,,Transfer,,14-Sep-67,,VICTOR TX,,,
,,,,,,,,,,,GO LTF,,14-Sep-67,,VICTOR TX,,,
74,VICTOR TX,,Female,,UND,,,UND,"4Y,2M,13D",,Birth/Hatch,,"Jul 01, 1963 +/- 6 month",,Undetermined,,,-
,,,,,,,,,,,Transfer,,"Jul 01, 1964 +/- 6 month",,BROOKSVIL,,,
,,,,,,,,,,,Transfer,,31-Oct-64,,EVANSVLLE,,,M00291
,,,,,,,,,,,Transfer,,14-Sep-67,,VICTOR TX,,,
,,,,,,,,,,,GO LTF,,14-Sep-67,,VICTOR TX,,,
75,PRIVATE,,Female,,UND,,,UND,"3Y,0M,4D",,Birth/Hatch,,"Jan 01, 1964 +/- 6 month",,Undetermined,,,-
,,,,,,,,,,,Transfer,,30-Mar-64,,CINCINNAT,,,
,,,,,,,,,,,Transfer,,5-Jan-67,,PRIVATE,,,
,,,,,,,,,,,GO LTF,,5-Jan-67,,PRIVATE,,,
76,SANDIEGOZ,40849,Undetermined,,53,,,54,"0Y,0M,1D",,Birth/Hatch,,3-Apr-64,,SANDIEGOZ,,,40849
,,,,,,,,,,,Death,,4-Apr-64,,SANDIEGOZ,,,40849
77,PHOENIX,86,Female,,UND,,,UND,"10Y,1M,22D",,Birth/Hatch,,Undetermined,,Undetermined,,,-
,,,,,,,,,,,Transfer,,"Jul 01, 1965 +/- 6 month",,PRIVATE,,,
,,,,,,,,,,,Transfer,,16-Sep-65,,PHOENIX,,,86
,,,,,,,,,,,Death,,23-Feb-75,,PHOENIX,,,86
78,BUFFALO,M90599,Female,,UND,,,UND,"9Y,9M,24D",,Birth/Hatch,,Undetermined,,Undetermined,,,-
,,,,,,,,,,,Transfer,,"Jul 01, 1965 +/- 6 month",,PET FARM,,,
,,,,,,,,,,,Transfer,,20-Jan-66,,BUFFALO,,,M90599
,,,,,,,,,,,Death,,25-Oct-74,,BUFFALO,,,M90599
79,PHOENIX,85,Male,,UND,,,UND,"11Y,6M,23D",,Birth/Hatch,,"Mar 01, 1965 +/- 15 day",,Undetermined,,,-
,,,,,,,,,,,Transfer,,"Jul 01, 1965 +/- 6 month",,PRIVATE,,,
,,,,,,,,,,,Transfer,,16-Sep-65,,PHOENIX,,,85
,,,,,,,,,,,Death,,24-Sep-76,,PHOENIX,,,85
80,PHOENIX,2701,Male,,UND,,,UND,"13Y,9M,11D",,Birth/Hatch,,"Mar 16, 1965 +/- 6 month",,Undetermined,,,-
,,,,,,,,,,,Transfer,,"Jul 01, 1971 +/- 6 month",,FERNDALE,,,
,,,,,,,,,,,Transfer,,10-Nov-78,,PHOENIX,,,2701
,,,,,,,,,,,Death,,27-Dec-78,,PHOENIX,,,2701
81,PHOENIX,2702,Female,,UND,,,UND,"13Y,8M,16D",,Birth/Hatch,,"Mar 16, 1965 +/- 6 month",,Undetermined,,,-
,,,,,,,,,,,Transfer,,"Jul 01, 1971 +/- 6 month",,FERNDALE,,,
,,,,,,,,,,,Transfer,,10-Nov-78,,PHOENIX,,,2702
,,,,,,,,,,,Death,,2-Dec-78,,PHOENIX,,,2702
82,SANDIEGOZ,40850,Undetermined,,53,,,54,"0Y,0M,7D",,Birth/Hatch,,11-Apr-65,,SANDIEGOZ,,,40850
,,,,,,,,,,,Death,,18-Apr-65,,SANDIEGOZ,,,40850
83,DETROIT,H00204,Undetermined,,65,,,64,"0Y,0M,26D",,Birth/Hatch,,20-May-65,,DETROIT,,,H00204
,,,,,,,,,,,Death,,"Jun 15, 1965 +/- 1 day",,DETROIT,,,H00204
84,DETROIT,H00205,Undetermined,,65,,,64,"0Y,0M,26D",,Birth/Hatch,,20-May-65,,DETROIT,,,H00205
,,,,,,,,,,,Death,,"Jun 15, 1965 +/- 1 day",,DETROIT,,,H00205
85,DETROIT,H00206,Undetermined,,65,,,64,"0Y,0M,9D",,Birth/Hatch,,20-May-65,,DETROIT,,,H00206
,,,,,,,,,,,Death,,29-May-65,,DETROIT,,,H00206
86,BUFFALO,90010,Male,,WILD,,,WILD,"3Y,0M,2D",,Birth/Hatch,,"Dec 01, 1965 +/- 15 day",,"Egypt / Al Fayyum (ar)
(governorate) (EG)",,,-
,,,,,,,,,,,Wild Capture,,"Dec 08, 1965 +/- 1 day",,"Egypt / Al Fayyum (ar) (governorate)
(EG)",,,-
,,,,,,,,,,,Transfer,,"Jan 01, 1966 +/- 6 month",,NZP-WASH,,,31611
,,,,,,,,,,,Transfer,,12-Mar-68,,BUFFALO,,,90010
,,,,,,,,,,,Death,,3-Dec-68,,BUFFALO,,,90010
87,FRESNO,1759,Male,,WILD,,,WILD,"1Y,7M,21D",,Birth/Hatch,,"Dec 08, 1965 +/- 1 day",,"Egypt / Al Fayyum (ar) (governorate)
(EG)",,,-
,,,,,,,,,,,Wild Capture,,"Dec 08, 1965 +/- 1 day",,"Egypt / Al Fayyum (ar)
(governorate) (EG)",,,-
,,,,,,,,,,,Transfer,,9-Jun-66,,NZP-WASH,,,31610
,,,,,,,,,,,Transfer,,15-Sep-66,,FRESNO,,,1759
,,,,,,,,,,,Death,,29-Jul-67,,FRESNO,,,1759
88,SANDIEGOZ,169247,Male,,WILD,,,WILD,"3Y,7M,16D",,Birth/Hatch,,1-Jan-66,,Africa,,,-
,,,,,,,,,,,"Wild
Capture",,Undetermined,,Africa,,,-
,,,,,,,,,,,Transfer,,"Apr 01, 1969 +/- 6 month",,ZEEHANDLR,,,
,,,,,,,,,,,Transfer,,7-Aug-69,,SANDIEGOZ,,,169247
,,,,,,,,,,,Death,,17-Aug-69,,SANDIEGOZ,,,169247
89,PALM DES,4824,Male,,WILD,,,WILD,"17Y,2M,18D",,Birth/Hatch,,1-Jan-66,,Africa,,,-
,,,,,,,,,,,"Wild
Capture",,Undetermined,,Africa,,,-
,,,,,,,,,,,Transfer,,"Apr 01, 1969 +/- 6 month",,ZEEHANDLR,,,
,,,,,,,,,,,Transfer,,7-Aug-69,,SANDIEGOZ,,,169248
,,,,,,,,,,,Transfer,,25-Jan-82,,PALM DES,,,4824
,,,,,,,,,,,Death,,19-Mar-83,,PALM DES,,,4824
90,PALM DES,4825,Female,,WILD,,,WILD,"16Y,9M,0D",,Birth/Hatch,,1-Jan-66,,Africa,,,-
,,,,,,,,,,,"Wild
Capture",,Undetermined,,Africa,,,-
,,,,,,,,,,,Transfer,,"Apr 01, 1969 +/- 6 month",,ZEEHANDLR,,,
,,,,,,,,,,,Transfer,,7-Aug-69,,SANDIEGOZ,,,169251
,,,,,,,,,,,Transfer,,25-Jan-82,,PALM DES,,,4825
,,,,,,,,,,,Death,,1-Oct-82,,PALM DES,,,4825
91,SUNRISE,,Male,,WILD,,,WILD,"2Y,2M,5D",,Birth/Hatch,,"Jan 01, 1966 +/- 6 month",,"Egypt / Al Bu?ayrah (ar) (governorate)
(EG)",,,-
,,,,,,,,,,,Wild Capture,,"Jan 01, 1966 +/- 6 month",,"Egypt / Al Bu?ayrah (ar) (governorate)
(EG)",,,-
,,,,,,,,,,,Transfer,,9-Jun-66,,NZP-WASH,,,31609
,,,,,,,,,,,Transfer,,6-Mar-68,,SUNRISE,,,
,,,,,,,,,,,GO LTF,,6-Mar-68,,SUNRISE,,,
92,SANDIEGOZ,169244,Male,,WILD,,,WILD,"3Y,8M,16D",,Birth/Hatch,,1-Jan-66,,Africa,,,-
,,,,,,,,,,,Wild Capture,,Undetermined,,Africa,,,-
,,,,,,,,,,,Transfer,,"Apr 01, 1969 +/- 6 month",,ZEEHANDLR,,,
,,,,,,,,,,,Transfer,,7-Aug-69,,SANDIEGOZ,,,169244
,,,,,,,,,,,Death,,17-Sep-69,,SANDIEGOZ,,,169244
93,SANDIEGOZ,169245,Male,,WILD,,,WILD,"3Y,8M,25D",,Birth/Hatch,,1-Jan-66,,Africa,,,-
,,,,,,,,,,,Wild Capture,,"Jan 01, 1969 +/- 6 month",,Africa,,,-
,,,,,,,,,,,Transfer,,"Jul 01, 1969 +/- 6 month",,ZEEHANDLR,,,
,,,,,,,,,,,Transfer,,7-Aug-69,,SANDIEGOZ,,,169245
,,,,,,,,,,,Death,,26-Sep-69,,SANDIEGOZ,,,169245
94,SANDIEGOZ,169246,Male,,WILD,,,WILD,"14Y,1M,5D",,Birth/Hatch,,1-Jan-66,,Africa,,,-
,,,,,,,,,,,"Wild
Capture",,Undetermined,,Africa,,,-
,,,,,,,,,,,Transfer,,"Jul 01, 1969 +/- 6 month",,ZEEHANDLR,,,
,,,,,,,,,,,Transfer,,7-Aug-69,,SANDIEGOZ,,,169246
,,,,,,,,,,,Death,,6-Feb-80,,SANDIEGOZ,,,169246
95,SANDIEGOZ,169249,Female,,WILD,,,WILD,"3Y,7M,16D",,Birth/Hatch,,1-Jan-66,,Africa,,,-
,,,,,,,,,,,"Wild
Capture",,Undetermined,,Africa,,,-
,,,,,,,,,,,Transfer,,"Jul 01, 1969 +/- 6 month",,ZEEHANDLR,,,
,,,,,,,,,,,Transfer,,7-Aug-69,,SANDIEGOZ,,,169249
,,,,,,,,,,,Death,,17-Aug-69,,SANDIEGOZ,,,169249
96,SANDIEGOZ,169250,Female,,WILD,,,WILD,"3Y,7M,16D",,Birth/Hatch,,1-Jan-66,,Africa,,,-
,,,,,,,,,,,"Wild
Capture",,"Jan 01, 1966 +/- 6 month",,Africa,,,-
,,,,,,,,,,,Transfer,,"Aug 01, 1969 +/- 15 day",,ZEEHANDLR,,,
,,,,,,,,,,,Transfer,,7-Aug-69,,SANDIEGOZ,,,169250
,,,,,,,,,,,Death,,17-Aug-69,,SANDIEGOZ,,,169250
97,PITTSBURG,127,Male,,UND,,,UND,"13Y,11M,23D",,Birth/Hatch,,"Jan 09, 1966 +/- 1 day",,Undetermined,,,-
,,,,,,,,,,,Transfer,,"Jul 01, 1968 +/- 6 month",,ZEEHANDLR,,,
,,,,,,,,,,,Transfer,,10-Jan-71,,PITTSBURG,,,127
,,,,,,,,,,,Death,,1-Jan-80,,PITTSBURG,,,127
98,HOUSTON,282,Female,,UND,,,UND,"8Y,1M,3D",,Birth/Hatch,,31-Jan-66,,HOUSTON,,,282
,,,,,,,,,,,Death,,3-Mar-74,,HOUSTON,,,282
99,PHILADELP,100170,Male,,UND,,,UND,"12Y,2M,24D",,Birth/Hatch,,"Nov 09, 1966 +/- 1 day",,Undetermined,,,-
,,,,,,,,,,,Transfer,,"Jul 01, 1967 +/- 6 month",,BROOKSVIL,,,
,,,,,,,,,,,Transfer,,10-Nov-67,,PHILADELP,,,100170
,,,,,,,,,,,Death,,2-Feb-79,,PHILADELP,,,100170
100,PHILADELP,100171,Female,,UND,,,UND,"12Y,10M,1D",,Birth/Hatch,,"Nov 09, 1966 +/- 1 day",,Undetermined,,,-
,,,,,,,,,,,Transfer,,"Jul 01, 1967 +/- 6 month",,BROOKSVIL,,,
,,,,,,,,,,,Transfer,,10-Nov-67,,PHILADELP,,,100171
,,,,,,,,,,,Death,,10-Sep-79,,PHILADELP,,,100171
101,CALGARY,100409,Female,,UND,,,UND,"10Y,6M,6D",,Birth/Hatch,,"Nov 10, 1966 +/- 1 day",,Undetermined,,,-
,,,,,,,,,,,Transfer,,"Jul 01, 1967 +/- 6 month",,V.D.BRINK,,,
,,,,,,,,,,,Transfer,,11-Nov-67,,CALGARY,,,100409
,,,,,,,,,,,Death,,16-May-77,,CALGARY,,,100409
102,FT WAYNE,669,Male,,WILD,,,WILD,"10Y,7M,4D",,Birth/Hatch,,"Jan 01, 1967 +/- 6 month",,Africa,,,-
,,,,,,,,,,,"Wild
Capture",,"Jul 01, 1967 +/- 6 month",,Africa,,,-
,,,,,,,,,,,Transfer,,"Jul 01, 1968 +/- 6 month",,BROOKSVIL,,,
,,,,,,,,,,,Transfer,,9-Jul-69,,CHICAGOLP,,,1091
,,,,,,,,,,,Transfer,,19-Jan-76,,FT WAYNE,,,669
,,,,,,,,,,,Death,,5-Aug-77,,FT WAYNE,,,669
103,SANDIEGOZ,170232,Female,,UND,,,UND,"9Y,6M,7D",,Birth/Hatch,,"Jul 01, 1967 +/- 6 month",,Undetermined,,,-
,,,,,,,,,,,Transfer,,"Jul 01, 1968 +/- 6 month",,PRIVATE,,,UNK
,,,,,,,,,,,Transfer,,9-Oct-70,,SANDIEGOZ,,,170232
,,,,,,,,,,,Death,,8-Jan-77,,SANDIEGOZ,,,170232
104,ROCHESTER,104294,Male,,UND,,,UND,"2Y,2M,9D",,Birth/Hatch,,"Feb 26, 1968 +/- 1 day",,Undetermined,,,-
,,,,,,,,,,,Transfer,,1-Aug-68,,SOUTHWICK,,,
,,,,,,,,,,,Transfer,,27-Aug-68,,ROCHESTER,,,104294
,,,,,,,,,,,Death,,5-May-70,,ROCHESTER,,,104294
105,PRIVATE,,Male,,UND,,,UND,"2Y,3M,14D",,Birth/Hatch,,"Feb 26, 1968 +/- 1 day",,Undetermined,,,-
,,,,,,,,,,,Transfer,,1-Aug-68,,SOUTHWICK,,,
,,,,,,,,,,,Transfer,,27-Aug-68,,ROCHESTER,,,104295
,,,,,,,,,,,Transfer,,9-Jun-70,,PRIVATE,,,
,,,,,,,,,,,GO LTF,,9-Jun-70,,PRIVATE,,,
106,BUSCH TAM,15176,Male,,UND,,,UND,"8Y,1M,21D",,Birth/Hatch,,"Jul 01, 1968 +/- 6 month",,Undetermined,,,-
,,,,,,,,,,,Transfer,,"Jan 01, 1970 +/- 6 month",,ZEEHANDLR,,,
,,,,,,,,,,,Transfer,,23-Sep-70,,BUSCH TAM,,,15176
,,,,,,,,,,,Death,,22-Aug-76,,BUSCH TAM,,,15176
107,BUSCH TAM,15177,Female,,UND,,,UND,"8Y,5M,18D",,Birth/Hatch,,"Jul 01, 1968 +/- 6 month",,Undetermined,,,-
,,,,,,,,,,,Transfer,,"Jan 01, 1969 +/- 6 month",,ZEEHANDLR,,,
,,,,,,,,,,,Transfer,,23-Sep-70,,BUSCH TAM,,,15177
,,,,,,,,,,,Death,,19-Dec-76,,BUSCH TAM,,,15177
108,BUSCH TAM,15178,Female,,UND,,,UND,"15Y,5M,21D",,Birth/Hatch,,"Jul 01, 1968 +/- 6 month",,Undetermined,,,-
,,,,,,,,,,,Transfer,,"Jan 01, 1969 +/- 6 month",,ZEEHANDLR,,,
,,,,,,,,,,,Transfer,,23-Sep-70,,BUSCH TAM,,,15178
,,,,,,,,,,,Death,,22-Dec-83,,BUSCH TAM,,,15178
109,SAN ANTON,700901,Female,,WILD,,,WILD,"14Y,9M,25D",,Birth/Hatch,,"Sep 09, 1968 +/- 1 day",,Africa,,,-
,,,,,,,,,,,Wild Capture,,"Sep 09, 1968 +/- 1 day",,Africa,,,-
,,,,,,,,,,,Transfer,,"Jul 15, 1969 +/- 6 month",,ZEEHANDLR,,,
,,,,,,,,,,,Transfer,,10-Sep-70,,SAN ANTON,,,700901
,,,,,,,,,,,Death,,4-Jul-83,,SAN ANTON,,,700901
110,SAN ANTON,700902,Male,,WILD,,,WILD,"3Y,0M,0D",,Birth/Hatch,,"Jul 15, 1968 +/- 1 year",,Africa,,,-
,,,,,,,,,,,Wild Capture,,"Jul 15, 1968 +/- 1 year",,Africa,,,-
,,,,,,,,,,,Transfer,,"Jul 15, 1970 +/- 6 month",,ZEEHANDLR,,,
,,,,,,,,,,,Transfer,,10-Sep-70,,SAN ANTON,,,700902
,,,,,,,,,,,Death,,"Jul 15, 1971 +/- 6 month",,SAN ANTON,,,700902
111,SAN ANTON,700903,Male,,WILD,,,WILD,"10Y,5M,29D",,Birth/Hatch,,"Jul 15, 1968 +/- 1 year",,Africa,,,-
,,,,,,,,,,,Wild Capture,,"Jul 15, 1968 +/- 1 year",,Africa,,,-
,,,,,,,,,,,Transfer,,"Jul 15, 1970 +/- 6 month",,ZEEHANDLR,,,
,,,,,,,,,,,Transfer,,10-Sep-70,,SAN ANTON,,,700903
,,,,,,,,,,,Death,,13-Jan-79,,SAN ANTON,,,700903
112,SAN ANTON,700904,Female,,WILD,,,WILD,"2Y,2M,13D",,Birth/Hatch,,"Jul 15, 1968 +/- 1 year",,Africa,,,-
,,,,,,,,,,,"Wild
Capture",,"Jul 15, 1968 +/- 1 year",,Africa,,,-
,,,,,,,,,,,Transfer,,"Jul 15, 1970 +/- 6 month",,ZEEHANDLR,,,
,,,,,,,,,,,Transfer,,10-Sep-70,,SAN ANTON,,,700904
,,,,,,,,,,,Death,,28-Sep-70,,SAN ANTON,,,700904
113,SAN ANTON,700905,Female,,WILD,,,WILD,"3Y,0M,0D",,Birth/Hatch,,"Jul 15, 1968 +/- 1 year",,Africa,,,-
,,,,,,,,,,,"Wild
Capture",,"Jul 15, 1968 +/- 1 year",,Africa,,,-
,,,,,,,,,,,Transfer,,"Jul 15, 1970 +/- 6 month",,ZEEHANDLR,,,
,,,,,,,,,,,Transfer,,10-Sep-70,,SAN ANTON,,,700905
,,,,,,,,,,,Death,,"Jul 15, 1971 +/- 6 month",,SAN ANTON,,,700905
114,SAN ANTON,701010,Male,,WILD,,,WILD,"14Y,3M,12D",,Birth/Hatch,,"Oct 19, 1968 +/- 1 day",,Africa,,,-
,,,,,,,,,,,"Wild
Capture",,"Oct 19, 1968 +/- 1 day",,Africa,,,-
,,,,,,,,,,,Transfer,,"Jul 15, 1969 +/- 6 month",,ZEEHANDLR,,,
,,,,,,,,,,,Transfer,,20-Oct-70,,SAN ANTON,,,701010
,,,,,,,,,,,Death,,31-Jan-83,,SAN ANTON,,,701010
115,SAN ANTON,701009,Female,,WILD,,,WILD,"3Y,0M,0D",,Birth/Hatch,,"Jul 15, 1968 +/- 1 year",,Africa,,,-
,,,,,,,,,,,Wild Capture,,"Jul 15, 1968 +/- 1 year",,Africa,,,-
,,,,,,,,,,,Transfer,,"Jul 15, 1970 +/- 6 month",,ZEEHANDLR,,,
,,,,,,,,,,,Transfer,,20-Oct-70,,SAN ANTON,,,701009
,,,,,,,,,,,Death,,"Jul 15, 1971 +/- 6 month",,SAN ANTON,,,701009
116,PITTSBURG,128,Female,,UND,,,UND,"12Y,7M,4D",,Birth/Hatch,,"Nov 16, 1968 +/- 1 day",,Undetermined,,,-
,,,,,,,,,,,Transfer,,"Jul 01, 1969 +/- 6 month",,ZEEHANDLR,,,
,,,,,,,,,,,Transfer,,16-Nov-72,,PITTSBURG,,,128
,,,,,,,,,,,Death,,20-Jun-81,,PITTSBURG,,,128
117,PITTSBURG,129,Female,,UND,,,UND,"13Y,11M,23D",,Birth/Hatch,,"Nov 16, 1968 +/- 1 day",,Undetermined,,,-
,,,,,,,,,,,Transfer,,"Jul 01, 1969 +/- 6 month",,ZEEHANDLR,,,
,,,,,,,,,,,Transfer,,16-Nov-72,,PITTSBURG,,,129
,,,,,,,,,,,Death,,8-Nov-82,,PITTSBURG,,,129
118,NAFTZINGE,,Male,,UND,,,UND,"14Y,1M,18D",,Birth/Hatch,,"Dec 31, 1968 +/- 1 day",,Undetermined,,,-
,,,,,,,,,,,Transfer,,"Jul 01, 1970 +/- 6 month",,CHASE B,,,
,,,,,,,,,,,Transfer,,"Jan 01, 1972 +/- 1 day",,METROZOO,,,250
,,,,,,,,,,,Transfer,,"Jan 01, 1978 +/- 1 day",,NAFTZINGE,,,
,,,,,,,,,,,Death,,18-Feb-83,,NAFTZINGE,,,
119,MADISON,,Female,,UND,,,UND,"5Y,3M,24D",,Birth/Hatch,,Undetermined,,Undetermined,,,-
,,,,,,,,,,,Transfer,,"Apr 15, 1969 +/- 15 day",,SOUTHWICK,,,
,,,,,,,,,,,Transfer,,19-Jul-69,,MADISON,,,
,,,,,,,,,,,Death,,25-Apr-74,,MADISON,,,
120,HOUSTON,283,Female,,WILD,,,WILD,"12Y,7M,20D",,Birth/Hatch,,4-Jul-69,,ALGIERS,,,NONE
,,,,,,,,,,,"Wild
Capture",,4-Jul-69,,ALGIERS,,,NONE
,,,,,,,,,,,Transfer,,"Jul 01, 1970 +/- 6 month",,ZEEHANDLR,,,
,,,,,,,,,,,Transfer,,11-Sep-70,,HOUSTON,,,283
,,,,,,,,,,,Death,,24-Feb-82,,HOUSTON,,,283
121,HOUSTON,284,Male,,WILD,,,WILD,"15Y,4M,2D",,Birth/Hatch,,4-Jul-69,,ALGIERS,,,NONE
,,,,,,,,,,,"Wild
Capture",,4-Jul-69,,ALGIERS,,,NONE
,,,,,,,,,,,Transfer,,"Jul 01, 1970 +/- 6 month",,ZEEHANDLR,,,
,,,,,,,,,,,Transfer,,11-Sep-70,,HOUSTON,,,284
,,,,,,,,,,,Death,,6-Nov-84,,HOUSTON,,,284
122,HOUSTON,285,Female,,WILD,,,WILD,"11Y,3M,1D",,Birth/Hatch,,4-Jul-69,,ALGIERS,,,NONE
,,,,,,,,,,,"Wild
Capture",,4-Jul-69,,ALGIERS,,,NONE
,,,,,,,,,,,Transfer,,"Jul 01, 1970 +/- 6 month",,ZEEHANDLR,,,
,,,,,,,,,,,Transfer,,11-Sep-70,,HOUSTON,,,285
,,,,,,,,,,,Death,,5-Oct-80,,HOUSTON,,,285
123,BROWNSVIL,611,Female,,UND,,,UND,"10Y,4M,13D",,Birth/Hatch,,"Dec 04, 1969 +/- 1 day",,Undetermined,,,-
,,,,,,,,,,,Transfer,,"Jul 01, 1972 +/- 6 month",,WOKING,,,
,,,,,,,,,,,Transfer,,3-Dec-75,,BROWNSVIL,,,611
,,,,,,,,,,,Death,,17-Apr-80,,BROWNSVIL,,,611
124,ST LOUIS,73075,Male,,UND,,,UND,"12Y,6M,30D",,Birth/Hatch,,Undetermined,,Undetermined,,,-
,,,,,,,,,,,Transfer,,"Jul 01, 1971 +/- 6 month",,MEMPHIS,,,
,,,,,,,,,,,Transfer,,23-Aug-73,,ST LOUIS,,,73075
,,,,,,,,,,,Death,,31-Jul-82,,ST LOUIS,,,73075
125,NY BRONX,811235,Male,,WILD,,,WILD,"11Y,7M,23D",,Birth/Hatch,,1-Jan-70,,Africa,,,-
,,,,,,,,,,,Wild Capture,,"Jul 01, 1970 +/- 6 month",,Africa,,,-
,,,,,,,,,,,Transfer,,"Jul 01, 1971 +/- 6 month",,SPINELLI,,,
,,,,,,,,,,,Transfer,,10-Aug-71,,CHICAGOLP,,,1823
,,,,,,,,,,,Transfer,,1-Jul-81,,NY BRONX,,,811235
,,,,,,,,,,,Death,,24-Aug-81,,NY BRONX,,,811235
126,CHICAGOBR,21723,Male,,UND,,,UND,"15Y,0M,26D",,Birth/Hatch,,"Jan 01, 1970 +/- 2 year",,Undetermined,,,-
,,,,,,,,,,,Transfer,,"Jan 01, 1971 +/- 6 month",,ZEEHANDLR,,,
,,,,,,,,,,,Transfer,,3-Aug-71,,CHICAGOBR,,,21723
,,,,,,,,,,,Death,,27-Jan-85,,CHICAGOBR,,,21723
127,CHICAGOBR,21724,Female,,UND,,,UND,"14Y,0M,18D",,Birth/Hatch,,"Jan 01, 1970 +/- 2 year",,Undetermined,,,-
,,,,,,,,,,,Transfer,,"Jan 01, 1971 +/- 6 month",,ZEEHANDLR,,,
,,,,,,,,,,,Transfer,,3-Aug-71,,CHICAGOBR,,,21724
,,,,,,,,,,,Death,,19-Jan-84,,CHICAGOBR,,,21724
128,CHICAGOBR,21725,Male,,UND,,,UND,"12Y,7M,10D",,Birth/Hatch,,"Jan 01, 1970 +/- 2 year",,Undetermined,,,-
,,,,,,,,,,,Transfer,,"Jan 01, 1971 +/- 6 month",,ZEEHANDLR,,,
,,,,,,,,,,,Transfer,,3-Aug-71,,CHICAGOBR,,,21725
,,,,,,,,,,,Death,,11-Aug-82,,CHICAGOBR,,,21725
129,CHICAGOBR,21726,Female,,UND,,,UND,"12Y,0M,22D",,Birth/Hatch,,"Jan 01, 1970 +/- 2 year",,Undetermined,,,-
,,,,,,,,,,,Transfer,,"Jan 01, 1971 +/- 6 month",,ZEEHANDLR,,,
,,,,,,,,,,,Transfer,,3-Aug-71,,CHICAGOBR,,,21726
,,,,,,,,,,,Death,,23-Jan-82,,CHICAGOBR,,,21726
130,BUFFALO,M90600,Male,,UND,,,UND,"4Y,9M,29D",,Birth/Hatch,,"Jan 01, 1970 +/- 6 month",,Undetermined,,,-
,,,,,,,,,,,Transfer,,"Jan 01, 1970 +/- 6 month",,SOUTHWICK,,,
,,,,,,,,,,,Transfer,,4-Jun-70,,BUFFALO,,,M90600
,,,,,,,,,,,Death,,30-Oct-74,,BUFFALO,,,M90600
131,ST LOUIS,,Female,,UND,,,UND,"3Y,7M,22D",,Birth/Hatch,,"Jan 01, 1970 +/- 6 month",,Undetermined,,,-
,,,,,,,,,,,Transfer,,"Feb 01, 1970 +/- 6 month",,MEMPHIS,,,
,,,,,,,,,,,Transfer,,23-Aug-73,,ST LOUIS,,,
,,,,,,,,,,,GO LTF,,23-Aug-73,,ST LOUIS,,,
132,NAFTZINGE,,Female,,807,,,806,"7Y,11M,7D",,Birth/Hatch,,4-Feb-75,,NAFTZINGE,,,
,,,,,,,,,,,Transfer,,11-Jan-83,,NAFTZINGE,,,
,,,,,,,,,,,GO LTF,,11-Jan-83,,NAFTZINGE,,,
133,NAFTZINGE,,Male,,UND,,,UND,"0Y,0M,0D",,Birth/Hatch,,Undetermined,,NAFTZINGE,,,
,,,,,,,,,,,GO LTF,,Undetermined,,NAFTZINGE,,,
134,NAFTZINGE,,Female,,387,,,809,"11Y,5M,26D",,Birth/Hatch,,12-Aug-84,,NAFTZINGE,,,
,,,,,,,,,,,Death,,7-Feb-96,,NAFTZINGE,,,
136,NAFTZINGE,,Male,,138,,,132,"4Y,6M,8D",,Birth/Hatch,,"Jan 01, 1980 +/- 6 month",,NAFTZINGE,,,
,,,,,,,,,,,Transfer,,"Jul 09, 1984 +/- 6 month",,NAFTZINGE,,,
,,,,,,,,,,,GO LTF,,"Jul 09, 1984 +/- 6 month",,NAFTZINGE,,,
137,NAFTZINGE,,Female,,807,,,806,"13Y,3M,13D",,Birth/Hatch,,"Jan 01, 1976 +/- 6 month",,NAFTZINGE,,,
,,,,,,,,,,,Death,,14-Apr-89,,NAFTZINGE,,,
138,NAFTZINGE,,Male,,UND,,,UND,"14Y,4M,4D",,Birth/Hatch,,"May 29, 1970 +/- 1 day",,Undetermined,,,-
,,,,,,,,,,,Transfer,,"Dec 01, 1970 +/- 6 month",,CHASE B,,,
,,,,,,,,,,,Transfer,,30-May-71,,METROZOO,,,249
,,,,,,,,,,,Transfer,,"Jan 01, 1978 +/- 1 day",,NAFTZINGE,,,
,,,,,,,,,,,Death,,3-Oct-84,,NAFTZINGE,,,
139,MILWAUKEE,1197,Female,,UND,,,UND,"9Y,8M,25D",,Birth/Hatch,,"Jul 01, 1970 +/- 6 month",,Undetermined,,,-
,,,,,,,,,,,Transfer,,"Jul 01, 1971 +/- 6 month",,ZEEHANDLR,,,
,,,,,,,,,,,Transfer,,22-Oct-71,,MILWAUKEE,,,1197
,,,,,,,,,,,Death,,26-Mar-80,,MILWAUKEE,,,1197
140,MILWAUKEE,1198,Female,,UND,,,UND,"3Y,3M,4D",,Birth/Hatch,,"Jul 01, 1970 +/- 6 month",,Undetermined,,,-
,,,,,,,,,,,Transfer,,"Jul 01, 1971 +/- 6 month",,ZEEHANDLR,,,
,,,,,,,,,,,Transfer,,22-Oct-71,,MILWAUKEE,,,1198
,,,,,,,,,,,Death,,5-Oct-73,,MILWAUKEE,,,1198
141,MILWAUKEE,1199,Female,,UND,,,UND,"10Y,10M,23D",,Birth/Hatch,,"Jul 01, 1970 +/- 6 month",,Undetermined,,,-
,,,,,,,,,,,Transfer,,"Jul 01, 1971 +/- 6 month",,ZEEHANDLR,,,
,,,,,,,,,,,Transfer,,22-Oct-71,,MILWAUKEE,,,1199
,,,,,,,,,,,Death,,24-May-81,,MILWAUKEE,,,1199
142,MILWAUKEE,1200,Female,,UND,,,UND,"17Y,7M,15D",,Birth/Hatch,,"Jul 01, 1970 +/- 6 month",,Undetermined,,,-
,,,,,,,,,,,Transfer,,"Jul 01, 1971 +/- 6 month",,ZEEHANDLR,,,
,,,,,,,,,,,Transfer,,22-Oct-71,,MILWAUKEE,,,1200
,,,,,,,,,,,Death,,16-Feb-88,,MILWAUKEE,,,1200
143,MILWAUKEE,1201,Male,,UND,,,UND,"7Y,4M,2D",,Birth/Hatch,,"Jul 01, 1970 +/- 6 month",,Undetermined,,,-
,,,,,,,,,,,Transfer,,"Jul 01, 1971 +/- 6 month",,ZEEHANDLR,,,
,,,,,,,,,,,Transfer,,22-Oct-71,,MILWAUKEE,,,1201
,,,,,,,,,,,Death,,3-Nov-77,,MILWAUKEE,,,1201
144,MILWAUKEE,1202,Male,,UND,,,UND,"11Y,8M,12D",,Birth/Hatch,,"Jul 01, 1970 +/- 6 month",,Undetermined,,,-
,,,,,,,,,,,Transfer,,"Jul 01, 1971 +/- 6 month",,ZEEHANDLR,,,
,,,,,,,,,,,Transfer,,22-Oct-71,,MILWAUKEE,,,1202
,,,,,,,,,,,Death,,13-Mar-82,,MILWAUKEE,,,1202
145,MILWAUKEE,1203,Male,,UND,,,UND,"14Y,4M,1D",,Birth/Hatch,,"Jul 01, 1970 +/- 6 month",,Undetermined,,,-
,,,,,,,,,,,Transfer,,"Jul 01, 1971 +/- 6 month",,ZEEHANDLR,,,
,,,,,,,,,,,Transfer,,22-Oct-71,,MILWAUKEE,,,1203
,,,,,,,,,,,Transfer,,1-Jun-80,,FIFIELD T,,,
,,,,,,,,,,,Transfer,,20-May-81,,FT WAYNE,,,1615
,,,,,,,,,,,Transfer,,19-May-83,,LINCOLN C,,,308
,,,,,,,,,,,Transfer,,30-Oct-84,,MILWAUKEE,,,1203
,,,,,,,,,,,Death,,2-Nov-84,,MILWAUKEE,,,1203
146,MILWAUKEE,1204,Male,,UND,,,UND,"8Y,8M,21D",,Birth/Hatch,,"Jul 01, 1970 +/- 6 month",,Undetermined,,,-
,,,,,,,,,,,Transfer,,"Jul 01, 1971 +/- 6 month",,ZEEHANDLR,,,
,,,,,,,,,,,Transfer,,22-Oct-71,,MILWAUKEE,,,1204
,,,,,,,,,,,Death,,22-Mar-79,,MILWAUKEE,,,1204
147,CHICAGOLP,1824,Female,,UND,,,UND,"3Y,10M,28D",,Birth/Hatch,,"Jul 01, 1970 +/- 15 day",,Undetermined,,,-
,,,,,,,,,,,Transfer,,"Jul 01, 1971 +/- 6 month",,SPINELLI,,,
,,,,,,,,,,,Transfer,,10-Aug-71,,CHICAGOLP,,,1824
,,,,,,,,,,,Death,,29-May-74,,CHICAGOLP,,,1824
148,PHILADELP,L23A,Undetermined,,99,,,100,"0Y,0M,2D",,Birth/Hatch,,24-Jul-70,,PHILADELP,,,L23A
,,,,,,,,,,,Death,,26-Jul-70,,PHILADELP,,,L23A
149,PHILADELP,L23B,Undetermined,,99,,,100,"0Y,0M,2D",,Birth/Hatch,,24-Jul-70,,PHILADELP,,,L23B
,,,,,,,,,,,Death,,26-Jul-70,,PHILADELP,,,L23B
150,PHILADELP,L23C,Undetermined,,99,,,100,"0Y,0M,2D",,Birth/Hatch,,24-Jul-70,,PHILADELP,,,L23C
,,,,,,,,,,,Death,,26-Jul-70,,PHILADELP,,,L23C
151,PHILADELP,L23D,Undetermined,,99,,,100,"0Y,0M,2D",,Birth/Hatch,,24-Jul-70,,PHILADELP,,,L23D
,,,,,,,,,,,Death,,26-Jul-70,,PHILADELP,,,L23D
152,PHILADELP,L23E,Undetermined,,99,,,100,"0Y,0M,2D",,Birth/Hatch,,24-Jul-70,,PHILADELP,,,L23E
,,,,,,,,,,,Death,,26-Jul-70,,PHILADELP,,,L23E
153,BROWNSVIL,612,Female,,UND,,,UND,"5Y,3M,21D",,Birth/Hatch,,"Dec 02, 1970 +/- 1 day",,Undetermined,,,-
,,,,,,,,,,,Transfer,,"Jul 01, 1972 +/- 6 month",,WOKING,,,
,,,,,,,,,,,Transfer,,3-Dec-75,,BROWNSVIL,,,612
,,,,,,,,,,,Death,,23-Mar-76,,BROWNSVIL,,,612
154,SAN ANTON,710305,Undetermined,,UND,,,UND,"0Y,0M,1D",,Birth/Hatch,,29-Mar-71,,SAN ANTON,,,710305
,,,,,,,,,,,Death,,30-Mar-71,,SAN ANTON,,,710305
155,SAN ANTON,710306,Undetermined,,UND,,,UND,"0Y,0M,1D",,Birth/Hatch,,29-Mar-71,,SAN ANTON,,,710306
,,,,,,,,,,,Death,,30-Mar-71,,SAN ANTON,,,710306
156,SAN ANTON,710307,Undetermined,,UND,,,UND,"0Y,0M,1D",,Birth/Hatch,,29-Mar-71,,SAN ANTON,,,710307
,,,,,,,,,,,Death,,30-Mar-71,,SAN ANTON,,,710307
157,SANDIEGOZ,,Undetermined,,UND,,,54,"0Y,0M,0D",,Birth/Hatch,,1-Jul-71,,SANDIEGOZ,,,
,,,,,,,,,,,Death,,1-Jul-71,,SANDIEGOZ,,,
158,FT WAYNE,590,Female,,UND,,,UND,"9Y,8M,10D",,Birth/Hatch,,1-Jan-72,,PITTSBURG,,,
,,,,,,,,,,,Transfer,,9-Jun-75,,FT WAYNE,,,590
,,,,,,,,,,,Death,,11-Sep-81,,FT WAYNE,,,590
159,FT WAYNE,589,Male,,UND,,,UND,"4Y,0M,11D",,Birth/Hatch,,1-Jan-72,,PITTSBURG,,,
,,,,,,,,,,,Transfer,,9-Jun-75,,FT WAYNE,,,589
,,,,,,,,,,,Death,,12-Jan-76,,FT WAYNE,,,589
160,CHICAGOLP,1979,Female,,125,,,147,"0Y,0M,2D",,Birth/Hatch,,27-Feb-72,,CHICAGOLP,,,1979
,,,,,,,,,,,Death,,29-Feb-72,,CHICAGOLP,,,1979
161,CHICAGOLP,1980,Female,,125,,,147,"0Y,0M,1D",,Birth/Hatch,,27-Feb-72,,CHICAGOLP,,,1980
,,,,,,,,,,,Death,,28-Feb-72,,CHICAGOLP,,,1980
162,CHICAGOLP,1981,Female,,125,,,147,"0Y,0M,1D",,Birth/Hatch,,27-Feb-72,,CHICAGOLP,,,1981
,,,,,,,,,,,Death,,28-Feb-72,,CHICAGOLP,,,1981
163,SANDIEGOZ,172145,Female,,UND,,,UND,"0Y,1M,5D",,Birth/Hatch,,20-Apr-72,,SANDIEGOZ,,,172145
,,,,,,,,,,,Death,,25-May-72,,SANDIEGOZ,,,172145
164,SANDIEGOZ,172146,Female,,UND,,,UND,"0Y,0M,13D",,Birth/Hatch,,20-Apr-72,,SANDIEGOZ,,,172146
,,,,,,,,,,,Death,,3-May-72,,SANDIEGOZ,,,172146
165,SANDIEGOZ,172147,Undetermined,,UND,,,UND,"2Y,8M,12D",,Birth/Hatch,,20-Apr-72,,SANDIEGOZ,,,172147
,,,,,,,,,,,Death,,1-Jan-75,,SANDIEGOZ,,,172147
166,SAN ANTON,720589,Female,,UND,,,UND,"0Y,0M,0D",,Birth/Hatch,,19-May-72,,SAN ANTON,,,720589
,,,,,,,,,,,Death,,19-May-72,,SAN ANTON,,,720589
167,SAN ANTON,720590,Female,,UND,,,UND,"0Y,0M,0D",,Birth/Hatch,,19-May-72,,SAN ANTON,,,720590
,,,,,,,,,,,Death,,19-May-72,,SAN ANTON,,,720590
168,SAN ANTON,720591,Female,,UND,,,UND,"0Y,0M,0D",,Birth/Hatch,,19-May-72,,SAN ANTON,,,720591
,,,,,,,,,,,Death,,19-May-72,,SAN ANTON,,,720591
169,SAN ANTON,720592,Female,,UND,,,UND,"0Y,0M,0D",,Birth/Hatch,,19-May-72,,SAN ANTON,,,720592
,,,,,,,,,,,Death,,19-May-72,,SAN ANTON,,,720592
170,SAN ANTON,721517,Female,,UND,,,UND,"0Y,0M,6D",,Birth/Hatch,,23-May-72,,SAN ANTON,,,721517
,,,,,,,,,,,Death,,29-May-72,,SAN ANTON,,,721517
171,SAN ANTON,721518,Female,,UND,,,UND,"8Y,5M,27D",,Birth/Hatch,,23-May-72,,SAN ANTON,,,721518
,,,,,,,,,,,Death,,19-Nov-80,,SAN ANTON,,,721518
172,CHICAGOLP,2167,Undetermined,,125,,,147,"0Y,0M,2D",,Birth/Hatch,,10-Jun-72,,CHICAGOLP,,,2167
,,,,,,,,,,,Death,,12-Jun-72,,CHICAGOLP,,,2167
173,CHICAGOLP,2168,Undetermined,,125,,,147,"0Y,0M,2D",,Birth/Hatch,,10-Jun-72,,CHICAGOLP,,,2168
,,,,,,,,,,,Death,,12-Jun-72,,CHICAGOLP,,,2168
174,CHICAGOLP,2169,Undetermined,,125,,,147,"0Y,0M,2D",,Birth/Hatch,,10-Jun-72,,CHICAGOLP,,,2169
,,,,,,,,,,,Death,,12-Jun-72,,CHICAGOLP,,,2169
175,SAN ANTON,721619,Female,,UND,,,UND,"0Y,0M,10D",,Birth/Hatch,,22-Jun-72,,SAN ANTON,,,721619
,,,,,,,,,,,Death,,2-Jul-72,,SAN ANTON,,,721619
176,SAN ANTON,721620,Female,,UND,,,UND,"0Y,0M,10D",,Birth/Hatch,,22-Jun-72,,SAN ANTON,,,721620
,,,,,,,,,,,Death,,2-Jul-72,,SAN ANTON,,,721620
177,TORONTO,3634,Female,,UND,,,UND,"14Y,4M,5D",,Birth/Hatch,,"Jul 01, 1972 +/- 6 month",,Undetermined,,,-
,,,,,,,,,,,Transfer,,"Jul 01, 1973 +/- 6 month",,ZOOSENSEN,,,
,,,,,,,,,,,Transfer,,13-Jul-74,,TORONTO,,,3634
,,,,,,,,,,,Death,,6-Nov-86,,TORONTO,,,3634
178,TORONTO,3631,Male,,UND,,,UND,"2Y,0M,30D",,Birth/Hatch,,"Jul 01, 1972 +/- 6 month",,Undetermined,,,-
,,,,,,,,,,,Transfer,,"Jul 01, 1973 +/- 6 month",,ZOOSENSEN,,,
,,,,,,,,,,,Transfer,,13-Jul-74,,TORONTO,,,3631
,,,,,,,,,,,Death,,31-Jul-74,,TORONTO,,,3631
179,TORONTO,3632,Male,,UND,,,UND,"7Y,10M,2D",,Birth/Hatch,,"Jul 01, 1972 +/- 6 month",,Undetermined,,,-
,,,,,,,,,,,Transfer,,"Jul 01, 1973 +/- 6 month",,ZOOSENSEN,,,
,,,,,,,,,,,Transfer,,13-Jul-74,,TORONTO,,,3632
,,,,,,,,,,,Death,,3-May-80,,TORONTO,,,3632
180,TORONTO,3633,Female,,UND,,,UND,"11Y,2M,16D",,Birth/Hatch,,"Jul 01, 1972 +/- 6 month",,Undetermined,,,-
,,,,,,,,,,,Transfer,,"Jul 01, 1973 +/- 6 month",,ZOOSENSEN,,,
,,,,,,,,,,,Transfer,,13-Jul-74,,TORONTO,,,3633
,,,,,,,,,,,Death,,17-Sep-83,,TORONTO,,,3633
181,TORONTO,3635,Female,,UND,,,UND,"9Y,2M,9D",,Birth/Hatch,,"Jul 01, 1972 +/- 6 month",,Undetermined,,,-
,,,,,,,,,,,Transfer,,"Jul 01, 1973 +/- 6 month",,ZOOSENSEN,,,
,,,,,,,,,,,Transfer,,13-Jul-74,,TORONTO,,,3635
,,,,,,,,,,,Death,,10-Sep-81,,TORONTO,,,3635
182,TORONTO,3636,Female,,UND,,,UND,"2Y,0M,30D",,Birth/Hatch,,"Jul 01, 1972 +/- 6 month",,Undetermined,,,-
,,,,,,,,,,,Transfer,,"Jul 01, 1973 +/- 6 month",,ZOOSENSEN,,,
,,,,,,,,,,,Transfer,,13-Jul-74,,TORONTO,,,3636
,,,,,,,,,,,Death,,31-Jul-74,,TORONTO,,,3636
183,CHICAGOLP,2411,Male,,125,,,147,"0Y,0M,6D",,Birth/Hatch,,4-Feb-73,,CHICAGOLP,,,2411
,,,,,,,,,,,Death,,10-Feb-73,,CHICAGOLP,,,2411
184,SAN ANTON,730691,Male,,UND,,,UND,"6Y,7M,18D",,Birth/Hatch,,11-Jun-73,,SAN ANTON,,,730691
,,,,,,,,,,,Death,,29-Jan-80,,SAN ANTON,,,730691
185,SAN ANTON,730692,Male,,UND,,,UND,"0Y,0M,24D",,Birth/Hatch,,11-Jun-73,,SAN ANTON,,,730692
,,,,,,,,,,,Death,,5-Jul-73,,SAN ANTON,,,730692
186,SAN ANTON,730693,Female,,UND,,,UND,"0Y,0M,22D",,Birth/Hatch,,11-Jun-73,,SAN ANTON,,,730693
,,,,,,,,,,,Death,,3-Jul-73,,SAN ANTON,,,730693
187,CHICAGOLP,2602,Female,,125,,,147,"9Y,1M,26D",,Birth/Hatch,,22-Jun-73,,CHICAGOLP,,,2602
,,,,,,,,,,,Transfer,,5-Mar-78,,KOLMAN,,,
,,,,,,,,,,,Transfer,,12-Sep-79,,CHICAGOLP,,,2602
,,,,,,,,,,,Death,,17-Aug-82,,CHICAGOLP,,,2602
188,CHICAGOBR,22088,Undetermined,,UND,,,UND,"0Y,0M,4D",,Birth/Hatch,,28-Jun-73,,CHICAGOBR,,,22088
,,,,,,,,,,,Death,,2-Jul-73,,CHICAGOBR,,,22088
189,PHILADELP,L22,Undetermined,,99,,,100,"0Y,0M,8D",,Birth/Hatch,,26-Sep-73,,PHILADELP,,,L22
,,,,,,,,,,,Death,,4-Oct-73,,PHILADELP,,,L22
190,SANDIEGOZ,783862,Female,,WILD,,,WILD,"10Y,10M,13D",,Birth/Hatch,,1-Jan-74,,Africa,,,-
,,,,,,,,,,,"Wild
Capture",,"Jan 01, 1974 +/- 6 month",,Africa,,,-
,,,,,,,,,,,Transfer,,"Jul 01, 1978 +/- 6 month",,HALL L,,,
,,,,,,,,,,,Transfer,,9-Sep-83,,SANDIEGOZ,,,783862
,,,,,,,,,,,Death,,14-Nov-84,,SANDIEGOZ,,,783862
191,NZP-WASH,101799,Female,,WILD,,,WILD,"13Y,6M,9D",,Birth/Hatch,,"Jan 01, 1974 +/- 1 day",,Egypt / ~,,,-
,,,,,,,,,,,Wild Capture,,"Jun 11, 1974 +/- 1 day",,Egypt / ~,,,-
,,,,,,,,,,,Transfer,,6-Nov-76,,NZP-WASH,,,101799
,,,,,,,,,,,Transfer,,24-Jul-80,,NZP-CRC,,,101799
,,,,,,,,,,,Transfer,,23-Mar-83,,NZP-WASH,,,101799
,,,,,,,,,,,Death,,10-Jul-87,,NZP-WASH,,,101799
192,NZP-WASH,101798,Male,,WILD,,,WILD,"2Y,11M,3D",,Birth/Hatch,,"Jan 01, 1974 +/- 6 month",,Egypt / ~,,,-
,,,,,,,,,,,"Wild
Capture",,"Nov 06, 1974 +/- 1 day",,Egypt / ~,,,-
,,,,,,,,,,,Transfer,,6-Nov-76,,NZP-WASH,,,101798
,,,,,,,,,,,Death,,4-Dec-76,,NZP-WASH,,,101798
193,NY BRONX,761003,Male,,WILD,,,WILD,"10Y,4M,29D",,Birth/Hatch,,9-Jan-74,,ALGIERS,,,NONE
,,,,,,,,,,,Wild Capture,,"Jan 09, 1974 +/- 1 day",,ALGIERS,,,NONE
,,,,,,,,,,,Transfer,,"Jul 01, 1975 +/- 6 month",,UNDETERMI,,,Undetermined
,,,,,,,,,,,Transfer,,10-Jan-76,,NY BRONX,,,761003
,,,,,,,,,,,Death,,7-Jun-84,,NY BRONX,,,761003
194,NY BRONX,761004,Female,,WILD,,,WILD,"12Y,2M,18D",,Birth/Hatch,,"Jan 09, 1974 +/- 1 day",,ALGIERS,,,NONE
,,,,,,,,,,,Wild Capture,,"Jan 09, 1974 +/- 6 month",,ALGIERS,,,NONE
,,,,,,,,,,,Transfer,,"Jan 01, 1976 +/- 6 month",,UNDETERMI,,,Undetermined
,,,,,,,,,,,Transfer,,10-Jan-76,,NY BRONX,,,761004
,,,,,,,,,,,Death,,27-Mar-86,,NY BRONX,,,761004
195,BIRMINGHM,1205,Female,,MULT2,,,MULT3,"12Y,11M,2D",,Birth/Hatch,,25-Feb-74,,MILWAUKEE,,,1529
,,,,,,,,,,,Transfer,,7-Dec-78,,CINCINNAT,,,M8017
,,,,,,,,,,,Transfer,,25-Sep-84,,BIRMINGHM,,,1205
,,,,,,,,,,,Death,,27-Jan-87,,BIRMINGHM,,,1205
196,FT WAYNE,1616,Female,,MULT2,,,MULT3,"7Y,11M,9D",,Birth/Hatch,,25-Feb-74,,MILWAUKEE,,,1530
,,,,,,,,,,,Transfer,,16-May-79,,FIFIELD T,,,
,,,,,,,,,,,Transfer,,16-Mar-81,,MILWAUKEE,,,1530
,,,,,,,,,,,Transfer,,20-May-81,,FT WAYNE,,,1616
,,,,,,,,,,,Death,,3-Feb-82,,FT WAYNE,,,1616
197,CHICAGOBR,24048,Male,,125,,,147,"14Y,6M,17D",,Birth/Hatch,,13-Mar-74,,CHICAGOLP,,,2837
,,,,,,,,,,,Transfer,,30-Jul-82,,CHICAGOBR,,,24048
,,,,,,,,,,,Death,,30-Sep-88,,CHICAGOBR,,,24048
198,NY BRONX,811234,Female,,125,,,147,"7Y,5M,3D",,Birth/Hatch,,13-Mar-74,,CHICAGOLP,,,2838
,,,,,,,,,,,Transfer,,1-Jul-81,,NY BRONX,,,811234
,,,,,,,,,,,Death,,16-Aug-81,,NY BRONX,,,811234
199,CHICAGOLP,2828,Male,,125,,,147,"0Y,3M,21D",,Birth/Hatch,,13-Mar-74,,CHICAGOLP,,,2828
,,,,,,,,,,,Death,,4-Jul-74,,CHICAGOLP,,,2828
200,SAN ANTON,740320,Male,,UND,,,UND,"0Y,0M,22D",,Birth/Hatch,,16-Mar-74,,SAN ANTON,,,740320
,,,,,,,,,,,Death,,7-Apr-74,,SAN ANTON,,,740320
201,SAN ANTON,740321,Female,,UND,,,UND,"0Y,0M,22D",,Birth/Hatch,,16-Mar-74,,SAN ANTON,,,740321
,,,,,,,,,,,Death,,7-Apr-74,,SAN ANTON,,,740321
202,SAN ANTON,740322,Male,,UND,,,UND,"0Y,6M,4D",,Birth/Hatch,,16-Mar-74,,SAN ANTON,,,740322
,,,,,,,,,,,Death,,20-Sep-74,,SAN ANTON,,,740322
203,DENVER,281,Male,,UND,,,UND,"5Y,0M,7D",,Birth/Hatch,,"Mar 19, 1974 +/- 1 day",,ANTWERP,,,
,,,,,,,,,,,Transfer,,20-Mar-75,,DENVER,,,281
,,,,,,,,,,,Death,,26-Mar-79,,DENVER,,,281
204,DENVER,285,Female,,UND,,,UND,"10Y,8M,4D",,Birth/Hatch,,"Mar 19, 1974 +/- 1 day",,ANTWERP,,,
,,,,,,,,,,,Transfer,,20-Mar-75,,DENVER,,,285
,,,,,,,,,,,Death,,23-Nov-84,,DENVER,,,285
205,HOUSTON,286,Male,,UND,,,UND,"0Y,0M,0D",,Birth/Hatch,,30-Mar-74,,HOUSTON,,,286
,,,,,,,,,,,Death,,30-Mar-74,,HOUSTON,,,286
206,HOUSTON,287,Female,,UND,,,UND,"0Y,0M,0D",,Birth/Hatch,,30-Mar-74,,HOUSTON,,,287
,,,,,,,,,,,Death,,30-Mar-74,,HOUSTON,,,287
207,HOUSTON,288,Female,,UND,,,UND,"0Y,0M,16D",,Birth/Hatch,,30-Mar-74,,HOUSTON,,,288
,,,,,,,,,,,Death,,15-Apr-74,,HOUSTON,,,288
208,SAN ANTON,740405,Undetermined,,UND,,,UND,"0Y,0M,1D",,Birth/Hatch,,5-Apr-74,,SAN ANTON,,,740405
,,,,,,,,,,,Death,,6-Apr-74,,SAN ANTON,,,740405
209,SAN ANTON,740406,Undetermined,,UND,,,UND,"0Y,0M,1D",,Birth/Hatch,,5-Apr-74,,SAN ANTON,,,740406
,,,,,,,,,,,Death,,6-Apr-74,,SAN ANTON,,,740406
210,SAN ANTON,740407,Undetermined,,UND,,,UND,"0Y,0M,1D",,Birth/Hatch,,5-Apr-74,,SAN ANTON,,,740407
,,,,,,,,,,,Death,,6-Apr-74,,SAN ANTON,,,740407
211,SANDIEGOZ,174076,Male,,UND,,,UND,"9Y,3M,27D",,Birth/Hatch,,12-Apr-74,,SANDIEGOZ,,,174076
,,,,,,,,,,,Death,,8-Aug-83,,SANDIEGOZ,,,174076
212,SANDIEGOZ,174075,Male,,UND,,,UND,"0Y,1M,0D",,Birth/Hatch,,12-Apr-74,,SANDIEGOZ,,,174075
,,,,,,,,,,,Death,,12-May-74,,SANDIEGOZ,,,174075
213,PHOENIX,1713,Male,,UND,,,UND,"13Y,9M,7D",,Birth/Hatch,,31-Jul-74,,CHICAGOBR,,,22091
,,,,,,,,,,,Transfer,,29-May-75,,PHOENIX,,,1713
,,,,,,,,,,,Death,,7-May-88,,PHOENIX,,,1713
214,CHICAGOLP,4053,Male,,128,,,127,"8Y,0M,3D",,Birth/Hatch,,31-Jul-74,,CHICAGOBR,,,22090
,,,,,,,,,,,Transfer,,13-Dec-74,,CHICAGOLP,,,4053
,,,,,,,,,,,Transfer,,3-May-78,,KOLMAN,,,
,,,,,,,,,,,Transfer,,12-Sep-79,,CHICAGOLP,,,4053
,,,,,,,,,,,Death,,3-Aug-82,,CHICAGOLP,,,4053
215,CHICAGOBR,24047,Female,,UND,,,127,"10Y,3M,20D",,Birth/Hatch,,31-Jul-74,,CHICAGOBR,,,24047
,,,,,,,,,,,Transfer,,13-Dec-74,,CHICAGOLP,,,4054
,,,,,,,,,,,Transfer,,30-Jul-82,,CHICAGOBR,,,24047
,,,,,,,,,,,Death,,20-Nov-84,,CHICAGOBR,,,24047
216,CHICAGOBR,22092,Female,,128,,,127,"0Y,4M,13D",,Birth/Hatch,,31-Jul-74,,CHICAGOBR,,,22092
,,,,,,,,,,,Death,,13-Dec-74,,CHICAGOBR,,,22092
217,CHICAGOBR,22080,Undetermined,,126,,,129,"0Y,0M,2D",,Birth/Hatch,,11-Aug-74,,CHICAGOBR,,,22080
,,,,,,,,,,,Death,,13-Aug-74,,CHICAGOBR,,,22080
218,CHICAGOBR,22081,Undetermined,,126,,,129,"0Y,0M,2D",,Birth/Hatch,,11-Aug-74,,CHICAGOBR,,,22081
,,,,,,,,,,,Death,,13-Aug-74,,CHICAGOBR,,,22081
219,BROWNSVIL,633,Male,,UND,,,UND,"13Y,3M,0D",,Birth/Hatch,,9-Oct-74,,SAN ANTON,,,741037
,,,,,,,,,,,Transfer,,24-Jan-76,,BROWNSVIL,,,633
,,,,,,,,,,,Death,,9-Jan-88,,BROWNSVIL,,,633
220,NY BRONX,801051,Female,,UND,,,UND,"7Y,1M,16D",,Birth/Hatch,,9-Oct-74,,SAN ANTON,,,741038
,,,,,,,,,,,Transfer,,7-Jun-79,,NZP-WASH,,,102948
,,,,,,,,,,,Transfer,,6-Mar-80,,NY BRONX,,,801051
,,,,,,,,,,,Death,,25-Nov-81,,NY BRONX,,,801051
221,SAN ANTON,741039,Female,,114,,,109,"8Y,4M,8D",,Birth/Hatch,,9-Oct-74,,SAN ANTON,,,741039
,,,,,,,,,,,Death,,17-Feb-83,,SAN ANTON,,,741039
222,SAN ANTON,741040,Undetermined,,UND,,,UND,"0Y,0M,1D",,Birth/Hatch,,10-Oct-74,,SAN ANTON,,,741040
,,,,,,,,,,,Death,,11-Oct-74,,SAN ANTON,,,741040
223,SAN ANTON,741041,Undetermined,,UND,,,UND,"0Y,0M,1D",,Birth/Hatch,,10-Oct-74,,SAN ANTON,,,741041
,,,,,,,,,,,Death,,11-Oct-74,,SAN ANTON,,,741041
224,SAN ANTON,741042,Undetermined,,UND,,,UND,"0Y,0M,1D",,Birth/Hatch,,10-Oct-74,,SAN ANTON,,,741042
,,,,,,,,,,,Death,,11-Oct-74,,SAN ANTON,,,741042
225,DOSWELL,,Male,,UND,,,UND,"11Y,10M,2D",,Birth/Hatch,,20-Oct-74,,MILWAUKEE,,,1628
,,,,,,,,,,,Transfer,,21-May-75,,MADISON,,,UNL
,,,,,,,,,,,Transfer,,16-May-79,,FIFIELD T,,,
,,,,,,,,,,,Transfer,,1-Jun-80,,MILWAUKEE,,,1628
,,,,,,,,,,,Transfer,,16-Aug-82,,SOUTHBEND,,,850
,,,,,,,,,,,Transfer,,22-Aug-86,,DOSWELL,,,
,,,,,,,,,,,GO LTF,,22-Aug-86,,DOSWELL,,,
226,MILWAUKEE,1629,Female,,UND,,,UND,"0Y,2M,15D",,Birth/Hatch,,20-Oct-74,,MILWAUKEE,,,1629
,,,,,,,,,,,Death,,4-Jan-75,,MILWAUKEE,,,1629
227,MILWAUKEE,1630,Female,,UND,,,UND,"0Y,0M,19D",,Birth/Hatch,,20-Oct-74,,MILWAUKEE,,,1630
,,,,,,,,,,,Death,,8-Nov-74,,MILWAUKEE,,,1630
228,CHICAGOBR,26223,Undetermined,,UND,,,UND,"0Y,0M,1D",,Birth/Hatch,,6-Nov-74,,CHICAGOBR,,,26223
,,,,,,,,,,,Death,,7-Nov-74,,CHICAGOBR,,,26223
229,CALGARY,100410,Male,,UND,,,UND,"13Y,1M,26D",,Birth/Hatch,,13-Dec-74,,PITTSBURG,,,
,,,,,,,,,,,Transfer,,15-Jul-75,,CALGARY,,,100410
,,,,,,,,,,,Death,,8-Feb-88,,CALGARY,,,100410
230,CALGARY,100411,Female,,UND,,,UND,"10Y,11M,23D",,Birth/Hatch,,13-Dec-74,,PITTSBURG,,,
,,,,,,,,,,,Transfer,,15-Jul-75,,CALGARY,,,100411
,,,,,,,,,,,Death,,6-Dec-85,,CALGARY,,,100411
231,LINCOLN C,475,Male,,UND,,,UND,"13Y,7M,24D",,Birth/Hatch,,25-Nov-74,,MILWAUKEE,,,1523
,,,,,,,,,,,Transfer,,29-May-79,,PHOENIX,,,2820
,,,,,,,,,,,Transfer,,14-Mar-85,,NZP-WASH,,,106397
,,,,,,,,,,,Transfer,,24-Jul-86,,LINCOLN C,,,475
,,,,,,,,,,,Death,,19-Jul-88,,LINCOLN C,,,475
232,MILWAUKEE,1528,Female,,UND,,,UND,"1Y,6M,27D",,Birth/Hatch,,25-Nov-74,,MILWAUKEE,,,1528
,,,,,,,,,,,Death,,21-Jun-76,,MILWAUKEE,,,1528
233,HOUSTON,1046,Male,,WILD,,,WILD,"4Y,0M,4D",,Birth/Hatch,,"Jan 01, 1975 +/- 6 month",,BENGHAZI,,,NONE
,,,,,,,,,,,Wild Capture,,"Jul 01, 1975 +/- 6 month",,BENGHAZI,,,NONE
,,,,,,,,,,,Transfer,,"Jul 01, 1977 +/- 6 month",,PRIVATE,,,UNK
,,,,,,,,,,,Transfer,,13-Dec-78,,HOUSTON,,,1046
,,,,,,,,,,,Death,,5-Jan-79,,HOUSTON,,,1046
234,HOUSTON,1047,Female,,WILD,,,WILD,"4Y,0M,4D",,Birth/Hatch,,"Jan 01, 1975 +/- 6 month",,BENGHAZI,,,NONE
,,,,,,,,,,,Wild Capture,,"Jul 01, 1975 +/- 6 month",,BENGHAZI,,,NONE
,,,,,,,,,,,Transfer,,"Jul 01, 1977 +/- 6 month",,PRIVATE,,,UNK
,,,,,,,,,,,Transfer,,13-Dec-78,,HOUSTON,,,1047
,,,,,,,,,,,Death,,5-Jan-79,,HOUSTON,,,1047
235,DETROIT,244,Male,,UND,,,UND,"7Y,6M,1D",,Birth/Hatch,,1-Feb-75,,NAFTZINGE,,,
,,,,,,,,,,,Transfer,,15-Sep-77,,DETROIT,,,244
,,,,,,,,,,,Death,,2-Aug-82,,DETROIT,,,244
236,SANDIEGOZ,175064,Male,,UND,,,UND,"0Y,0M,0D",,Birth/Hatch,,1-Apr-75,,SANDIEGOZ,,,175064
,,,,,,,,,,,Death,,1-Apr-75,,SANDIEGOZ,,,175064
237,SANDIEGOZ,175065,Female,,UND,,,UND,"0Y,0M,0D",,Birth/Hatch,,1-Apr-75,,SANDIEGOZ,,,175065
,,,,,,,,,,,Death,,1-Apr-75,,SANDIEGOZ,,,175065
238,SANDIEGOZ,175066,Undetermined,,UND,,,UND,"0Y,0M,0D",,Birth/Hatch,,1-Apr-75,,SANDIEGOZ,,,175066
,,,,,,,,,,,Death,,1-Apr-75,,SANDIEGOZ,,,175066
239,BROWNSVIL,634,Male,,UND,,,UND,"12Y,6M,6D",,Birth/Hatch,,24-Apr-75,,SAN ANTON,,,750478
,,,,,,,,,,,Transfer,,24-Jan-76,,BROWNSVIL,,,634
,,,,,,,,,,,Death,,30-Oct-87,,BROWNSVIL,,,634
240,SAN ANTON,750479,Male,,UND,,,UND,"10Y,3M,7D",,Birth/Hatch,,24-Apr-75,,SAN ANTON,,,750479
,,,,,,,,,,,Death,,31-Jul-85,,SAN ANTON,,,750479
241,SAN ANTON,750480,Female,,UND,,,UND,"0Y,0M,17D",,Birth/Hatch,,24-Apr-75,,SAN ANTON,,,750480
,,,,,,,,,,,Death,,11-May-75,,SAN ANTON,,,750480
242,CHICAGOLP,4282,Undetermined,,125,,,187,"0Y,0M,1D",,Birth/Hatch,,10-Jun-75,,CHICAGOLP,,,4282
,,,,,,,,,,,Death,,11-Jun-75,,CHICAGOLP,,,4282
244,SAN ANTON,750649,Male,,UND,,,UND,"0Y,0M,1D",,Birth/Hatch,,12-Jun-75,,SAN ANTON,,,750649
,,,,,,,,,,,Death,,13-Jun-75,,SAN ANTON,,,750649
245,SAN ANTON,750650,Male,,UND,,,UND,"0Y,0M,1D",,Birth/Hatch,,12-Jun-75,,SAN ANTON,,,750650
,,,,,,,,,,,Death,,13-Jun-75,,SAN ANTON,,,750650
246,SAN ANTON,750651,Male,,UND,,,UND,"0Y,0M,1D",,Birth/Hatch,,12-Jun-75,,SAN ANTON,,,750651
,,,,,,,,,,,Death,,13-Jun-75,,SAN ANTON,,,750651
247,SAN ANTON,750652,Female,,UND,,,UND,"0Y,0M,1D",,Birth/Hatch,,12-Jun-75,,SAN ANTON,,,750652
,,,,,,,,,,,Death,,13-Jun-75,,SAN ANTON,,,750652
248,CALGARY,102330,Female,,UND,,,UND,"12Y,11M,2D",,Birth/Hatch,,"Jul 01, 1975 +/- 6 month",,Undetermined,,,-
,,,,,,,,,,,Transfer,,"Jul 01, 1977 +/- 6 month",,MICH KEN,,,
,,,,,,,,,,,Transfer,,3-Aug-79,,TORONTO,,,12053
,,,,,,,,,,,Transfer,,6-Jun-86,,CALGARY,,,102330
,,,,,,,,,,,Death,,3-Jun-88,,CALGARY,,,102330
249,TORONTO,12050,Female,,UND,,,UND,"4Y,9M,10D",,Birth/Hatch,,"Jul 01, 1975 +/- 6 month",,Undetermined,,,-
,,,,,,,,,,,Transfer,,"Jul 01, 1977 +/- 6 month",,MICH KEN,,,
,,,,,,,,,,,Transfer,,3-Aug-79,,TORONTO,,,12050
,,,,,,,,,,,Death,,11-Apr-80,,TORONTO,,,12050
250,TORONTO,12051,Female,,UND,,,UND,"8Y,8M,10D",,Birth/Hatch,,"Jul 01, 1975 +/- 6 month",,Undetermined,,,-
,,,,,,,,,,,Transfer,,"Jul 01, 1977 +/- 6 month",,MICH KEN,,,
,,,,,,,,,,,Transfer,,3-Aug-79,,TORONTO,,,12051
,,,,,,,,,,,Death,,11-Mar-84,,TORONTO,,,12051
251,TORONTO,12052,Female,,UND,,,UND,"9Y,7M,23D",,Birth/Hatch,,"Jul 01, 1975 +/- 6 month",,Undetermined,,,-
,,,,,,,,,,,Transfer,,"Jul 01, 1977 +/- 6 month",,MICH KEN,,,
,,,,,,,,,,,Transfer,,3-Aug-79,,TORONTO,,,12052
,,,,,,,,,,,Death,,24-Feb-85,,TORONTO,,,12052
252,TORONTO,12054,Male,,UND,,,UND,"7Y,8M,15D",,Birth/Hatch,,"Jul 01, 1975 +/- 6 month",,Undetermined,,,-
,,,,,,,,,,,Transfer,,"Jul 01, 1977 +/- 6 month",,MICH KEN,,,
,,,,,,,,,,,Transfer,,3-Aug-79,,TORONTO,,,12054
,,,,,,,,,,,Death,,16-Mar-83,,TORONTO,,,12054
253,TORONTO,12055,Female,,UND,,,UND,"4Y,2M,1D",,Birth/Hatch,,"Jul 01, 1975 +/- 6 month",,Undetermined,,,-
,,,,,,,,,,,Transfer,,"Jul 01, 1977 +/- 6 month",,MICH KEN,,,
,,,,,,,,,,,Transfer,,3-Aug-79,,TORONTO,,,12055
,,,,,,,,,,,Death,,2-Sep-79,,TORONTO,,,12055
254,TORONTO,12056,Male,,UND,,,UND,"4Y,9M,2D",,Birth/Hatch,,"Jul 01, 1975 +/- 6 month",,Undetermined,,,-
,,,,,,,,,,,Transfer,,"Jul 01, 1977 +/- 6 month",,MICH KEN,,,
,,,,,,,,,,,Transfer,,3-Aug-79,,TORONTO,,,12056
,,,,,,,,,,,Death,,3-Apr-80,,TORONTO,,,12056
255,TORONTO,12057,Male,,UND,,,UND,"5Y,0M,3D",,Birth/Hatch,,"Jul 01, 1975 +/- 6 month",,Undetermined,,,-
,,,,,,,,,,,Transfer,,"Jul 01, 1977 +/- 6 month",,MICH KEN,,,
,,,,,,,,,,,Transfer,,3-Aug-79,,TORONTO,,,12057
,,,,,,,,,,,Death,,4-Jul-80,,TORONTO,,,12057
256,TORONTO,12059,Female,,UND,,,UND,"12Y,7M,1D",,Birth/Hatch,,"Jul 01, 1975 +/- 6 month",,Undetermined,,,-
,,,,,,,,,,,Transfer,,"Aug 01, 1977 +/-
6 month",,MICH KEN,,,
,,,,,,,,,,,Transfer,,3-Aug-79,,TORONTO,,,12059
,,,,,,,,,,,Death,,2-Feb-88,,TORONTO,,,12059
257,SAN ANTON,750730,Undetermined,,UND,,,UND,"0Y,0M,3D",,Birth/Hatch,,4-Jul-75,,SAN ANTON,,,750730
,,,,,,,,,,,Death,,7-Jul-75,,SAN ANTON,,,750730
258,SAN ANTON,750731,Undetermined,,UND,,,UND,"0Y,0M,3D",,Birth/Hatch,,4-Jul-75,,SAN ANTON,,,750731
,,,,,,,,,,,Death,,7-Jul-75,,SAN ANTON,,,750731
259,SAN ANTON,750732,Undetermined,,UND,,,UND,"0Y,0M,3D",,Birth/Hatch,,4-Jul-75,,SAN ANTON,,,750732
,,,,,,,,,,,Death,,7-Jul-75,,SAN ANTON,,,750732
260,SAN ANTON,750733,Undetermined,,UND,,,UND,"0Y,0M,3D",,Birth/Hatch,,4-Jul-75,,SAN ANTON,,,750733
,,,,,,,,,,,Death,,7-Jul-75,,SAN ANTON,,,750733
261,FT WAYNE,571,Female,,159,,,158,"5Y,0M,13D",,Birth/Hatch,,9-Aug-75,,FT WAYNE,,,571
,,,,,,,,,,,Death,,22-Aug-80,,FT WAYNE,,,571
262,NAFTZINGE,,Male,,807,,,806,"12Y,2M,25D",,Birth/Hatch,,4-Feb-75,,NAFTZINGE,,,
,,,,,,,,,,,Transfer,,14-Sep-83,,PHILADELP,,,101264
,,,,,,,,,,,Transfer,,22-Oct-85,,NAFTZINGE,,,
,,,,,,,,,,,Death,,29-Apr-87,,NAFTZINGE,,,
263,SAN ANTON,760318,Undetermined,,UND,,,UND,"0Y,0M,1D",,Birth/Hatch,,16-Mar-76,,SAN ANTON,,,760318
,,,,,,,,,,,Death,,17-Mar-76,,SAN ANTON,,,760318
264,SAN ANTON,760319,Undetermined,,UND,,,UND,"0Y,0M,1D",,Birth/Hatch,,16-Mar-76,,SAN ANTON,,,760319
,,,,,,,,,,,Death,,17-Mar-76,,SAN ANTON,,,760319
265,SAN ANTON,760320,Undetermined,,UND,,,UND,"0Y,0M,1D",,Birth/Hatch,,16-Mar-76,,SAN ANTON,,,760320
,,,,,,,,,,,Death,,17-Mar-76,,SAN ANTON,,,760320
266,LOSANGELE,93834,Male,,UND,,,UND,"3Y,5M,7D",,Birth/Hatch,,22-Mar-76,,SAN ANTON,,,760353
,,,,,,,,,,,Transfer,,17-Jan-79,,LOSANGELE,,,93834
,,,,,,,,,,,Death,,29-Aug-79,,LOSANGELE,,,93834
267,NZP-WASH,101832,Male,,UND,,,UND,"10Y,0M,23D",,Birth/Hatch,,22-Mar-76,,SAN ANTON,,,760352
,,,,,,,,,,,Transfer,,11-Jan-77,,NZP-WASH,,,101832
,,,,,,,,,,,Transfer,,24-Jul-80,,NZP-CRC,,,101832
,,,,,,,,,,,Transfer,,23-Mar-83,,NZP-WASH,,,101832
,,,,,,,,,,,Death,,14-Apr-86,,NZP-WASH,,,101832
268,SAN ANTON,760354,Male,,UND,,,UND,"12Y,3M,19D",,Birth/Hatch,,22-Mar-76,,SAN ANTON,,,760354
,,,,,,,,,,,Death,,11-Jul-88,,SAN ANTON,,,760354
269,SAN ANTON,760355,Female,,UND,,,UND,"8Y,9M,6D",,Birth/Hatch,,22-Mar-76,,SAN ANTON,,,760355
,,,,,,,,,,,Death,,28-Dec-84,,SAN ANTON,,,760355
270,FERNDALE,6002,Male,,807,,,806,"6Y,7M,26D",,Birth/Hatch,,2-May-76,,NAFTZINGE,,,
,,,,,,,,,,,Transfer,,15-Sep-77,,DETROIT,,,243
,,,,,,,,,,,Transfer,,10-Sep-82,,FERNDALE,,,6002
,,,,,,,,,,,Transfer,,28-Dec-82,,FERNDALE,,,6002
,,,,,,,,,,,GO LTF,,28-Dec-82,,FERNDALE,,,6002
271,CHICAGOBR,26224,Undetermined,,UND,,,129,"0Y,0M,1D",,Birth/Hatch,,8-May-76,,CHICAGOBR,,,26224
,,,,,,,,,,,Death,,9-May-76,,CHICAGOBR,,,26224
272,BUSCH TAM,17324,Male,,UND,,,UND,"10Y,3M,10D",,Birth/Hatch,,12-May-76,,CHICAGOBR,,,23216
,,,,,,,,,,,Transfer,,21-Oct-76,,BUSCH TAM,,,17324
,,,,,,,,,,,Death,,22-Aug-86,,BUSCH TAM,,,17324
273,EVANSVLLE,545,Male,,128,,,127,"5Y,10M,6D",,Birth/Hatch,,12-May-76,,CHICAGOBR,,,23217
,,,,,,,,,,,Transfer,,21-Jun-77,,EVANSVLLE,,,545
,,,,,,,,,,,Death,,18-Mar-82,,EVANSVLLE,,,545
274,TORONTO,7608,Undetermined,,UND,,,UND,"0Y,0M,0D",,Birth/Hatch,,12-Jun-76,,TORONTO,,,7608
,,,,,,,,,,,Death,,12-Jun-76,,TORONTO,,,7608
275,TORONTO,7609,Undetermined,,UND,,,UND,"0Y,0M,0D",,Birth/Hatch,,12-Jun-76,,TORONTO,,,7609
,,,,,,,,,,,Death,,12-Jun-76,,TORONTO,,,7609
276,CLEVELAND,790705,Female,,UND,,,UND,"10Y,4M,20D",,Birth/Hatch,,"Jul 01, 1976 +/- 6 month",,KINGS ISL,,,136
,,,,,,,,,,,Transfer,,26-Jul-79,,CLEVELAND,,,790705
,,,,,,,,,,,Death,,21-Nov-86,,CLEVELAND,,,790705
277,CLEVELAND,790706,Male,,UND,,,UND,"8Y,5M,1D",,Birth/Hatch,,"Jul 01, 1976 +/- 6 month",,KINGS ISL,,,137
,,,,,,,,,,,Transfer,,26-Jul-79,,CLEVELAND,,,790706
,,,,,,,,,,,Death,,2-Dec-84,,CLEVELAND,,,790706
278,JOHN BALL,32001,Male,,UND,,,UND,"8Y,2M,27D",,Birth/Hatch,,"Jul 01, 1976 +/- 6 month",,Undetermined,,,-
,,,,,,,,,,,Transfer,,"Jul 01, 1980 +/- 6 month",,FERNDALE,,,243
,,,,,,,,,,,Transfer,,2-Dec-82,,JOHN BALL,,,32001
,,,,,,,,,,,Death,,28-Sep-84,,JOHN BALL,,,32001
279,MILWAUKEE,1858,Female,,UND,,,UND,"0Y,2M,27D",,Birth/Hatch,,28-Aug-76,,MILWAUKEE,,,1858
,,,,,,,,,,,Death,,24-Nov-76,,MILWAUKEE,,,1858
280,MILWAUKEE,1859,Female,,UND,,,UND,"0Y,3M,5D",,Birth/Hatch,,28-Aug-76,,MILWAUKEE,,,1859
,,,,,,,,,,,Death,,3-Dec-76,,MILWAUKEE,,,1859
281,CHICAGOBR,26225,Undetermined,,UND,,,129,"0Y,0M,1D",,Birth/Hatch,,26-Sep-76,,CHICAGOBR,,,26225
,,,,,,,,,,,Death,,27-Sep-76,,CHICAGOBR,,,26225
282,PHOENIX,2819,Female,,UND,,,UND,"8Y,0M,6D",,Birth/Hatch,,28-Sep-76,,MILWAUKEE,,,1860
,,,,,,,,,,,Transfer,,29-May-79,,PHOENIX,,,2819
,,,,,,,,,,,Death,,4-Oct-84,,PHOENIX,,,2819
283,DETROIT,245,Male,,WILD,,,WILD,"8Y,5M,10D",,Birth/Hatch,,"Oct 01, 1976 +/- 15 day",,Tunisia / ~,,,-
,,,,,,,,,,,"Wild
Capture",,"Nov 10, 1976 +/- 1 day",,Tunisia / ~,,,-
,,,,,,,,,,,Transfer,,"Jul 01, 1977 +/- 6 month",,ZEEHANDLR,,,
,,,,,,,,,,,Transfer,,12-Apr-78,,DETROIT,,,245
,,,,,,,,,,,Death,,11-Mar-85,,DETROIT,,,245
284,FERNDALE,60021,Male,,WILD,,,WILD,"5Y,11M,9D",,Birth/Hatch,,"Oct 01, 1976 +/- 15 day",,Tunisia / ~,,,-
,,,,,,,,,,,"Wild
Capture",,"Nov 10, 1976 +/- 1 day",,Tunisia / ~,,,-
,,,,,,,,,,,Transfer,,"Jul 01, 1977 +/- 6 month",,ZEEHANDLR,,,
,,,,,,,,,,,Transfer,,12-Apr-78,,DETROIT,,,246
,,,,,,,,,,,Transfer,,10-Sep-82,,FERNDALE,,,60021
,,,,,,,,,,,GO LTF,,10-Sep-82,,FERNDALE,,,60021
285,JOHN BALL,32004,Female,,WILD,,,WILD,"12Y,3M,3D",,Birth/Hatch,,"Apr 11, 1977 +/- 15 day",,Tunisia / ~,,,-
,,,,,,,,,,,"Wild
Capture",,"Apr 11, 1977 +/- 15 day",,Tunisia / ~,,,-
,,,,,,,,,,,Transfer,,"Jul 01, 1977 +/- 6 month",,ZEEHANDLR,,,
,,,,,,,,,,,Transfer,,12-Apr-78,,DETROIT,,,247
,,,,,,,,,,,Transfer,,20-Nov-85,,JOHN BALL,,,32004
,,,,,,,,,,,Death,,14-Jul-89,,JOHN BALL,,,32004
286,FERNDALE,60022,Female,,WILD,,,WILD,"5Y,4M,30D",,Birth/Hatch,,"Apr 11, 1977 +/- 15 day",,Tunisia / ~,,,-
,,,,,,,,,,,"Wild
Capture",,"Apr 11, 1977 +/- 15 day",,Tunisia / ~,,,-
,,,,,,,,,,,Transfer,,"Jul 01, 1977 +/- 6 month",,ZEEHANDLR,,,
,,,,,,,,,,,Transfer,,12-Apr-78,,DETROIT,,,248
,,,,,,,,,,,Transfer,,10-Sep-82,,FERNDALE,,,60022
,,,,,,,,,,,GO LTF,,10-Sep-82,,FERNDALE,,,60022
287,DULUTH,790000,Female,,WILD,,,WILD,"2Y,1M,16D",,Birth/Hatch,,"Jan 01, 1977 +/- 6 month",,Africa,,,-
,,,,,,,,,,,"Wild
Capture",,"Jul 01, 1977 +/- 6 month",,Africa,,,-
,,,,,,,,,,,Transfer,,"Jul 01, 1978 +/- 6 month",,FERNDALE,,,
,,,,,,,,,,,Transfer,,10-Nov-78,,DULUTH,,,790000
,,,,,,,,,,,Death,,17-Feb-79,,DULUTH,,,790000
288,BROWNSVIL,1150,Male,,UND,,,123,"6Y,9M,22D",,Birth/Hatch,,20-Feb-77,,BROWNSVIL,,,1150
,,,,,,,,,,,Death,,12-Dec-83,,BROWNSVIL,,,1150
289,BROWNSVIL,1151,Female,,UND,,,123,"6Y,9M,23D",,Birth/Hatch,,20-Feb-77,,BROWNSVIL,,,1151
,,,,,,,,,,,Death,,13-Dec-83,,BROWNSVIL,,,1151
290,SAN ANTON,770378,Undetermined,,UND,,,UND,"0Y,0M,4D",,Birth/Hatch,,31-Mar-77,,SAN ANTON,,,770378
,,,,,,,,,,,Death,,4-Apr-77,,SAN ANTON,,,770378
291,SAN ANTON,770379,Undetermined,,UND,,,UND,"0Y,0M,4D",,Birth/Hatch,,31-Mar-77,,SAN ANTON,,,770379
,,,,,,,,,,,Death,,4-Apr-77,,SAN ANTON,,,770379
292,SAN ANTON,770380,Undetermined,,UND,,,UND,"0Y,0M,4D",,Birth/Hatch,,31-Mar-77,,SAN ANTON,,,770380
,,,,,,,,,,,Death,,4-Apr-77,,SAN ANTON,,,770380
293,LOSANGELE,93835,Female,,UND,,,UND,"2Y,6M,7D",,Birth/Hatch,,3-Apr-77,,SAN ANTON,,,770405
,,,,,,,,,,,Transfer,,17-Jan-79,,LOSANGELE,,,93835
,,,,,,,,,,,Death,,10-Oct-79,,LOSANGELE,,,93835
294,SAN ANTON,770406,Male,,UND,,,221,"10Y,10M,22D",,Birth/Hatch,,3-Apr-77,,SAN ANTON,,,770406
,,,,,,,,,,,Death,,25-Feb-88,,SAN ANTON,,,770406
295,PHILADELP,100761,Female,,UND,,,UND,"2Y,5M,10D",,Birth/Hatch,,3-Apr-77,,SAN ANTON,,,771445
,,,,,,,,,,,Transfer,,17-Nov-78,,PHILADELP,,,100761
,,,,,,,,,,,Death,,13-Sep-79,,PHILADELP,,,100761
296,UNDETERMI,Undetermined,Male,,UND,,,UND,"1Y,4M,5D",,Birth/Hatch,,3-Apr-77,,SAN ANTON,,,770407
,,,,,,,,,,,Transfer,,8-Aug-78,,UNDETERMI,,,Undetermined
,,,,,,,,,,,Transfer,,8-Aug-78,,UNDETERMI,,,
,,,,,,,,,,,GO LTF,,8-Aug-78,,UNDETERMI,,,Undetermined
297,PHILADELP,100611,Male,,UND,,,UND,"10Y,7M,5D",,Birth/Hatch,,17-Apr-77,,EBERSWALD,,,
,,,,,,,,,,,Transfer,,"Aug 01, 1977 +/-
6 month",,MICH KEN,,,
,,,,,,,,,,,Transfer,,13-Jan-78,,CINCINNAT,,,M8016
,,,,,,,,,,,Transfer,,7-Mar-78,,PHILADELP,,,100611
,,,,,,,,,,,Transfer,,24-Aug-83,,NAFTZINGE,,,
,,,,,,,,,,,Transfer,,28-Oct-85,,PHILADELP,,,100611
,,,,,,,,,,,Death,,22-Nov-87,,PHILADELP,,,100611
298,FERNDALE,,Male,,UND,,,UND,"9Y,5M,28D",,Birth/Hatch,,17-Apr-77,,EBERSWALD,,,
,,,,,,,,,,,Transfer,,"Jan 01, 1978 +/- 6 month",,MICH KEN,,,
,,,,,,,,,,,Transfer,,13-Jan-78,,CINCINNAT,,,M8015
,,,,,,,,,,,Transfer,,15-Oct-86,,FERNDALE,,,
,,,,,,,,,,,GO LTF,,15-Oct-86,,FERNDALE,,,
299,BUSCH TAM,50350,Female,,UND,,,UND,"12Y,8M,20D",,Birth/Hatch,,27-Apr-77,,Undetermined,,,-
,,,,,,,,,,,Transfer,,"Jul 01, 1980 +/- 6 month",,FERNDALE,,,
,,,,,,,,,,,Transfer,,27-Apr-83,,BUSCH TAM,,,50350
,,,,,,,,,,,Death,,16-Jan-90,,BUSCH TAM,,,50350
300,SAN ANTON,770635,Undetermined,,UND,,,109,"0Y,0M,8D",,Birth/Hatch,,19-Jun-77,,SAN ANTON,,,770635
,,,,,,,,,,,Death,,27-Jun-77,,SAN ANTON,,,770635
301,SAN ANTON,770636,Undetermined,,UND,,,109,"0Y,0M,8D",,Birth/Hatch,,19-Jun-77,,SAN ANTON,,,770636
,,,,,,,,,,,Death,,27-Jun-77,,SAN ANTON,,,770636
302,SAN ANTON,770637,Undetermined,,UND,,,109,"0Y,0M,8D",,Birth/Hatch,,19-Jun-77,,SAN ANTON,,,770637
,,,,,,,,,,,Death,,27-Jun-77,,SAN ANTON,,,770637
303,SAN ANTON,770638,Undetermined,,UND,,,109,"0Y,0M,8D",,Birth/Hatch,,19-Jun-77,,SAN ANTON,,,770638
,,,,,,,,,,,Death,,27-Jun-77,,SAN ANTON,,,770638
304,SAN ANTON,770639,Undetermined,,UND,,,109,"0Y,0M,8D",,Birth/Hatch,,19-Jun-77,,SAN ANTON,,,770639
,,,,,,,,,,,Death,,27-Jun-77,,SAN ANTON,,,770639
305,HOUSTON,1048,Male,,UND,,,UND,"14Y,0M,16D",,Birth/Hatch,,"Jul 01, 1977 +/- 6 month",,Undetermined,,,-
,,,,,,,,,,,Transfer,,"Jul 01, 1978 +/- 6 month",,PRIVATE,,,UNK
,,,,,,,,,,,Transfer,,13-Dec-78,,HOUSTON,,,1048
,,,,,,,,,,,Death,,17-Jul-91,,HOUSTON,,,1048
306,LAVAL,,Male,,UND,,,UND,"9Y,5M,7D",,Birth/Hatch,,"Jul 01, 1977 +/- 6 month",,Undetermined,,,-
,,,,,,,,,,,Transfer,,"Jul 01, 1978 +/- 6 month",,MICH KEN,,,
,,,,,,,,,,,Transfer,,3-Aug-79,,TORONTO,,,12058
,,,,,,,,,,,Transfer,,8-Dec-86,,LAVAL,,,
,,,,,,,,,,,GO LTF,,8-Dec-86,,LAVAL,,,
307,TORONTO,12049,Male,,UND,,,UND,"2Y,11M,11D",,Birth/Hatch,,"Jul 01, 1977 +/- 6 month",,Undetermined,,,-
,,,,,,,,,,,Transfer,,"Jul 01, 1978 +/- 6 month",,MICH KEN,,,
,,,,,,,,,,,Transfer,,3-Aug-79,,TORONTO,,,12049
,,,,,,,,,,,Death,,12-Jun-80,,TORONTO,,,12049
308,NY BRONX,873040,Female,,267,,,191,"11Y,8M,4D",,Birth/Hatch,,9-Jul-77,,NZP-WASH,,,102065
,,,,,,,,,,,Transfer,,6-Dec-78,,SAN ANTON,,,781139
,,,,,,,,,,,Transfer,,17-Jan-79,,LOSANGELE,,,93837
,,,,,,,,,,,Transfer,,28-Aug-87,,NY BRONX,,,873040
,,,,,,,,,,,Death,,13-Mar-89,,NY BRONX,,,873040
309,SAN ANTON,771709,Female,,267,,,191,"11Y,7M,5D",,Birth/Hatch,,9-Jul-77,,NZP-WASH,,,102064
,,,,,,,,,,,Transfer,,21-Mar-79,,SAN ANTON,,,771709
,,,,,,,,,,,Death,,14-Feb-89,,SAN ANTON,,,771709
311,BRIDGETON,4688,Female,,267,,,191,"11Y,4M,0D",,Birth/Hatch,,9-Jul-77,,NZP-WASH,,,102066
,,,,,,,,,,,Transfer,,24-Jul-80,,NZP-CRC,,,102066
,,,,,,,,,,,Transfer,,23-Mar-83,,NZP-WASH,,,102066
,,,,,,,,,,,Transfer,,24-Jul-86,,LINCOLN C,,,476
,,,,,,,,,,,Transfer,,9-Nov-88,,BRIDGETON,,,4688
,,,,,,,,,,,GO LTF,,9-Nov-88,,BRIDGETON,,,4688
312,JERUSALEM,,Female,,267,,,191,"1Y,1M,0D",,Birth/Hatch,,9-Jul-77,,NZP-WASH,,,102067
,,,,,,,,,,,Transfer,,9-Aug-78,,JERUSALEM,,,
,,,,,,,,,,,GO LTF,,9-Aug-78,,JERUSALEM,,,
313,FT WAYNE,1436,Male,,UND,,,UND,"2Y,10M,22D",,Birth/Hatch,,"Sep 26, 1977 +/- 1 day",,Undetermined,,,-
,,,,,,,,,,,Transfer,,"Jul 01, 1978 +/- 6 month",,KINGS ISL,,,
,,,,,,,,,,,Transfer,,27-Sep-79,,FT WAYNE,,,1436
,,,,,,,,,,,Death,,17-Aug-80,,FT WAYNE,,,1436
314,MILWAUKEE,1969,Female,,UND,,,UND,"8Y,5M,4D",,Birth/Hatch,,10-Nov-77,,MILWAUKEE,,,1969
,,,,,,,,,,,Death,,14-Apr-86,,MILWAUKEE,,,1969
315,FT WAYNE,1113,Male,,UND,,,UND,"1Y,1M,22D",,Birth/Hatch,,10-Nov-77,,MILWAUKEE,,,1970
,,,,,,,,,,,Transfer,,16-May-78,,FT WAYNE,,,1113
,,,,,,,,,,,Death,,1-Jan-79,,FT WAYNE,,,1113
316,FT WAYNE,1114,Undetermined,,UND,,,UND,"0Y,8M,18D",,Birth/Hatch,,10-Nov-77,,MILWAUKEE,,,1971
,,,,,,,,,,,Transfer,,16-May-78,,FT WAYNE,,,1114
,,,,,,,,,,,Death,,28-Jul-78,,FT WAYNE,,,1114
317,CLEVELAND,781117,Female,,UND,,,UND,"1Y,1M,11D",,Birth/Hatch,,"Dec 15, 1977 +/- 15 day",,Undetermined,,,-
,,,,,,,,,,,Transfer,,"Jul 01, 1978 +/- 6 month",,FERNDALE,,,
,,,,,,,,,,,Transfer,,10-Nov-78,,CLEVELAND,,,781117
,,,,,,,,,,,Death,,26-Jan-79,,CLEVELAND,,,781117
318,CLEVELAND,781118,Male,,UND,,,UND,"1Y,1M,10D",,Birth/Hatch,,"Dec 15, 1977 +/- 15 day",,Undetermined,,,-
,,,,,,,,,,,Transfer,,"Jul 01, 1978 +/- 6 month",,FERNDALE,,,
,,,,,,,,,,,Transfer,,10-Nov-78,,CLEVELAND,,,781118
,,,,,,,,,,,Death,,25-Jan-79,,CLEVELAND,,,781118
319,PHOENIX,2703,Female,,UND,,,UND,"1Y,0M,1D",,Birth/Hatch,,Undetermined,,Undetermined,,,-
,,,,,,,,,,,Transfer,,"Jul 01, 1978 +/- 6 month",,FERNDALE,,,
,,,,,,,,,,,Transfer,,10-Nov-78,,PHOENIX,,,2703
,,,,,,,,,,,Death,,2-Jan-79,,PHOENIX,,,2703
320,SAN ANTON,780342,Undetermined,,UND,,,269,"0Y,0M,1D",,Birth/Hatch,,16-Mar-78,,SAN ANTON,,,780342
,,,,,,,,,,,Death,,17-Mar-78,,SAN ANTON,,,780342
321,EVANSVLLE,183019,Male,,MULT1,,,221,"6Y,8M,6D",,Birth/Hatch,,28-Mar-78,,SAN ANTON,,,780349
,,,,,,,,,,,Transfer,,3-Apr-79,,DENVER,,,3792
,,,,,,,,,,,Transfer,,11-May-83,,EVANSVLLE,,,183019
,,,,,,,,,,,Death,,4-Dec-84,,EVANSVLLE,,,183019
322,DULUTH,790001,Male,,UND,,,UND,"11Y,7M,23D",,Birth/Hatch,,7-Apr-78,,LCS DOS,,,
,,,,,,,,,,,Transfer,,2-May-80,,DULUTH,,,790001
,,,,,,,,,,,Death,,30-Nov-89,,DULUTH,,,790001
323,DULUTH,790002,Male,,UND,,,UND,"11Y,7M,23D",,Birth/Hatch,,7-Apr-78,,LCS DOS,,,
,,,,,,,,,,,Transfer,,2-May-80,,DULUTH,,,790002
,,,,,,,,,,,Death,,30-Nov-89,,DULUTH,,,790002
324,SANDIEGOZ,180092,Female,,UND,,,UND,"6Y,2M,26D",,Birth/Hatch,,9-Apr-78,,SAN ANTON,,,781412
,,,,,,,,,,,Transfer,,22-Apr-80,,SANDIEGOZ,,,180092
,,,,,,,,,,,Death,,5-Jul-84,,SANDIEGOZ,,,180092
325,NY BRONX,873041,Male,,UND,,,221,"11Y,0M,5D",,Birth/Hatch,,28-Mar-78,,SAN ANTON,,,780350
,,,,,,,,,,,Transfer,,17-Jan-79,,LOSANGELE,,,93836
,,,,,,,,,,,Transfer,,28-Aug-87,,NY BRONX,,,873041
,,,,,,,,,,,Death,,2-Apr-89,,NY BRONX,,,873041
326,PHILADELP,100760,Male,,UND,,,UND,"3Y,4M,7D",,Birth/Hatch,,28-Mar-78,,SAN ANTON,,,780351
,,,,,,,,,,,Transfer,,17-Nov-78,,PHILADELP,,,100760
,,,,,,,,,,,Death,,4-Aug-81,,PHILADELP,,,100760
327,SAN ANTON,781413,Undetermined,,UND,,,UND,"0Y,8M,23D",,Birth/Hatch,,9-Apr-78,,SAN ANTON,,,781413
,,,,,,,,,,,Death,,1-Jan-79,,SAN ANTON,,,781413
328,BUSCH TAM,50349,Male,,UND,,,UND,"5Y,0M,18D",,Birth/Hatch,,27-Apr-78,,Undetermined,,,-
,,,,,,,,,,,Transfer,,"Jul 01, 1980 +/- 6 month",,FERNDALE,,,
,,,,,,,,,,,Transfer,,27-Apr-83,,BUSCH TAM,,,50349
,,,,,,,,,,,Death,,15-May-83,,BUSCH TAM,,,50349
329,TORONTO,10502,Male,,UND,,,UND,"0Y,0M,0D",,Birth/Hatch,,9-May-78,,TORONTO,,,10502
,,,,,,,,,,,Death,,9-May-78,,TORONTO,,,10502
330,NZP-WASH,102315,Male,,267,,,311,"7Y,2M,22D",,Birth/Hatch,,10-May-78,,NZP-WASH,,,102315
,,,,,,,,,,,Transfer,,24-Jul-80,,NZP-CRC,,,102315
,,,,,,,,,,,Transfer,,10-Sep-81,,NZP-WASH,,,102315
,,,,,,,,,,,Death,,1-Aug-85,,NZP-WASH,,,102315
331,CINCINNAT,M8031,Female,,267,,,311,"7Y,5M,29D",,Birth/Hatch,,10-May-78,,NZP-WASH,,,102316
,,,,,,,,,,,Transfer,,21-Mar-79,,SAN ANTON,,,790302
,,,,,,,,,,,Transfer,,14-Oct-83,,CINCINNAT,,,M8031
,,,,,,,,,,,Death,,8-Nov-85,,CINCINNAT,,,M8031
332,SAN ANTON,790303,Female,,267,,,311,"0Y,11M,6D",,Birth/Hatch,,10-May-78,,NZP-WASH,,,102317
,,,,,,,,,,,Transfer,,21-Mar-79,,SAN ANTON,,,790303
,,,,,,,,,,,Death,,16-Apr-79,,SAN ANTON,,,790303
333,NZP-WASH,102318,Female,,267,,,311,"9Y,9M,26D",,Birth/Hatch,,10-May-78,,NZP-WASH,,,102318
,,,,,,,,,,,Death,,7-Mar-88,,NZP-WASH,,,102318
334,OKLAHOMA,481419,Male,,UND,,,UND,"11Y,8M,27D",,Birth/Hatch,,10-May-78,,BARCELONA,,,
,,,,,,,,,,,Transfer,,"Jul 01, 1988 +/- 6 month",,FERNDALE,,,26379
,,,,,,,,,,,Transfer,,9-Dec-88,,OKLAHOMA,,,481419
,,,,,,,,,,,Death,,6-Feb-90,,OKLAHOMA,,,481419
335,NZP-WASH,107076,Male,,WILD,,,WILD,"11Y,11M,20D",,Birth/Hatch,,"May 11, 1978 +/- 1 day",,Israel / ~,,,-
,,,,,,,,,,,Wild Capture,,"May 11, 1978 +/- 1 day",,Israel / ~,,,-
,,,,,,,,,,,Transfer,,"Jul 01, 1982 +/- 6 month",,HAI BAR,,,
,,,,,,,,,,,Transfer,,9-May-86,,NZP-WASH,,,107076
,,,,,,,,,,,Death,,1-May-90,,NZP-WASH,,,107076
336,NY BRONX,801050,Male,,267,,,191,"9Y,11M,10D",,Birth/Hatch,,21-May-78,,NZP-WASH,,,102361
,,,,,,,,,,,Transfer,,6-Mar-80,,NY BRONX,,,801050
,,,,,,,,,,,Death,,1-May-88,,NY BRONX,,,801050
337,NZP-WASH,102362,Female,,267,,,191,"0Y,0M,3D",,Birth/Hatch,,21-May-78,,NZP-WASH,,,102362
,,,,,,,,,,,Death,,24-May-78,,NZP-WASH,,,102362
338,NZP-WASH,102363,Female,,267,,,191,"0Y,0M,3D",,Birth/Hatch,,21-May-78,,NZP-WASH,,,102363
,,,,,,,,,,,Death,,24-May-78,,NZP-WASH,,,102363
339,SAN ANTON,780657,Undetermined,,UND,,,UND,"0Y,1M,1D",,Birth/Hatch,,8-Jun-78,,SAN ANTON,,,780657
,,,,,,,,,,,Death,,9-Jul-78,,SAN ANTON,,,780657
340,SAN ANTON,780658,Undetermined,,UND,,,UND,"0Y,0M,1D",,Birth/Hatch,,8-Jun-78,,SAN ANTON,,,780658
,,,,,,,,,,,Death,,9-Jun-78,,SAN ANTON,,,780658
341,SAN ANTON,780659,Female,,UND,,,UND,"0Y,0M,4D",,Birth/Hatch,,8-Jun-78,,SAN ANTON,,,780659
,,,,,,,,,,,Death,,12-Jun-78,,SAN ANTON,,,780659
342,SAN ANTON,780660,Male,,UND,,,UND,"0Y,0M,9D",,Birth/Hatch,,8-Jun-78,,SAN ANTON,,,780660
,,,,,,,,,,,Death,,17-Jun-78,,SAN ANTON,,,780660
343,DULUTH,890003,Male,,UND,,,UND,"11Y,4M,29D",,Birth/Hatch,,"Jul 01, 1978 +/- 6 month",,DOSWELL,,,
,,,,,,,,,,,Transfer,,3-May-80,,DULUTH,,,890003
,,,,,,,,,,,Death,,30-Nov-89,,DULUTH,,,890003
344,MILWAUKEE,X02248,Undetermined,,UND,,,UND,"0Y,0M,0D",,Birth/Hatch,,12-Nov-78,,MILWAUKEE,,,X02248
,,,,,,,,,,,Death,,12-Nov-78,,MILWAUKEE,,,X02248
345,NZP-WASH,103022,Undetermined,,267,,,191,"0Y,5M,7D",,Birth/Hatch,,2-Feb-79,,NZP-WASH,,,103022
,,,,,,,,,,,Death,,9-Jul-79,,NZP-WASH,,,103022
346,BROWNSVIL,6701,Female,,UND,,,UND,"0Y,0M,14D",,Birth/Hatch,,7-Apr-79,,BROWNSVIL,,,6701
,,,,,,,,,,,Death,,21-Apr-79,,BROWNSVIL,,,6701
347,NZP-WASH,102835,Female,,267,,,191,"8Y,8M,4D",,Birth/Hatch,,17-Apr-79,,NZP-WASH,,,102835
,,,,,,,,,,,Death,,21-Dec-87,,NZP-WASH,,,102835
348,NZP-WASH,102836,Undetermined,,267,,,191,"0Y,0M,2D",,Birth/Hatch,,17-Apr-79,,NZP-WASH,,,102836
,,,,,,,,,,,Death,,19-Apr-79,,NZP-WASH,,,102836
349,PALM DES,48562,Male,,UND,,,UND,"12Y,1M,4D",,Birth/Hatch,,6-Jun-79,,SAN ANTON,,,790631
,,,,,,,,,,,Transfer,,22-Apr-80,,SANDIEGOZ,,,180091
,,,,,,,,,,,Transfer,,16-Jul-85,,PALM DES,,,48562
,,,,,,,,,,,Death,,10-Jul-91,,PALM DES,,,48562
350,PHILADELP,101274,Female,,UND,,,UND,"9Y,3M,13D",,Birth/Hatch,,7-Jun-79,,LCS DOS,,,
,,,,,,,,,,,Transfer,,13-Dec-79,,BALTIMORE,,,M058
,,,,,,,,,,,Transfer,,9-Nov-83,,PHILADELP,,,101274
,,,,,,,,,,,Death,,20-Sep-88,,PHILADELP,,,101274
351,BALTIMORE,M059,Female,,UND,,,UND,"9Y,3M,15D",,Birth/Hatch,,7-Jun-79,,LCS DOS,,,
,,,,,,,,,,,Transfer,,13-Dec-79,,BALTIMORE,,,M059
,,,,,,,,,,,Death,,22-Sep-88,,BALTIMORE,,,M059
352,NZP-WASH,103021,Undetermined,,267,,,191,"0Y,0M,7D",,Birth/Hatch,,2-Jul-79,,NZP-WASH,,,103021
,,,,,,,,,,,Death,,9-Jul-79,,NZP-WASH,,,103021
353,ST LOUIS,80076,Male,,UND,,,UND,"7Y,7M,4D",,Birth/Hatch,,31-Jul-79,,LOSANGELE,,,93942
,,,,,,,,,,,Transfer,,17-Apr-80,,ST LOUIS,,,80076
,,,,,,,,,,,Death,,4-Mar-87,,ST LOUIS,,,80076
354,ST LOUIS,80077,Female,,UND,,,UND,"10Y,7M,12D",,Birth/Hatch,,31-Jul-79,,LOSANGELE,,,93943
,,,,,,,,,,,Transfer,,17-Apr-80,,ST LOUIS,,,80077
,,,,,,,,,,,Death,,12-Mar-90,,ST LOUIS,,,80077
355,BRIDGETON,,Male,,325,,,308,"9Y,3M,9D",,Birth/Hatch,,31-Jul-79,,LOSANGELE,,,93940
,,,,,,,,,,,Transfer,,31-Oct-79,,LINCOLN C,,,115
,,,,,,,,,,,Transfer,,9-Nov-88,,BRIDGETON,,,
,,,,,,,,,,,GO LTF,,9-Nov-88,,BRIDGETON,,,
356,LINCOLN C,114,Female,,325,,,308,"5Y,5M,22D",,Birth/Hatch,,31-Jul-79,,LOSANGELE,,,93941
,,,,,,,,,,,Transfer,,31-Oct-79,,LINCOLN C,,,114
,,,,,,,,,,,Death,,22-Jan-85,,LINCOLN C,,,114
357,BALTIMORE,80104,Male,,325,,,308,"11Y,0M,27D",,Birth/Hatch,,31-Jul-79,,LOSANGELE,,,93944
,,,,,,,,,,,Transfer,,2-Apr-80,,BALTIMORE,,,80104
,,,,,,,,,,,Death,,27-Aug-90,,BALTIMORE,,,80104
358,LOSANGELE,93945,Female,,325,,,308,"0Y,2M,14D",,Birth/Hatch,,31-Jul-79,,LOSANGELE,,,93945
,,,,,,,,,,,Death,,14-Oct-79,,LOSANGELE,,,93945
359,CINCINNAT,M8018,Undetermined,,298,,,195,"0Y,0M,2D",,Birth/Hatch,,14-Feb-80,,CINCINNAT,,,M8018
,,,,,,,,,,,Death,,16-Feb-80,,CINCINNAT,,,M8018
360,CINCINNAT,M8019,Undetermined,,298,,,195,"0Y,0M,2D",,Birth/Hatch,,14-Feb-80,,CINCINNAT,,,M8019
,,,,,,,,,,,Death,,16-Feb-80,,CINCINNAT,,,M8019
361,CINCINNAT,M8020,Undetermined,,298,,,195,"0Y,0M,2D",,Birth/Hatch,,14-Feb-80,,CINCINNAT,,,M8020
,,,,,,,,,,,Death,,16-Feb-80,,CINCINNAT,,,M8020
362,LOSANGELE,93998,Female,,325,,,308,"0Y,0M,0D",,Birth/Hatch,,5-Mar-80,,LOSANGELE,,,93998
,,,,,,,,,,,Death,,5-Mar-80,,LOSANGELE,,,93998
363,LOSANGELE,93999,Female,,325,,,308,"0Y,0M,0D",,Birth/Hatch,,5-Mar-80,,LOSANGELE,,,93999
,,,,,,,,,,,Death,,5-Mar-80,,LOSANGELE,,,93999
364,LOSANGELE,94000,Female,,325,,,308,"0Y,0M,0D",,Birth/Hatch,,5-Mar-80,,LOSANGELE,,,94000
,,,,,,,,,,,Death,,5-Mar-80,,LOSANGELE,,,94000
365,LOSANGELE,N00091,Male,,325,,,308,"0Y,0M,0D",,Birth/Hatch,,5-Mar-80,,LOSANGELE,,,N00091
,,,,,,,,,,,Death,,5-Mar-80,,LOSANGELE,,,N00091
366,LOSANGELE,N00092,Male,,325,,,308,"0Y,0M,0D",,Birth/Hatch,,5-Mar-80,,LOSANGELE,,,N00092
,,,,,,,,,,,Death,,5-Mar-80,,LOSANGELE,,,N00092
367,LOSANGELE,N00093,Male,,325,,,308,"0Y,0M,0D",,Birth/Hatch,,5-Mar-80,,LOSANGELE,,,N00093
,,,,,,,,,,,Death,,5-Mar-80,,LOSANGELE,,,N00093
368,OKLAHOMA,929403,Female,,UND,,,UND,"4Y,11M,5D",,Birth/Hatch,,16-Apr-80,,SAN ANTON,,,800482
,,,,,,,,,,,Transfer,,18-Mar-81,,OKLAHOMA,,,929403
,,,,,,,,,,,Death,,21-Mar-85,,OKLAHOMA,,,929403
369,FERNDALE,,Male,,UND,,,UND,"6Y,4M,17D",,Birth/Hatch,,16-Apr-80,,SAN ANTON,,,800481
,,,,,,,,,,,Transfer,,18-Mar-81,,OKLAHOMA,,,929302
,,,,,,,,,,,Transfer,,2-Sep-86,,FERNDALE,,,
,,,,,,,,,,,GO LTF,,2-Sep-86,,FERNDALE,,,
370,FERNDALE,,Male,,UND,,,289,"0Y,9M,27D",,Birth/Hatch,,19-May-80,,BROWNSVIL,,,1647
,,,,,,,,,,,Transfer,,18-Mar-81,,FERNDALE,,,
,,,,,,,,,,,GO LTF,,18-Mar-81,,FERNDALE,,,
371,BROWNSVIL,1659,Female,,325,,,308,"11Y,4M,12D",,Birth/Hatch,,22-May-80,,LOSANGELE,,,94100
,,,,,,,,,,,Transfer,,24-Nov-80,,BROWNSVIL,,,1659
,,,,,,,,,,,Death,,4-Oct-91,,BROWNSVIL,,,1659
372,NY BRONX,801191,Female,,193,,,194,"0Y,2M,11D",,Birth/Hatch,,28-May-80,,NY BRONX,,,801191
,,,,,,,,,,,Death,,8-Aug-80,,NY BRONX,,,801191
373,NY BRONX,801192,Female,,193,,,194,"0Y,2M,11D",,Birth/Hatch,,28-May-80,,NY BRONX,,,801192
,,,,,,,,,,,Death,,8-Aug-80,,NY BRONX,,,801192
374,PHOENIX,3126,Female,,UND,,,UND,"5Y,1M,13D",,Birth/Hatch,,21-Jun-80,,PHOENIX,,,3126
,,,,,,,,,,,Death,,3-Aug-85,,PHOENIX,,,3126
375,PHOENIX,3113,Male,,UND,,,UND,"0Y,1M,3D",,Birth/Hatch,,21-Jun-80,,PHOENIX,,,3113
,,,,,,,,,,,Death,,24-Jul-80,,PHOENIX,,,3113
376,OKLAHOMA,925601,Female,,298,,,195,"9Y,11M,17D",,Birth/Hatch,,27-Aug-80,,CINCINNAT,,,M8022
,,,,,,,,,,,Transfer,,5-Mar-81,,OKLAHOMA,,,925601
,,,,,,,,,,,Death,,13-Aug-90,,OKLAHOMA,,,925601
377,MILWAUKEE,,Female,,298,,,195,"0Y,5M,23D",,Birth/Hatch,,27-Aug-80,,CINCINNAT,,,M8021
,,,,,,,,,,,Transfer,,19-Feb-81,,MILWAUKEE,,,
,,,,,,,,,,,GO LTF,,19-Feb-81,,MILWAUKEE,,,
378,PALM DES,491003,Male,,UND,,,UND,"12Y,0M,17D",,Birth/Hatch,,5-Oct-80,,METROZOO,,,M00111
,,,,,,,,,,,Transfer,,13-Feb-85,,HOLIDAY,,,27959
,,,,,,,,,,,Transfer,,14-Feb-85,,SANDIEGOZ,,,27959
,,,,,,,,,,,Transfer,,13-Feb-91,,PALM DES,,,491003
,,,,,,,,,,,Death,,22-Oct-92,,PALM DES,,,491003
379,BROWNSVIL,1852,Male,,UND,,,289,"2Y,9M,5D",,Birth/Hatch,,8-Mar-81,,BROWNSVIL,,,1852
,,,,,,,,,,,Death,,13-Dec-83,,BROWNSVIL,,,1852
380,PHOENIX,3318,Female,,UND,,,UND,"0Y,4M,20D",,Birth/Hatch,,22-Mar-81,,PHOENIX,,,3318
,,,,,,,,,,,Death,,11-Aug-81,,PHOENIX,,,3318
381,PHOENIX,3319,Female,,UND,,,UND,"0Y,4M,20D",,Birth/Hatch,,22-Mar-81,,PHOENIX,,,3319
,,,,,,,,,,,Death,,11-Aug-81,,PHOENIX,,,3319
382,OKLAHOMA,104,Male,,138,,,132,"10Y,9M,27D",,Birth/Hatch,,6-Apr-81,,NAFTZINGE,,,
,,,,,,,,,,,Transfer,,10-Dec-81,,OKLAHOMA,,,104
,,,,,,,,,,,Death,,2-Feb-92,,OKLAHOMA,,,104
383,CALGARY,102208,Male,,306,,,177,"9Y,4M,25D",,Birth/Hatch,,18-May-81,,TORONTO,,,14422
,,,,,,,,,,,Transfer,,12-Mar-86,,CALGARY,,,102208
,,,,,,,,,,,Death,,13-Oct-90,,CALGARY,,,102208
384,EVANSVLLE,186063,Male,,270,,,UND,"7Y,10M,14D",,Birth/Hatch,,4-Jun-81,,NAFTZINGE,,,
,,,,,,,,,,,Transfer,,28-Oct-86,,EVANSVLLE,,,186063
,,,,,,,,,,,Death,,18-Apr-89,,EVANSVLLE,,,186063
385,JOHN BALL,32002,Female,,UND,,,UND,"5Y,5M,11D",,Birth/Hatch,,"Jul 01, 1981 +/- 6 month",,Undetermined,,,-
,,,,,,,,,,,Transfer,,"Jul 01, 1982 +/- 6 month",,FERNDALE,,,
,,,,,,,,,,,Transfer,,3-May-83,,JOHN BALL,,,32002
,,,,,,,,,,,Death,,12-Dec-86,,JOHN BALL,,,32002
386,FERNDALE,,Male,,325,,,308,"0Y,7M,9D",,Birth/Hatch,,7-Aug-81,,LOSANGELE,,,94259
,,,,,,,,,,,Transfer,,16-Mar-82,,FERNDALE,,,
,,,,,,,,,,,GO LTF,,16-Mar-82,,FERNDALE,,,
387,NAFTZINGE,,Male,,298,,,195,"11Y,9M,18D",,Birth/Hatch,,20-Aug-81,,CINCINNAT,,,M8025
,,,,,,,,,,,Transfer,,9-Dec-81,,NAFTZINGE,,,
,,,,,,,,,,,Death,,7-Jun-93,,NAFTZINGE,,,
388,LINCOLN C,209,Male,,355,,,356,"0Y,0M,0D",,Birth/Hatch,,7-Sep-81,,LINCOLN C,,,209
,,,,,,,,,,,Death,,7-Sep-81,,LINCOLN C,,,209
389,MILWAUKEE,2355,Male,,UND,,,UND,"11Y,11M,11D",,Birth/Hatch,,20-Sep-81,,CINCINNAT,,,M8024
,,,,,,,,,,,Transfer,,9-Dec-81,,MILWAUKEE,,,2355
,,,,,,,,,,,Death,,31-Aug-93,,MILWAUKEE,,,2355
390,FERNDALE,,Male,,UND,,,UND,"2Y,1M,0D",,Birth/Hatch,,"Nov 08, 1981 +/- 1 day",,Undetermined,,,-
,,,,,,,,,,,Transfer,,"Jul 01, 1982 +/- 6 month",,FERNDALE,,,
,,,,,,,,,,,Transfer,,9-Nov-83,,NZP-WASH,,,105705
,,,,,,,,,,,Transfer,,8-Dec-83,,FERNDALE,,,
,,,,,,,,,,,GO LTF,,8-Dec-83,,FERNDALE,,,
391,FERNDALE,,Male,,UND,,,UND,"2Y,1M,0D",,Birth/Hatch,,"Nov 08, 1981 +/- 1 day",,Undetermined,,,-
,,,,,,,,,,,Transfer,,"Jul 01, 1982 +/- 6 month",,FERNDALE,,,
,,,,,,,,,,,Transfer,,9-Nov-83,,NZP-WASH,,,105706
,,,,,,,,,,,Transfer,,8-Dec-83,,FERNDALE,,,
,,,,,,,,,,,GO LTF,,8-Dec-83,,FERNDALE,,,
392,LINCOLN C,221,Undetermined,,355,,,356,"0Y,0M,2D",,Birth/Hatch,,12-Jan-82,,LINCOLN C,,,221
,,,,,,,,,,,Death,,14-Jan-82,,LINCOLN C,,,221
393,LINCOLN C,222,Undetermined,,355,,,356,"0Y,0M,2D",,Birth/Hatch,,12-Jan-82,,LINCOLN C,,,222
,,,,,,,,,,,Death,,14-Jan-82,,LINCOLN C,,,222
394,CHICAGOBR,24670,Male,,298,,,195,"3Y,10M,1D",,Birth/Hatch,,12-Feb-82,,CINCINNAT,,,M8028
,,,,,,,,,,,Transfer,,26-May-82,,CHICAGOBR,,,24670
,,,,,,,,,,,Death,,13-Dec-85,,CHICAGOBR,,,24670
395,CINCINNAT,M8027,Undetermined,,298,,,195,"0Y,0M,24D",,Birth/Hatch,,12-Feb-82,,CINCINNAT,,,M8027
,,,,,,,,,,,Death,,8-Mar-82,,CINCINNAT,,,M8027
396,TORONTO,15261,Undetermined,,UND,,,UND,"0Y,1M,18D",,Birth/Hatch,,19-Mar-82,,TORONTO,,,15261
,,,,,,,,,,,Death,,7-May-82,,TORONTO,,,15261
397,ST LOUIS,90092,Male,,138,,,132,"13Y,3M,16D",,Birth/Hatch,,29-Mar-82,,NAFTZINGE,,,
,,,,,,,,,,,Transfer,,21-Mar-85,,PALM DES,,,48525
,,,,,,,,,,,Transfer,,19-Sep-90,,ST LOUIS,,,90092
,,,,,,,,,,,Death,,15-Jul-95,,ST LOUIS,,,90092
398,LINCOLN C,228,Male,,355,,,356,"0Y,2M,11D",,Birth/Hatch,,9-Apr-82,,LINCOLN C,,,228
,,,,,,,,,,,Death,,20-Jun-82,,LINCOLN C,,,228
399,LINCOLN C,229,Female,,355,,,356,"4Y,3M,25D",,Birth/Hatch,,9-Apr-82,,LINCOLN C,,,229
,,,,,,,,,,,Death,,3-Aug-86,,LINCOLN C,,,229
400,DENVER,6352,Male,,382,,,368,"2Y,5M,1D",,Birth/Hatch,,1-May-82,,OKLAHOMA,,,29805
,,,,,,,,,,,Transfer,,1-Sep-82,,MILWAUKEE,,,2441
,,,,,,,,,,,Transfer,,10-Nov-82,,OKLAHOMA,,,29805
,,,,,,,,,,,Transfer,,2-Feb-83,,DENVER,,,6352
,,,,,,,,,,,Death,,2-Oct-84,,DENVER,,,6352
401,MILWAUKEE,2442,Female,,382,,,368,"10Y,10M,0D",,Birth/Hatch,,1-May-82,,OKLAHOMA,,,29906
,,,,,,,,,,,Transfer,,1-Sep-82,,MILWAUKEE,,,2442
,,,,,,,,,,,Death,,1-Mar-93,,MILWAUKEE,,,2442
402,BIRMINGHM,1206,Female,,382,,,368,"4Y,5M,1D",,Birth/Hatch,,1-May-82,,OKLAHOMA,,,30007
,,,,,,,,,,,Transfer,,21-Oct-82,,MILWAUKEE,,,2455
,,,,,,,,,,,Transfer,,25-Sep-84,,BIRMINGHM,,,1206
,,,,,,,,,,,Death,,2-Oct-86,,BIRMINGHM,,,1206
403,DULUTH,890004,Female,,382,,,368,"7Y,6M,0D",,Birth/Hatch,,1-May-82,,OKLAHOMA,,,30108
,,,,,,,,,,,Transfer,,21-Oct-82,,DULUTH,,,890004
,,,,,,,,,,,Death,,1-Nov-89,,DULUTH,,,890004
404,PHILADELP,101567,Male,,306,,,177,"11Y,10M,25D",,Birth/Hatch,,27-Jun-82,,TORONTO,,,16000
,,,,,,,,,,,Transfer,,5-May-83,,NORTHLAND,,,
,,,,,,,,,,,Transfer,,14-Jul-83,,CLEVELAND,,,830719
,,,,,,,,,,,Transfer,,5-Feb-87,,PHILADELP,,,101567
,,,,,,,,,,,Death,,22-May-94,,PHILADELP,,,101567
405,EVANSVLLE,183020,Female,,306,,,177,"4Y,8M,22D",,Birth/Hatch,,27-Jun-82,,TORONTO,,,16001
,,,,,,,,,,,Transfer,,5-May-83,,NORTHLAND,,,
,,,,,,,,,,,Transfer,,13-May-83,,EVANSVLLE,,,183020
,,,,,,,,,,,Death,,21-Mar-87,,EVANSVLLE,,,183020
406,PHILADELP,101737,Male,,306,,,177,"8Y,11M,24D",,Birth/Hatch,,27-Jun-82,,TORONTO,,,15895
,,,,,,,,,,,Transfer,,22-Sep-88,,PHILADELP,,,101737
,,,,,,,,,,,Death,,20-Jun-91,,PHILADELP,,,101737
407,BIRMINGHM,1207,Male,,UND,,,UND,"14Y,11M,12D",,Birth/Hatch,,"Jul 01, 1982 +/- 6 month",,Undetermined,,,-
,,,,,,,,,,,Transfer,,"Jul 01, 1983 +/- 6 month",,FERNDALE,,,
,,,,,,,,,,,Transfer,,10-Oct-84,,BIRMINGHM,,,1207
,,,,,,,,,,,Death,,13-Jun-97,,BIRMINGHM,,,1207
408,SEATTLE,900369,Male,,UND,,,UND,"16Y,3M,3D",,Birth/Hatch,,"Jul 01, 1982 +/- 6 month",,Undetermined,,,-
,,,,,,,,,,,Transfer,,"Jul 01, 1983 +/- 6 month",,FERNDALE,,,
,,,,,,,,,,,Transfer,,10-Oct-84,,BIRMINGHM,,,1208
,,,,,,,,,,,Transfer,,5-Sep-90,,SEATTLE,,,900369
,,,,,,,,,,,Death,,4-Oct-98,,SEATTLE,,,900369
409,BIRMINGHM,1209,Female,,UND,,,UND,"2Y,3M,9D",,Birth/Hatch,,"Jul 01, 1982 +/- 6 month",,Undetermined,,,-
,,,,,,,,,,,Transfer,,"Jul 01, 1983 +/- 6 month",,FERNDALE,,,
,,,,,,,,,,,Transfer,,10-Oct-84,,BIRMINGHM,,,1209
,,,,,,,,,,,GO LTF,,10-Oct-84,,BIRMINGHM,,,1209
410,SEATTLE,900370,Female,,UND,,,UND,"13Y,5M,18D",,Birth/Hatch,,"Jul 01, 1982 +/- 6 month",,Undetermined,,,-
,,,,,,,,,,,Transfer,,"Jul 01, 1983 +/- 6 month",,FERNDALE,,,
,,,,,,,,,,,Transfer,,10-Oct-84,,BIRMINGHM,,,1210
,,,,,,,,,,,Transfer,,5-Sep-90,,SEATTLE,,,900370
,,,,,,,,,,,Death,,19-Dec-95,,SEATTLE,,,900370
411,PALM DES,48912,Male,,UND,,,UND,"16Y,11M,1D",,Birth/Hatch,,"Jul 01, 1982 +/- 15 day",,HALL L,,,
,,,,,,,,,,,Transfer,,1-Jun-89,,PALM DES,,,48912
,,,,,,,,,,,Death,,2-Jun-99,,PALM DES,,,48912
412,PITTSBURG,300,Male,,UND,,,UND,"0Y,4M,7D",,Birth/Hatch,,"Dec 28, 1982 +/- 1 day",,NAFTZINGE,,,
,,,,,,,,,,,Transfer,,30-Mar-83,,PITTSBURG,,,300
,,,,,,,,,,,Death,,5-May-83,,PITTSBURG,,,300
413,PITTSBURG,301,Female,,270,,,132,"1Y,0M,4D",,Birth/Hatch,,"Dec 28, 1982 +/- 1 day",,NAFTZINGE,,,
,,,,,,,,,,,Transfer,,30-Mar-83,,PITTSBURG,,,301
,,,,,,,,,,,Death,,1-Jan-84,,PITTSBURG,,,301
414,NY BRONX,833061,Female,,UND,,,UND,"9Y,0M,15D",,Birth/Hatch,,Undetermined,,Undetermined,,,-
,,,,,,,,,,,Transfer,,"Jul 01, 1983 +/- 6 month",,FERNDALE,,,
,,,,,,,,,,,Transfer,,13-Dec-83,,NY BRONX,,,833061
,,,,,,,,,,,Death,,16-Jan-92,,NY BRONX,,,833061
415,NY BRONX,833062,Male,,UND,,,UND,"9Y,8M,9D",,Birth/Hatch,,Undetermined,,Undetermined,,,-
,,,,,,,,,,,Transfer,,"Jul 01, 1983 +/- 6 month",,FERNDALE,,,
,,,,,,,,,,,Transfer,,13-Dec-83,,NY BRONX,,,833062
,,,,,,,,,,,Death,,10-Sep-92,,NY BRONX,,,833062
416,PITTSBURG,307,Male,,138,,,132,"0Y,11M,22D",,Birth/Hatch,,"Jan 10, 1983 +/- 1 day",,NAFTZINGE,,,
,,,,,,,,,,,Transfer,,12-Jul-83,,PITTSBURG,,,307
,,,,,,,,,,,Death,,1-Jan-84,,PITTSBURG,,,307
417,BUSCH TAM,50351,Male,,UND,,,UND,"0Y,8M,23D",,Birth/Hatch,,3-Feb-83,,Undetermined,,,-
,,,,,,,,,,,Transfer,,"May 01, 1983 +/-
6 month",,FERNDALE,,,
,,,,,,,,,,,Transfer,,11-Aug-83,,BUSCH TAM,,,50351
,,,,,,,,,,,Death,,26-Oct-83,,BUSCH TAM,,,50351
418,BROWNSVIL,4002,Male,,UND,,,UND,"12Y,5M,9D",,Birth/Hatch,,3-Feb-83,,Undetermined,,,-
,,,,,,,,,,,Transfer,,"May 01, 1983 +/- 15 day",,FERNDALE,,,
,,,,,,,,,,,Transfer,,10-Aug-83,,ABQBIOPK,,,9030
,,,,,,,,,,,Transfer,,13-Apr-89,,BROWNSVIL,,,4002
,,,,,,,,,,,Death,,12-Jul-95,,BROWNSVIL,,,4002
419,BROWNSVIL,4003,Male,,UND,,,UND,"7Y,0M,1D",,Birth/Hatch,,3-Feb-83,,Undetermined,,,-
,,,,,,,,,,,Transfer,,"May 01, 1983 +/- 15 day",,FERNDALE,,,
,,,,,,,,,,,Transfer,,10-Aug-83,,ABQBIOPK,,,9032
,,,,,,,,,,,Transfer,,13-Apr-89,,BROWNSVIL,,,4003
,,,,,,,,,,,Death,,4-Feb-90,,BROWNSVIL,,,4003
420,CHICAGOBR,24977,Female,,UND,,,UND,"14Y,2M,22D",,Birth/Hatch,,3-Feb-83,,Undetermined,,,-
,,,,,,,,,,,Transfer,,"May 01, 1983 +/- 15 day",,FERNDALE,,,
,,,,,,,,,,,Transfer,,10-Aug-83,,CHICAGOBR,,,24977
,,,,,,,,,,,Death,,25-Apr-97,,CHICAGOBR,,,24977
421,JOHNSON L,,Male,,UND,,,UND,"13Y,5M,4D",,Birth/Hatch,,3-Feb-83,,Undetermined,,,-
,,,,,,,,,,,Transfer,,"May 01, 1983 +/- 15 day",,FERNDALE,,,
,,,,,,,,,,,Transfer,,10-Aug-83,,ABQBIOPK,,,9031
,,,,,,,,,,,Transfer,,7-Jul-96,,JOHNSON L,,,
,,,,,,,,,,,GO LTF,,7-Jul-96,,JOHNSON L,,,
422,HALL L,FERD,Male,,UND,,,UND,"13Y,4M,10D",,Birth/Hatch,,"Feb 05, 1983 +/- 1 day",,HALL L,,,
,,,,,,,,,,,Transfer,,5-Feb-85,,FRESNO,,,1516
,,,,,,,,,,,Transfer,,21-Jun-85,,SYRACUSE,,,M85004
,,,,,,,,,,,Transfer,,14-Dec-90,,HALL L,,,FERD
,,,,,,,,,,,Death,,"Jun 15, 1996 +/- 1 day",,HALL L,,,FERD
423,HALL L,FANNY,Female,,UND,,,UND,"14Y,4M,10D",,Birth/Hatch,,"Feb 05, 1983 +/- 1 day",,HALL L,,,
,,,,,,,,,,,Transfer,,5-Feb-85,,FRESNO,,,1517
,,,,,,,,,,,Transfer,,21-Jun-85,,SYRACUSE,,,M85005
,,,,,,,,,,,Transfer,,14-Dec-90,,HALL L,,,FANNY
,,,,,,,,,,,Death,,"Jun 15, 1997 +/- 1 day",,HALL L,,,FANNY
424,BROWNSVIL,4004,Female,,UND,,,UND,"12Y,7M,16D",,Birth/Hatch,,16-Mar-83,,Undetermined,,,-
,,,,,,,,,,,Transfer,,"May 01, 1983 +/- 15 day",,FERNDALE,,,
,,,,,,,,,,,Transfer,,10-Aug-83,,ABQBIOPK,,,9036
,,,,,,,,,,,Transfer,,13-Apr-89,,BROWNSVIL,,,4004
,,,,,,,,,,,Death,,1-Nov-95,,BROWNSVIL,,,4004
425,BROWNSVIL,4005,Female,,UND,,,UND,"12Y,9M,20D",,Birth/Hatch,,16-Mar-83,,Undetermined,,,-
,,,,,,,,,,,Transfer,,"May 01, 1983 +/- 15 day",,FERNDALE,,,
,,,,,,,,,,,Transfer,,10-Aug-83,,ABQBIOPK,,,9035
,,,,,,,,,,,Transfer,,13-Apr-89,,BROWNSVIL,,,4005
,,,,,,,,,,,Death,,5-Jan-96,,BROWNSVIL,,,4005
426,FOUTS J,,Female,,UND,,,UND,"9Y,8M,25D",,Birth/Hatch,,16-Mar-83,,Undetermined,,,-
,,,,,,,,,,,Transfer,,"May 01, 1983 +/- 15 day",,FERNDALE,,,
,,,,,,,,,,,Transfer,,10-Aug-83,,ABQBIOPK,,,9033
,,,,,,,,,,,Transfer,,11-Dec-92,,FOUTS J,,,
,,,,,,,,,,,GO LTF,,11-Dec-92,,FOUTS J,,,
427,ABQBIOPK,9034,Female,,UND,,,UND,"10Y,1M,25D",,Birth/Hatch,,16-Mar-83,,Undetermined,,,-
,,,,,,,,,,,Transfer,,"May 01, 1983 +/- 15 day",,FERNDALE,,,
,,,,,,,,,,,Transfer,,10-Aug-83,,ABQBIOPK,,,9034
,,,,,,,,,,,Death,,11-May-93,,ABQBIOPK,,,9034
428,OKLAHOMA,106209,Male,,382,,,368,"0Y,1M,3D",,Birth/Hatch,,10-Apr-83,,OKLAHOMA,,,106209
,,,,,,,,,,,Death,,13-May-83,,OKLAHOMA,,,106209
429,OKLAHOMA,106310,Male,,382,,,368,"0Y,1M,1D",,Birth/Hatch,,10-Apr-83,,OKLAHOMA,,,106310
,,,,,,,,,,,Death,,11-May-83,,OKLAHOMA,,,106310
430,NZP-WASH,108590,Female,,UND,,,UND,"12Y,7M,7D",,Birth/Hatch,,9-May-83,,FRANKFURT,,,
,,,,,,,,,,,Transfer,,"Aug 01, 1983 +/- 15 day",,FERNDALE,,,
,,,,,,,,,,,Transfer,,8-Nov-83,,SAN ANTON,,,831126
,,,,,,,,,,,Transfer,,16-Feb-89,,NZP-WASH,,,108590
,,,,,,,,,,,Death,,16-Dec-95,,NZP-WASH,,,108590
431,SAN ANTON,831125,Male,,UND,,,UND,"12Y,4M,18D",,Birth/Hatch,,9-May-83,,FRANKFURT,,,
,,,,,,,,,,,Transfer,,"Aug 01, 1983 +/- 15 day",,FERNDALE,,,
,,,,,,,,,,,Transfer,,8-Nov-83,,SAN ANTON,,,831125
,,,,,,,,,,,Death,,27-Sep-95,,SAN ANTON,,,831125
432,SANDIEGOZ,83838,Male,,349,,,324,"0Y,0M,0D",,Birth/Hatch,,30-May-83,,SANDIEGOZ,,,83838
,,,,,,,,,,,Death,,30-May-83,,SANDIEGOZ,,,83838
433,SANDIEGOZ,83839,Male,,349,,,324,"0Y,0M,0D",,Birth/Hatch,,30-May-83,,SANDIEGOZ,,,83839
,,,,,,,,,,,Death,,30-May-83,,SANDIEGOZ,,,83839
434,SANDIEGOZ,83840,Male,,349,,,324,"0Y,0M,0D",,Birth/Hatch,,30-May-83,,SANDIEGOZ,,,83840
,,,,,,,,,,,Death,,30-May-83,,SANDIEGOZ,,,83840
435,SANDIEGOZ,83841,Female,,349,,,324,"0Y,0M,0D",,Birth/Hatch,,30-May-83,,SANDIEGOZ,,,83841
,,,,,,,,,,,Death,,30-May-83,,SANDIEGOZ,,,83841
436,SANDIEGOZ,83842,Undetermined,,349,,,324,"0Y,0M,0D",,Birth/Hatch,,30-May-83,,SANDIEGOZ,,,83842
,,,,,,,,,,,Death,,30-May-83,,SANDIEGOZ,,,83842
437,BROWNSVIL,1953,Male,,UND,,,UND,"0Y,6M,14D",,Birth/Hatch,,7-Jun-83,,BROWNSVIL,,,1953
,,,,,,,,,,,Death,,21-Dec-83,,BROWNSVIL,,,1953
438,PALM DES,491004,Female,,WILD,,,WILD,"12Y,0M,7D",,Birth/Hatch,,30-Jun-83,,Africa,,,-
,,,,,,,,,,,"Wild
Capture",,30-Jun-83,,Africa,,,-
,,,,,,,,,,,Transfer,,"Jul 01, 1984 +/- 6 month",,FERNDALE,,,
,,,,,,,,,,,Transfer,,16-Nov-84,,SANDIEGOZ,,,27700
,,,,,,,,,,,Transfer,,13-Feb-91,,PALM DES,,,491004
,,,,,,,,,,,Death,,7-Jul-95,,PALM DES,,,491004
439,NORTHLAND,,Female,,WILD,,,WILD,"5Y,9M,0D",,Birth/Hatch,,30-Jun-83,,Africa,,,-
,,,,,,,,,,,"Wild
Capture",,30-Jun-83,,Africa,,,-
,,,,,,,,,,,Transfer,,"Jul 01, 1983 +/- 15 day",,FERNDALE,,,
,,,,,,,,,,,Transfer,,16-Nov-84,,SANDIEGOZ,,,27701
,,,,,,,,,,,Transfer,,30-Mar-89,,NORTHLAND,,,
,,,,,,,,,,,GO LTF,,30-Mar-89,,NORTHLAND,,,
440,SAN ANTON,839105,Female,,UND,,,UND,"12Y,8M,20D",,Birth/Hatch,,"Jun 30, 1983 +/- 1 day",,Undetermined,,,-
,,,,,,,,,,,Transfer,,"Sep 01, 1983 +/- 6 month",,FERNDALE,,,
,,,,,,,,,,,Transfer,,30-Dec-83,,SAN ANTON,,,839105
,,,,,,,,,,,Death,,20-Mar-96,,SAN ANTON,,,839105
441,SANDIEGOZ,783860,Male,,UND,,,UND,"0Y,2M,6D",,Birth/Hatch,,3-Jul-83,,HALL L,,,
,,,,,,,,,,,Transfer,,9-Sep-83,,SANDIEGOZ,,,783860
,,,,,,,,,,,GO LTF,,9-Sep-83,,SANDIEGOZ,,,783860
442,PALM DES,48563,Female,,UND,,,UND,"9Y,8M,10D",,Birth/Hatch,,13-Jul-83,,HALL L,,,
,,,,,,,,,,,Transfer,,9-Sep-83,,SANDIEGOZ,,,783861
,,,,,,,,,,,Transfer,,16-Jul-85,,PALM DES,,,48563
,,,,,,,,,,,Death,,23-Mar-93,,PALM DES,,,48563
443,BROWNSVIL,2288,Male,,UND,,,UND,"13Y,3M,5D",,Birth/Hatch,,"Nov 01, 1983 +/- 1 day",,Undetermined,,,-
,,,,,,,,,,,Transfer,,"May 01, 1984 +/-
6 month",,FERNDALE,,,
,,,,,,,,,,,Transfer,,1-Nov-84,,BROWNSVIL,,,2288
,,,,,,,,,,,Death,,6-Feb-97,,BROWNSVIL,,,2288
444,BROWNSVIL,2289,Female,,UND,,,UND,"11Y,6M,21D",,Birth/Hatch,,"Nov 01, 1983 +/- 1 day",,Undetermined,,,-
,,,,,,,,,,,Transfer,,"Apr 01, 1984 +/- 6 month",,FERNDALE,,,
,,,,,,,,,,,Transfer,,1-Nov-84,,BROWNSVIL,,,2289
,,,,,,,,,,,Death,,22-May-95,,BROWNSVIL,,,2289
445,HOGLE,5209,Male,,UND,,,UND,"8Y,9M,17D",,Birth/Hatch,,Undetermined,,Undetermined,,,-
,,,,,,,,,,,Transfer,,"Jan 01, 1984 +/- 6 month",,FERNDALE,,,
,,,,,,,,,,,Transfer,,18-May-84,,HOGLE,,,5209
,,,,,,,,,,,Death,,18-Oct-92,,HOGLE,,,5209
446,SAN ANTON,841164,Female,,UND,,,UND,"10Y,0M,12D",,Birth/Hatch,,Undetermined,,CENTERHIL,,,
,,,,,,,,,,,Transfer,,28-Nov-84,,SAN ANTON,,,841164
,,,,,,,,,,,Death,,13-Jan-94,,SAN ANTON,,,841164
447,BROWNSVIL,6702,Female,,UND,,,UND,"1Y,0M,14D",,Birth/Hatch,,Undetermined,,Undetermined,,,-
,,,,,,,,,,,Transfer,,"Jun 01, 1984 +/- 6 month",,FERNDALE,,,
,,,,,,,,,,,Transfer,,1-Nov-84,,BROWNSVIL,,,6702
,,,,,,,,,,,Death,,15-Jan-85,,BROWNSVIL,,,6702
448,SANDIEGOZ,28094,Male,,UND,,,UND,"1Y,4M,18D",,Birth/Hatch,,1-Mar-84,,RUSHDEN,,,
,,,,,,,,,,,Transfer,,"Jul 01, 1984 +/- 6 month",,ZEEHANDLR,,,
,,,,,,,,,,,Transfer,,29-Mar-85,,SANDIEGOZ,,,28094
,,,,,,,,,,,Death,,19-Jul-85,,SANDIEGOZ,,,28094
449,NORTHLAND,,Male,,UND,,,UND,"5Y,0M,29D",,Birth/Hatch,,1-Mar-84,,RUSHDEN,,,
,,,,,,,,,,,Transfer,,"Jul 01, 1984 +/- 6 month",,ZEEHANDLR,,,
,,,,,,,,,,,Transfer,,29-Mar-85,,SANDIEGOZ,,,28095
,,,,,,,,,,,Transfer,,30-Mar-89,,NORTHLAND,,,
,,,,,,,,,,,GO LTF,,30-Mar-89,,NORTHLAND,,,
450,OKLAHOMA,251611,Female,,382,,,368,"0Y,0M,0D",,Birth/Hatch,,24-Apr-84,,OKLAHOMA,,,251611
,,,,,,,,,,,Death,,24-Apr-84,,OKLAHOMA,,,251611
451,OKLAHOMA,251712,Female,,382,,,368,"0Y,0M,0D",,Birth/Hatch,,24-Apr-84,,OKLAHOMA,,,251712
,,,,,,,,,,,Death,,24-Apr-84,,OKLAHOMA,,,251712
452,SANDIEGOZ,25395,Female,,349,,,324,"0Y,0M,1D",,Birth/Hatch,,29-Jun-84,,SANDIEGOZ,,,25395
,,,,,,,,,,,Death,,30-Jun-84,,SANDIEGOZ,,,25395
453,SANDIEGOZ,25396,Undetermined,,349,,,324,"0Y,0M,1D",,Birth/Hatch,,29-Jun-84,,SANDIEGOZ,,,25396
,,,,,,,,,,,Death,,30-Jun-84,,SANDIEGOZ,,,25396
454,SANDIEGOZ,25397,Undetermined,,349,,,324,"0Y,0M,6D",,Birth/Hatch,,29-Jun-84,,SANDIEGOZ,,,25397
,,,,,,,,,,,Death,,5-Jul-84,,SANDIEGOZ,,,25397
455,SANDIEGOZ,25398,Undetermined,,349,,,324,"0Y,0M,6D",,Birth/Hatch,,29-Jun-84,,SANDIEGOZ,,,25398
,,,,,,,,,,,Death,,5-Jul-84,,SANDIEGOZ,,,25398
456,SANDIEGOZ,25399,Undetermined,,349,,,324,"0Y,0M,6D",,Birth/Hatch,,29-Jun-84,,SANDIEGOZ,,,25399
,,,,,,,,,,,Death,,5-Jul-84,,SANDIEGOZ,,,25399
457,WILD WRLD,3644,Female,,UND,,,UND,"7Y,6M,20D",,Birth/Hatch,,1-Jul-84,,HALL L,,,
,,,,,,,,,,,Transfer,,8-Jan-85,,CINCINNAT,,,M8042
,,,,,,,,,,,Transfer,,21-Jan-92,,WILD WRLD,,,3644
,,,,,,,,,,,GO LTF,,21-Jan-92,,WILD WRLD,,,3644
458,ST LOUIS,90093,Female,,387,,,808,"10Y,1M,8D",,Birth/Hatch,,7-Jul-84,,NAFTZINGE,,,
,,,,,,,,,,,Transfer,,21-Mar-85,,PALM DES,,,48526
,,,,,,,,,,,Transfer,,19-Sep-90,,ST LOUIS,,,90093
,,,,,,,,,,,Death,,15-Aug-94,,ST LOUIS,,,90093
459,NAFTZINGE,,Male,,136,,,137,"5Y,0M,23D",,Birth/Hatch,,9-Jul-84,,NAFTZINGE,,,
,,,,,,,,,,,Transfer,,30-Apr-85,,EVANSVLLE,,,185038
,,,,,,,,,,,Transfer,,4-Nov-86,,NAFTZINGE,,,
,,,,,,,,,,,Death,,1-Aug-89,,NAFTZINGE,,,
460,WILD WRLD,3643,Male,,297,,,809,"12Y,9M,20D",,Birth/Hatch,,12-Aug-84,,NAFTZINGE,,,
,,,,,,,,,,,Transfer,,4-Dec-84,,CINCINNAT,,,M8039
,,,,,,,,,,,Transfer,,21-Jan-92,,WILD WRLD,,,3643
,,,,,,,,,,,Death,,1-Jun-97,,WILD WRLD,,,3643
461,ST LOUIS,84075,Undetermined,,353,,,354,"0Y,0M,0D",,Birth/Hatch,,21-Aug-84,,ST LOUIS,,,84075
,,,,,,,,,,,Death,,21-Aug-84,,ST LOUIS,,,84075
462,ST LOUIS,84076,Undetermined,,353,,,354,"0Y,0M,0D",,Birth/Hatch,,21-Aug-84,,ST LOUIS,,,84076
,,,,,,,,,,,Death,,21-Aug-84,,ST LOUIS,,,84076
463,JOHN BALL,32003,Male,,UND,,,UND,"0Y,9M,10D",,Birth/Hatch,,22-Aug-84,,EVANSVLLE,,,184085
,,,,,,,,,,,Transfer,,6-May-85,,JOHN BALL,,,32003
,,,,,,,,,,,Death,,1-Jun-85,,JOHN BALL,,,32003
464,NAFTZINGE,,Male,,321,,,405,"6Y,2M,23D",,Birth/Hatch,,22-Aug-84,,EVANSVLLE,,,184086
,,,,,,,,,,,Transfer,,29-Apr-85,,NAFTZINGE,,,
,,,,,,,,,,,Death,,14-Nov-90,,NAFTZINGE,,,
465,OKLAHOMA,287013,Male,,382,,,368,"0Y,0M,1D",,Birth/Hatch,,14-Sep-84,,OKLAHOMA,,,287013
,,,,,,,,,,,Death,,15-Sep-84,,OKLAHOMA,,,287013
466,OKLAHOMA,287114,Male,,382,,,368,"0Y,0M,2D",,Birth/Hatch,,14-Sep-84,,OKLAHOMA,,,287114
,,,,,,,,,,,Death,,16-Sep-84,,OKLAHOMA,,,287114
467,NZP-WASH,106485,Male,,WILD,,,WILD,"13Y,6M,4D",,Birth/Hatch,,"Dec 01, 1984 +/- 15 day",,Algeria / ~,,,-
,,,,,,,,,,,"Wild
Capture",,"Dec 20, 1984 +/- 1 day",,Algeria / ~,,,-
,,,,,,,,,,,Transfer,,"Jan 01, 1985 +/- 6 month",,USDI LAW,,,
,,,,,,,,,,,Transfer,,22-May-85,,NZP-WASH,,,106485
,,,,,,,,,,,Death,,5-Jun-98,,NZP-WASH,,,106485
468,OKLAHOMA,317015,Undetermined,,382,,,368,"0Y,0M,0D",,Birth/Hatch,,21-Mar-85,,OKLAHOMA,,,317015
,,,,,,,,,,,Death,,21-Mar-85,,OKLAHOMA,,,317015
469,OKLAHOMA,317116,Female,,382,,,368,"0Y,0M,0D",,Birth/Hatch,,21-Mar-85,,OKLAHOMA,,,317116
,,,,,,,,,,,Death,,21-Mar-85,,OKLAHOMA,,,317116
470,OKLAHOMA,317217,Undetermined,,382,,,368,"0Y,0M,0D",,Birth/Hatch,,21-Mar-85,,OKLAHOMA,,,317217
,,,,,,,,,,,Death,,21-Mar-85,,OKLAHOMA,,,317217
471,BUSCH TAM,50352,Male,,UND,,,UND,"4Y,7M,30D",,Birth/Hatch,,14-Jun-85,,Undetermined,,,-
,,,,,,,,,,,Transfer,,"Jul 01, 1986 +/- 6 month",,FERNDALE,,,
,,,,,,,,,,,Transfer,,14-Jun-87,,BUSCH TAM,,,50352
,,,,,,,,,,,Death,,13-Feb-90,,BUSCH TAM,,,50352
472,REDDICK,,Female,,UND,,,UND,"6Y,2M,21D",,Birth/Hatch,,14-Jun-85,,Undetermined,,,-
,,,,,,,,,,,Transfer,,"Jul 01, 1986 +/- 6 month",,FERNDALE,,,
,,,,,,,,,,,Transfer,,14-Jun-87,,BUSCH TAM,,,50353
,,,,,,,,,,,Transfer,,4-Sep-91,,REDDICK,,,
,,,,,,,,,,,GO LTF,,4-Sep-91,,REDDICK,,,
473,TORONTO,19851,Undetermined,,406,,,256,"0Y,0M,7D",,Birth/Hatch,,23-Jun-85,,TORONTO,,,19851
,,,,,,,,,,,Death,,30-Jun-85,,TORONTO,,,19851
474,PUEBLO,910103,Male,,UND,,,UND,"13Y,11M,2D",,Birth/Hatch,,7-Jul-85,,SAN ANTON,,,850721
,,,,,,,,,,,Transfer,,"Jul 01, 1986 +/- 6 month",,BANKS J,,,
,,,,,,,,,,,Transfer,,28-Jan-87,,HOUSTON,,,7816
,,,,,,,,,,,Transfer,,18-Dec-91,,PUEBLO,,,910103
,,,,,,,,,,,Death,,9-Jun-99,,PUEBLO,,,910103
475,PHILADELP,101419,Female,,297,,,809,"10Y,4M,9D",,Birth/Hatch,,21-Aug-85,,NAFTZINGE,,,
,,,,,,,,,,,Transfer,,8-Apr-86,,PHILADELP,,,101419
,,,,,,,,,,,Death,,30-Dec-95,,PHILADELP,,,101419
476,PHILADELP,101418,Female,,297,,,809,"9Y,3M,15D",,Birth/Hatch,,21-Aug-85,,NAFTZINGE,,,
,,,,,,,,,,,Transfer,,8-Apr-86,,PHILADELP,,,101418
,,,,,,,,,,,Death,,6-Dec-94,,PHILADELP,,,101418
477,MELBOURNE,880133,Male,,422,,,423,"3Y,8M,17D",,Birth/Hatch,,5-Mar-86,,SYRACUSE,,,M86022
,,,,,,,,,,,Transfer,,11-Jun-88,,MELBOURNE,,,880133
,,,,,,,,,,,Death,,22-Nov-89,,MELBOURNE,,,880133
478,LAVAL,,Female,,406,,,256,"0Y,8M,2D",,Birth/Hatch,,6-Apr-86,,TORONTO,,,20616
,,,,,,,,,,,Transfer,,8-Dec-86,,LAVAL,,,
,,,,,,,,,,,GO LTF,,8-Dec-86,,LAVAL,,,
479,HOUSTON,7817,Female,,431,,,440,"9Y,6M,9D",,Birth/Hatch,,21-May-86,,SAN ANTON,,,861550
,,,,,,,,,,,Transfer,,"Jul 01, 1986 +/- 6 month",,BANKS J,,,
,,,,,,,,,,,Transfer,,28-Jan-87,,HOUSTON,,,7817
,,,,,,,,,,,Death,,30-Nov-95,,HOUSTON,,,7817
480,SAN ANTON,861548,Female,,431,,,440,"0Y,0M,2D",,Birth/Hatch,,21-May-86,,SAN ANTON,,,861548
,,,,,,,,,,,Death,,23-May-86,,SAN ANTON,,,861548
481,SAN ANTON,861549,Female,,431,,,440,"0Y,0M,5D",,Birth/Hatch,,21-May-86,,SAN ANTON,,,861549
,,,,,,,,,,,Death,,26-May-86,,SAN ANTON,,,861549
482,NY BRONX,863016,Male,,415,,,414,"8Y,3M,30D",,Birth/Hatch,,29-May-86,,NY BRONX,,,863016
,,,,,,,,,,,Death,,28-Sep-94,,NY BRONX,,,863016
483,NY BRONX,863017,Male,,415,,,414,"7Y,11M,12D",,Birth/Hatch,,29-May-86,,NY BRONX,,,863017
,,,,,,,,,,,Death,,11-May-94,,NY BRONX,,,863017
484,ST LOUIS,87053,Male,,422,,,423,"10Y,11M,20D",,Birth/Hatch,,20-Jun-86,,SYRACUSE,,,M86108
,,,,,,,,,,,Transfer,,20-May-87,,ST LOUIS,,,87053
,,,,,,,,,,,Death,,9-Jun-97,,ST LOUIS,,,87053
485,MELBOURNE,880134,Female,,422,,,423,"12Y,1M,7D",,Birth/Hatch,,20-Jun-86,,SYRACUSE,,,M86109
,,,,,,,,,,,Transfer,,11-Jun-88,,MELBOURNE,,,880134
,,,,,,,,,,,Death,,27-Jul-98,,MELBOURNE,,,880134
486,SYRACUSE,M86110,Undetermined,,422,,,423,"0Y,0M,3D",,Birth/Hatch,,20-Jun-86,,SYRACUSE,,,M86110
,,,,,,,,,,,Death,,23-Jun-86,,SYRACUSE,,,M86110
487,SYRACUSE,M86111,Undetermined,,422,,,423,"0Y,0M,3D",,Birth/Hatch,,20-Jun-86,,SYRACUSE,,,M86111
,,,,,,,,,,,Death,,23-Jun-86,,SYRACUSE,,,M86111
488,CINCINNAT,M8052,Undetermined,,460,,,457,"0Y,0M,3D",,Birth/Hatch,,12-Aug-86,,CINCINNAT,,,M8052
,,,,,,,,,,,Death,,15-Aug-86,,CINCINNAT,,,M8052
489,CINCINNAT,M8083,Undetermined,,460,,,457,"0Y,0M,3D",,Birth/Hatch,,12-Aug-86,,CINCINNAT,,,M8083
,,,,,,,,,,,Death,,15-Aug-86,,CINCINNAT,,,M8083
490,NAFTZINGE,,Male,,UND,,,UND,"8Y,7M,0D",,Birth/Hatch,,20-Aug-86,,SAN ANTON,,,
,,,,,,,,,,,Transfer,,12-May-88,,CINCINNAT,,,M8074
,,,,,,,,,,,Transfer,,26-May-88,,NAFTZINGE,,,
,,,,,,,,,,,Death,,"Mar 20, 1995 +/- 5 year",,NAFTZINGE,,,
491,BROWNSVIL,3082,Female,,UND,,,UND,"0Y,0M,0D",,Birth/Hatch,,24-Oct-86,,BROWNSVIL,,,3082
,,,,,,,,,,,Death,,24-Oct-86,,BROWNSVIL,,,3082
492,PHOENIX,5273,Male,,UND,,,UND,"4Y,5M,25D",,Birth/Hatch,,Undetermined,,Undetermined,,,-
,,,,,,,,,,,Transfer,,"Jul 01, 1987 +/- 6 month",,GRAND PRA,,,
,,,,,,,,,,,Transfer,,25-Mar-88,,PHOENIX,,,5273
,,,,,,,,,,,Death,,26-Jun-91,,PHOENIX,,,5273
493,HOUSTON,8195,Undetermined,,474,,,479,"0Y,0M,0D",,Birth/Hatch,,25-Mar-87,,HOUSTON,,,8195
,,,,,,,,,,,Death,,25-Mar-87,,HOUSTON,,,8195
494,CINCINNAT,M8054,Undetermined,,460,,,457,"0Y,0M,6D",,Birth/Hatch,,11-Apr-87,,CINCINNAT,,,M8054
,,,,,,,,,,,Death,,17-Apr-87,,CINCINNAT,,,M8054
495,CINCINNAT,M8055,Undetermined,,460,,,457,"0Y,0M,6D",,Birth/Hatch,,11-Apr-87,,CINCINNAT,,,M8055
,,,,,,,,,,,Death,,17-Apr-87,,CINCINNAT,,,M8055
496,CINCINNAT,M8056,Undetermined,,460,,,457,"0Y,0M,6D",,Birth/Hatch,,11-Apr-87,,CINCINNAT,,,M8056
,,,,,,,,,,,Death,,17-Apr-87,,CINCINNAT,,,M8056
497,CINCINNAT,M8057,Undetermined,,460,,,457,"0Y,0M,6D",,Birth/Hatch,,11-Apr-87,,CINCINNAT,,,M8057
,,,,,,,,,,,Death,,17-Apr-87,,CINCINNAT,,,M8057
498,CINCINNAT,M8058,Undetermined,,460,,,457,"0Y,0M,6D",,Birth/Hatch,,11-Apr-87,,CINCINNAT,,,M8058
,,,,,,,,,,,Death,,17-Apr-87,,CINCINNAT,,,M8058
499,NY BRONX,873010,Male,,415,,,414,"0Y,0M,7D",,Birth/Hatch,,12-Apr-87,,NY BRONX,,,873010
,,,,,,,,,,,Death,,19-Apr-87,,NY BRONX,,,873010
500,NY BRONX,873011,Male,,415,,,414,"0Y,0M,10D",,Birth/Hatch,,12-Apr-87,,NY BRONX,,,873011
,,,,,,,,,,,Death,,22-Apr-87,,NY BRONX,,,873011
501,NY BRONX,873012,Female,,415,,,414,"0Y,0M,18D",,Birth/Hatch,,12-Apr-87,,NY BRONX,,,873012
,,,,,,,,,,,Death,,30-Apr-87,,NY BRONX,,,873012
502,HALL L,,Female,,UND,,,UND,"0Y,7M,17D",,Birth/Hatch,,19-Apr-87,,ABQBIOPK,,,9037
,,,,,,,,,,,Transfer,,6-Dec-87,,HALL L,,,
,,,,,,,,,,,GO LTF,,6-Dec-87,,HALL L,,,
503,NZP-WASH,108294,Female,,UND,,,UND,"13Y,5M,18D",,Birth/Hatch,,24-Apr-87,,ABQBIOPK,,,9040
,,,,,,,,,,,Transfer,,24-Feb-88,,SPRINGER,,,
,,,,,,,,,,,Transfer,,24-May-88,,ABQBIOPK,,,9040
,,,,,,,,,,,Transfer,,1-Sep-88,,NZP-WASH,,,108294
,,,,,,,,,,,Death,,12-Oct-00,,NZP-WASH,,,108294
504,SPRINGER,,Male,,UND,,,UND,"0Y,8M,11D",,Birth/Hatch,,24-Apr-87,,ABQBIOPK,,,9038
,,,,,,,,,,,Transfer,,4-Jan-88,,SPRINGER,,,
,,,,,,,,,,,GO LTF,,4-Jan-88,,SPRINGER,,,
505,HALL L,,Male,,UND,,,UND,"0Y,7M,12D",,Birth/Hatch,,24-Apr-87,,ABQBIOPK,,,9039
,,,,,,,,,,,Transfer,,6-Dec-87,,HALL L,,,
,,,,,,,,,,,GO LTF,,6-Dec-87,,HALL L,,,
506,WILD WRLD,4842,Female,,528,,,810,"11Y,4M,9D",,Birth/Hatch,,3-May-87,,NAFTZINGE,,,
,,,,,,,,,,,Transfer,,29-Aug-89,,JOHN BALL,,,300647
,,,,,,,,,,,Transfer,,26-Jul-95,,WILD WRLD,,,4842
,,,,,,,,,,,Death,,12-Sep-98,,WILD WRLD,,,4842
507,PALM DES,494005,Female,,431,,,440,"10Y,5M,10D",,Birth/Hatch,,3-May-87,,SAN ANTON,,,870515
,,,,,,,,,,,Transfer,,26-Jan-94,,PALM DES,,,494005
,,,,,,,,,,,Death,,13-Oct-97,,PALM DES,,,494005
508,CHICAGOLP,8452,Female,,528,,,810,"11Y,7M,16D",,Birth/Hatch,,3-May-87,,NAFTZINGE,,,
,,,,,,,,,,,Transfer,,21-May-87,,CHICAGOLP,,,8452
,,,,,,,,,,,Death,,19-Dec-98,,CHICAGOLP,,,8452
509,SAN ANTON,870513,Male,,431,,,440,"0Y,0M,0D",,Birth/Hatch,,3-May-87,,SAN ANTON,,,870513
,,,,,,,,,,,Death,,3-May-87,,SAN ANTON,,,870513
510,CINCINNAT,,Male,,431,,,440,"1Y,0M,8D",,Birth/Hatch,,3-May-87,,SAN ANTON,,,870514
,,,,,,,,,,,Transfer,,11-May-88,,CINCINNAT,,,
,,,,,,,,,,,GO LTF,,11-May-88,,CINCINNAT,,,
511,KOLMAN,,Male,,464,,,134,"11Y,8M,22D",,Birth/Hatch,,7-May-87,,NAFTZINGE,,,
,,,,,,,,,,,Transfer,,8-Jun-88,,CINCINNAT,,,M8075
,,,,,,,,,,,Transfer,,15-Sep-88,,KOLMAN,,,
,,,,,,,,,,,Death,,29-Jan-99,,KOLMAN,,,
512,WILD WRLD,4841,Male,,464,,,134,"9Y,0M,25D",,Birth/Hatch,,7-May-87,,NAFTZINGE,,,
,,,,,,,,,,,Transfer,,29-Aug-89,,JOHN BALL,,,300646
,,,,,,,,,,,Transfer,,26-Jul-95,,WILD WRLD,,,4841
,,,,,,,,,,,Death,,1-Jun-96,,WILD WRLD,,,4841
513,CHICAGOLP,8453,Male,,464,,,134,"10Y,2M,3D",,Birth/Hatch,,7-May-87,,NAFTZINGE,,,
,,,,,,,,,,,Transfer,,21-Sep-87,,CHICAGOLP,,,8453
,,,,,,,,,,,Death,,10-Jul-97,,CHICAGOLP,,,8453
514,PHOENIX,5239,Female,,UND,,,UND,"11Y,5M,14D",,Birth/Hatch,,18-Jul-87,,ABQBIOPK,,,9042
,,,,,,,,,,,Transfer,,4-Feb-88,,PHOENIX,,,5239
,,,,,,,,,,,Death,,"Jan 01, 1999 +/- 6 month",,PHOENIX,,,5239
515,OKLAHOMA,438718,Female,,UND,,,UND,"5Y,5M,8D",,Birth/Hatch,,18-Jul-87,,ABQBIOPK,,,9041
,,,,,,,,,,,Transfer,,3-Feb-88,,OKLAHOMA,,,438718
,,,,,,,,,,,Death,,26-Dec-92,,OKLAHOMA,,,438718
516,PUEBLO,910105,Female,,UND,,,UND,"4Y,5M,6D",,Birth/Hatch,,13-Aug-87,,ABQBIOPK,,,9043
,,,,,,,,,,,Transfer,,16-Mar-88,,HOUSTON,,,9495
,,,,,,,,,,,Transfer,,18-Dec-91,,PUEBLO,,,910105
,,,,,,,,,,,Death,,19-Jan-92,,PUEBLO,,,910105
517,PUEBLO,910106,Female,,UND,,,UND,"4Y,5M,11D",,Birth/Hatch,,13-Aug-87,,ABQBIOPK,,,9044
,,,,,,,,,,,Transfer,,16-Mar-88,,HOUSTON,,,9496
,,,,,,,,,,,Transfer,,18-Dec-91,,PUEBLO,,,910106
,,,,,,,,,,,Death,,24-Jan-92,,PUEBLO,,,910106
518,DULUTH,790005,Female,,UND,,,UND,"10Y,7M,6D",,Birth/Hatch,,13-Aug-87,,MONROE,,,432201
,,,,,,,,,,,Transfer,,24-May-88,,EVANSVLLE,,,188035
,,,,,,,,,,,Transfer,,27-Nov-89,,DULUTH,,,790005
,,,,,,,,,,,Death,,19-Mar-98,,DULUTH,,,790005
519,MONROE,,Female,,UND,,,UND,"0Y,7M,3D",,Birth/Hatch,,13-Aug-87,,ABQBIOPK,,,9045
,,,,,,,,,,,Transfer,,16-Mar-88,,MONROE,,,
,,,,,,,,,,,GO LTF,,16-Mar-88,,MONROE,,,
520,PALM DES,494004,Male,,460,,,457,"11Y,3M,4D",,Birth/Hatch,,8-Sep-87,,CINCINNAT,,,M8064
,,,,,,,,,,,Transfer,,26-Apr-88,,SAN ANTON,,,881420
,,,,,,,,,,,Transfer,,26-Jan-94,,PALM DES,,,494004
,,,,,,,,,,,Death,,12-Dec-98,,PALM DES,,,494004
521,CINCINNAT,M8065,Male,,460,,,457,"0Y,0M,2D",,Birth/Hatch,,8-Sep-87,,CINCINNAT,,,M8065
,,,,,,,,,,,Death,,10-Sep-87,,CINCINNAT,,,M8065
522,KOLMAN,,Female,,460,,,457,"11Y,7M,24D",,Birth/Hatch,,8-Sep-87,,CINCINNAT,,,M8066
,,,,,,,,,,,Transfer,,15-Sep-88,,KOLMAN,,,
,,,,,,,,,,,Death,,2-May-99,,KOLMAN,,,
523,KOLMAN,,Female,,460,,,457,"9Y,1M,2D",,Birth/Hatch,,8-Sep-87,,CINCINNAT,,,M8067
,,,,,,,,,,,Transfer,,15-Sep-88,,KOLMAN,,,
,,,,,,,,,,,Death,,10-Oct-96,,KOLMAN,,,
524,KOLMAN,,Female,,UND,,,UND,"3Y,5M,0D",,Birth/Hatch,,Undetermined,,KOLMAN,,,
,,,,,,,,,,,Transfer,,Undetermined,,KOLMAN,,,
,,,,,,,,,,,GO LTF,,Undetermined,,KOLMAN,,,
525,KOLMAN,,Male,,UND,,,UND,"5Y,1M,7D",,Birth/Hatch,,Undetermined,,KOLMAN,,,
,,,,,,,,,,,Transfer,,Undetermined,,KOLMAN,,,
,,,,,,,,,,,GO LTF,,Undetermined,,KOLMAN,,,
526,KOLMAN,,Female,,UND,,,UND,"5Y,1M,8D",,Birth/Hatch,,Undetermined,,KOLMAN,,,
,,,,,,,,,,,Transfer,,Undetermined,,KOLMAN,,,
,,,,,,,,,,,GO LTF,,Undetermined,,KOLMAN,,,
527,NAFTZINGE,,Female,,464,,,134,"7Y,11M,10D",,Birth/Hatch,,10-Aug-88,,NAFTZINGE,,,
,,,,,,,,,,,Transfer,,20-Jul-96,,NAFTZINGE,,,
,,,,,,,,,,,GO LTF,,20-Jul-96,,NAFTZINGE,,,
528,NAFTZINGE,,Male,,387,,,809,"9Y,11M,3D",,Birth/Hatch,,12-Aug-84,,NAFTZINGE,,,
,,,,,,,,,,,Death,,"Jul 15, 1994 +/- 6 month",,NAFTZINGE,,,
529,SAN ANTON,881582,Undetermined,,431,,,440,"0Y,0M,0D",,Birth/Hatch,,25-May-88,,SAN ANTON,,,881582
,,,,,,,,,,,Death,,25-May-88,,SAN ANTON,,,881582
530,CHICAGOBR,880394,Male,,349,,,442,"11Y,0M,22D",,Birth/Hatch,,29-Jun-88,,PALM DES,,,48898
,,,,,,,,,,,Transfer,,8-Nov-88,,CHICAGOBR,,,880394
,,,,,,,,,,,Death,,21-Jul-99,,CHICAGOBR,,,880394
531,SANDIEGOZ,588279,Female,,349,,,442,"0Y,7M,9D",,Birth/Hatch,,29-Jun-88,,PALM DES,,,48899
,,,,,,,,,,,Transfer,,7-Dec-88,,SANDIEGOZ,,,588279
,,,,,,,,,,,Death,,7-Feb-89,,SANDIEGOZ,,,588279
532,DULUTH,790006,Male,,464,,,134,"14Y,2M,6D",,Birth/Hatch,,10-Aug-88,,NAFTZINGE,,,
,,,,,,,,,,,Transfer,,20-Jul-90,,DULUTH,,,790006
,,,,,,,,,,,Death,,16-Oct-02,,DULUTH,,,790006
533,CINCINNAT,M8076,Undetermined,,460,,,457,"0Y,0M,5D",,Birth/Hatch,,30-Jul-88,,CINCINNAT,,,M8076
,,,,,,,,,,,Death,,4-Aug-88,,CINCINNAT,,,M8076
534,CINCINNAT,M8077,Undetermined,,460,,,457,"0Y,0M,5D",,Birth/Hatch,,30-Jul-88,,CINCINNAT,,,M8077
,,,,,,,,,,,Death,,4-Aug-88,,CINCINNAT,,,M8077
535,SAN ANTON,880828,Female,,431,,,440,"0Y,0M,0D",,Birth/Hatch,,10-Aug-88,,SAN ANTON,,,880828
,,,,,,,,,,,Death,,10-Aug-88,,SAN ANTON,,,880828
536,SAN ANTON,880829,Female,,431,,,440,"0Y,0M,2D",,Birth/Hatch,,10-Aug-88,,SAN ANTON,,,880829
,,,,,,,,,,,Death,,12-Aug-88,,SAN ANTON,,,880829
537,SAN ANTON,880830,Male,,431,,,440,"0Y,0M,2D",,Birth/Hatch,,10-Aug-88,,SAN ANTON,,,880830
,,,,,,,,,,,Death,,12-Aug-88,,SAN ANTON,,,880830
538,SAN ANTON,880892,Undetermined,,431,,,440,"0Y,0M,0D",,Birth/Hatch,,11-Aug-88,,SAN ANTON,,,880892
,,,,,,,,,,,Death,,11-Aug-88,,SAN ANTON,,,880892
539,SYRACUSE,M89020,Undetermined,,422,,,423,"0Y,0M,0D",,Birth/Hatch,,21-Mar-89,,SYRACUSE,,,M89020
,,,,,,,,,,,Death,,21-Mar-89,,SYRACUSE,,,M89020
540,HOGLE,8101,Male,,474,,,479,"12Y,2M,6D",,Birth/Hatch,,2-Apr-89,,HOUSTON,,,11338
,,,,,,,,,,,Transfer,,11-Jan-90,,HOGLE,,,8101
,,,,,,,,,,,Death,,8-Jun-01,,HOGLE,,,8101
541,HOUSTON,11339,Female,,474,,,479,"11Y,0M,25D",,Birth/Hatch,,2-Apr-89,,HOUSTON,,,11339
,,,,,,,,,,,Death,,27-Apr-00,,HOUSTON,,,11339
542,KOLMAN,,Undetermined,,511,,,522,"0Y,0M,0D",,Birth/Hatch,,5-Apr-89,,KOLMAN,,,
,,,,,,,,,,,GO LTF,,5-Apr-89,,KOLMAN,,,
543,KOLMAN,,Undetermined,,511,,,522,"0Y,0M,0D",,Birth/Hatch,,5-Apr-89,,KOLMAN,,,
,,,,,,,,,,,GO LTF,,5-Apr-89,,KOLMAN,,,
544,KOLMAN,,Undetermined,,511,,,522,"0Y,0M,0D",,Birth/Hatch,,5-Apr-89,,KOLMAN,,,
,,,,,,,,,,,GO LTF,,5-Apr-89,,KOLMAN,,,
545,SAN ANTON,891507,Male,,431,,,440,"0Y,0M,8D",,Birth/Hatch,,22-May-89,,SAN ANTON,,,891507
,,,,,,,,,,,Death,,30-May-89,,SAN ANTON,,,891507
546,SAN ANTON,891508,Male,,431,,,440,"10Y,3M,29D",,Birth/Hatch,,22-May-89,,SAN ANTON,,,891508
,,,,,,,,,,,Death,,20-Sep-99,,SAN ANTON,,,891508
547,DULUTH,100110,Female,,511,,,522,"11Y,0M,14D",,Birth/Hatch,,7-Aug-89,,KOLMAN,,,
,,,,,,,,,,,Transfer,,20-Mar-90,,CHICAGOBR,,,900035
,,,,,,,,,,,Transfer,,17-Feb-94,,PHILADELP,,,102857
,,,,,,,,,,,Transfer,,7-Sep-99,,DULUTH,,,100110
,,,,,,,,,,,Death,,21-Aug-00,,DULUTH,,,100110
548,NAFTZINGE,,Male,,528,,,811,"9Y,5M,7D",,Birth/Hatch,,25-Jul-89,,NAFTZINGE,,,
,,,,,,,,,,,Transfer,,7-Sep-89,,METROZOO,,,M01159
,,,,,,,,,,,Transfer,,29-Dec-89,,NAFTZINGE,,,
,,,,,,,,,,,Transfer,,1-Jan-99,,NAFTZINGE,,,
,,,,,,,,,,,GO LTF,,1-Jan-99,,NAFTZINGE,,,
549,PHOENIX,6248,Male,,464,,,811,"12Y,1M,22D",,Birth/Hatch,,27-Jul-89,,NAFTZINGE,,,
,,,,,,,,,,,Transfer,,23-Oct-91,,PHOENIX,,,6248
,,,,,,,,,,,Death,,18-Sep-01,,PHOENIX,,,6248
550,HOGLE,7985,Female,,511,,,523,"9Y,8M,19D",,Birth/Hatch,,30-Jul-89,,KOLMAN,,,
,,,,,,,,,,,Transfer,,21-Nov-89,,HOGLE,,,7985
,,,,,,,,,,,Death,,18-Apr-99,,HOGLE,,,7985
551,HOUSTON,12073,Male,,511,,,522,"12Y,7M,5D",,Birth/Hatch,,7-Aug-89,,KOLMAN,,,
,,,,,,,,,,,Transfer,,21-Nov-89,,HOGLE,,,7984
,,,,,,,,,,,Transfer,,16-Jan-90,,HOUSTON,,,12073
,,,,,,,,,,,Death,,12-Mar-02,,HOUSTON,,,12073
552,CHICAGOBR,900034,Male,,511,,,522,"0Y,8M,9D",,Birth/Hatch,,7-Aug-89,,KOLMAN,,,
,,,,,,,,,,,Transfer,,20-Mar-90,,CHICAGOBR,,,900034
,,,,,,,,,,,Death,,16-Apr-90,,CHICAGOBR,,,900034
553,MILWAUKEE,3950,Male,,528,,,527,"13Y,6M,2D",,Birth/Hatch,,13-Aug-89,,NAFTZINGE,,,
,,,,,,,,,,,Transfer,,3-Dec-91,,MEMPHIS,,,12591
,,,,,,,,,,,Transfer,,18-Jan-92,,MSU MEM,,,
,,,,,,,,,,,Transfer,,14-Jun-93,,MEMPHIS,,,12591
,,,,,,,,,,,Transfer,,5-May-94,,MILWAUKEE,,,3950
,,,,,,,,,,,Death,,15-Feb-03,,MILWAUKEE,,,3950
554,CINCINNAT,192081,Male,,UND,,,UND,"8Y,6M,9D",,Birth/Hatch,,"Aug 15, 1989 +/- 15 day",,NAFTZINGE,,,
,,,,,,,,,,,Transfer,,29-Dec-89,,METROZOO,,,M01200
,,,,,,,,,,,Transfer,,30-Apr-92,,CINCINNAT,,,192081
,,,,,,,,,,,Death,,24-Feb-98,,CINCINNAT,,,192081
555,NY BRONX,903042,Female,,431,,,440,"11Y,11M,16D",,Birth/Hatch,,27-Aug-89,,SAN ANTON,,,890846
,,,,,,,,,,,Transfer,,4-Oct-90,,NY BRONX,,,903042
,,,,,,,,,,,Death,,12-Aug-01,,NY BRONX,,,903042
556,SAN ANTON,890832,Male,,431,,,440,"0Y,0M,0D",,Birth/Hatch,,27-Aug-89,,SAN ANTON,,,890832
,,,,,,,,,,,Death,,27-Aug-89,,SAN ANTON,,,890832
557,ADELAIDE,910141,Female,,431,,,440,"12Y,11M,20D",,Birth/Hatch,,27-Aug-89,,SAN ANTON,,,890833
,,,,,,,,,,,Transfer,,25-Mar-91,,ADELAIDE,,,910141
,,,,,,,,,,,Death,,16-Aug-02,,ADELAIDE,,,910141
558,CALGARY,103288,Male,,UND,,,UND,"12Y,6M,20D",,Birth/Hatch,,Undetermined,,Undetermined,,,-
,,,,,,,,,,,Transfer,,9-Mar-90,,CALGARY,,,103288
,,,,,,,,,,,Death,,21-Jul-02,,CALGARY,,,103288
559,HOUSTON,12231,Undetermined,,474,,,479,"0Y,1M,8D",,Birth/Hatch,,21-Mar-90,,HOUSTON,,,12231
,,,,,,,,,,,Death,,29-Apr-90,,HOUSTON,,,12231
560,PUEBLO,910104,Male,,474,,,479,"9Y,2M,4D",,Birth/Hatch,,21-Mar-90,,HOUSTON,,,12232
,,,,,,,,,,,Transfer,,18-Dec-91,,PUEBLO,,,910104
,,,,,,,,,,,Death,,25-May-99,,PUEBLO,,,910104
561,PHILADELP,102032,Undetermined,,404,,,475,"0Y,0M,2D",,Birth/Hatch,,28-Apr-90,,PHILADELP,,,102032
,,,,,,,,,,,Death,,30-Apr-90,,PHILADELP,,,102032
562,PHILADELP,102033,Male,,404,,,475,"0Y,0M,2D",,Birth/Hatch,,28-Apr-90,,PHILADELP,,,102033
,,,,,,,,,,,Death,,30-Apr-90,,PHILADELP,,,102033
563,PHILADELP,102034,Undetermined,,404,,,475,"0Y,0M,3D",,Birth/Hatch,,28-Apr-90,,PHILADELP,,,102034
,,,,,,,,,,,Death,,1-May-90,,PHILADELP,,,102034
564,PUEBLO,920100,Female,,528,,,527,"9Y,0M,21D",,Birth/Hatch,,20-May-90,,NAFTZINGE,,,
,,,,,,,,,,,Transfer,,"Jul 01, 1991 +/- 6 month",,YATES K,,,
,,,,,,,,,,,Transfer,,23-Sep-92,,PUEBLO,,,920100
,,,,,,,,,,,Death,,10-Jun-99,,PUEBLO,,,920100
565,CALGARY,103745,Female,,445,,,550,"12Y,10M,17D",,Birth/Hatch,,6-May-90,,HOGLE,,,8208
,,,,,,,,,,,Transfer,,15-Jan-92,,CALGARY,,,103745
,,,,,,,,,,,Death,,23-Mar-03,,CALGARY,,,103745
566,HOGLE,8207,Female,,445,,,550,"13Y,10M,2D",,Birth/Hatch,,6-May-90,,HOGLE,,,8207
,,,,,,,,,,,Death,,8-Mar-04,,HOGLE,,,8207
567,HOGLE,08207B,Undetermined,,445,,,550,"0Y,0M,0D",,Birth/Hatch,,6-May-90,,HOGLE,,,08207B
,,,,,,,,,,,Death,,6-May-90,,HOGLE,,,08207B
568,HOGLE,08207C,Undetermined,,445,,,550,"0Y,0M,0D",,Birth/Hatch,,6-May-90,,HOGLE,,,08207C
,,,,,,,,,,,Death,,6-May-90,,HOGLE,,,08207C
569,SYRACUSE,M90028,Female,,422,,,423,"10Y,6M,14D",,Birth/Hatch,,7-May-90,,SYRACUSE,,,M90028
,,,,,,,,,,,Death,,21-Nov-00,,SYRACUSE,,,M90028
570,PUEBLO,920101,Female,,UND,,,UND,"6Y,3M,14D",,Birth/Hatch,,8-May-90,,HALL L,,,
,,,,,,,,,,,Transfer,,"Jul 01, 1991 +/- 6 month",,YATES K,,,
,,,,,,,,,,,Transfer,,23-Sep-92,,PUEBLO,,,920101
,,,,,,,,,,,Death,,22-Aug-96,,PUEBLO,,,920101
571,SYRACUSE,M90075,Male,,528,,,527,"13Y,5M,3D",,Birth/Hatch,,20-May-90,,NAFTZINGE,,,TEGIN
,,,,,,,,,,,Transfer,,24-Sep-90,,SYRACUSE,,,M90075
,,,,,,,,,,,Death,,23-Oct-03,,SYRACUSE,,,M90075
572,OKLAHOMA,578820,Male,,490,,,134,"8Y,6M,0D",,Birth/Hatch,,13-Jun-90,,NAFTZINGE,,,
,,,,,,,,,,,Transfer,,23-Apr-92,,OKLAHOMA,,,578820
,,,,,,,,,,,Transfer,,28-Jan-98,,ST LOUIS,,,980138
,,,,,,,,,,,Transfer,,22-Oct-98,,OKLAHOMA,,,578820
,,,,,,,,,,,Death,,13-Dec-98,,OKLAHOMA,,,578820
573,CINCINNAT,190278,Female,,UND,,,UND,"13Y,1M,8D",,Birth/Hatch,,18-Jun-90,,KOLMAN,,,
,,,,,,,,,,,Transfer,,18-Jun-90,,CINCINNAT,,,190278
,,,,,,,,,,,Death,,26-Jul-03,,CINCINNAT,,,190278
574,CINCINNAT,190279,Female,,511,,,523,"8Y,7M,29D",,Birth/Hatch,,18-Jun-90,,KOLMAN,,,
,,,,,,,,,,,Transfer,,7-Sep-91,,CINCINNAT,,,190279
,,,,,,,,,,,Death,,16-Feb-99,,CINCINNAT,,,190279
575,HOUSTON,12454,Undetermined,,474,,,479,"0Y,0M,9D",,Birth/Hatch,,23-Jun-90,,HOUSTON,,,12454
,,,,,,,,,,,Death,,2-Jul-90,,HOUSTON,,,12454
576,HOUSTON,12455,Undetermined,,474,,,479,"0Y,0M,9D",,Birth/Hatch,,23-Jun-90,,HOUSTON,,,12455
,,,,,,,,,,,Death,,2-Jul-90,,HOUSTON,,,12455
577,HOUSTON,12456,Undetermined,,474,,,479,"0Y,0M,9D",,Birth/Hatch,,23-Jun-90,,HOUSTON,,,12456
,,,,,,,,,,,Death,,2-Jul-90,,HOUSTON,,,12456
578,JOHNSON L,,Male,,490,,,134,"3Y,5M,23D",,Birth/Hatch,,13-Jun-90,,NAFTZINGE,,,
,,,,,,,,,,,Transfer,,3-Dec-91,,MEMPHIS,,,12590
,,,,,,,,,,,Transfer,,18-Jan-92,,MSU MEM,,,
,,,,,,,,,,,Transfer,,21-Aug-93,,MEMPHIS,,,12590
,,,,,,,,,,,Transfer,,6-Dec-93,,JOHNSON L,,,
,,,,,,,,,,,GO LTF,,6-Dec-93,,JOHNSON L,,,
579,ST LOUIS,951103,Female,,WILD,,,WILD,"6Y,5M,8D",,Birth/Hatch,,"Jan 01, 1991 +/- 6 month",,Africa,,,-
,,,,,,,,,,,"Wild
Capture",,"Jul 01, 1991 +/- 6 month",,Africa,,,-
,,,,,,,,,,,Transfer,,10-Aug-92,,METROZOO,,,M01561
,,,,,,,,,,,Transfer,,15-Nov-95,,ST LOUIS,,,951103
,,,,,,,,,,,Death,,9-Jun-97,,ST LOUIS,,,951103
580,GRANBY,M99035,Male,,WILD,,,WILD,"14Y,0M,17D",,Birth/Hatch,,"Jan 01, 1991 +/- 6 month",,Africa,,,-
,,,,,,,,,,,"Wild
Capture",,"Jul 01, 1991 +/- 6 month",,Africa,,,-
,,,,,,,,,,,Transfer,,10-Aug-92,,METROZOO,,,M01560
,,,,,,,,,,,Transfer,,15-Nov-95,,ST LOUIS,,,951101
,,,,,,,,,,,Transfer,,10-Jun-99,,GRANBY,,,M99035
,,,,,,,,,,,Death,,18-Jan-05,,GRANBY,,,M99035
581,BROWNSVIL,8216,Male,,WILD,,,WILD,"11Y,11M,17D",,Birth/Hatch,,"Jan 01, 1991 +/- 6 month",,Africa,,,-
,,,,,,,,,,,"Wild
Capture",,"Jul 01, 1991 +/- 6 month",,Africa,,,-
,,,,,,,,,,,Transfer,,10-Aug-92,,METROZOO,,,M01565
,,,,,,,,,,,Transfer,,15-Nov-95,,ST LOUIS,,,951102
,,,,,,,,,,,Transfer,,18-Dec-98,,SPRINGFIE,,,600
,,,,,,,,,,,Transfer,,18-Dec-02,,BROWNSVIL,,,8216
,,,,,,,,,,,Death,,18-Dec-02,,BROWNSVIL,,,8216
582,SD-WAP,596039,Male,,WILD,,,WILD,"6Y,8M,4D",,Birth/Hatch,,Undetermined,,Africa,,,-
,,,,,,,,,,,Wild Capture,,"Jul 01, 1991 +/- 6 month",,Africa,,,-
,,,,,,,,,,,Transfer,,10-Aug-92,,METROZOO,,,XM1566
,,,,,,,,,,,Transfer,,21-Jun-94,,PALM DES,,,494024
,,,,,,,,,,,Transfer,,13-Feb-97,,SANDIEGOZ,,,596039
,,,,,,,,,,,Transfer,,13-Mar-97,,SD-WAP,,,596039
,,,,,,,,,,,Death,,5-Sep-97,,SD-WAP,,,596039
583,ABQBIOPK,M94035,Female,,WILD,,,WILD,"10Y,5M,11D",,Birth/Hatch,,Undetermined,,Africa,,,-
,,,,,,,,,,,"Wild
Capture",,"Jul 01, 1991 +/- 6 month",,Africa,,,-
,,,,,,,,,,,Transfer,,10-Aug-92,,METROZOO,,,XM1567
,,,,,,,,,,,Transfer,,12-Oct-94,,ABQBIOPK,,,M94035
,,,,,,,,,,,Death,,12-Jun-01,,ABQBIOPK,,,M94035
584,OKLAHOMA,658524,Female,,WILD,,,WILD,"12Y,3M,9D",,Birth/Hatch,,"Jan 01, 1991 +/- 6 month",,Africa,,,-
,,,,,,,,,,,"Wild
Capture",,"Jul 01, 1991 +/- 6 month",,Africa,,,-
,,,,,,,,,,,Transfer,,10-Aug-92,,METROZOO,,,XM1559
,,,,,,,,,,,Transfer,,22-Sep-94,,OKLAHOMA,,,658524
,,,,,,,,,,,Transfer,,28-Jan-98,,ST LOUIS,,,980139
,,,,,,,,,,,Transfer,,22-Oct-98,,OKLAHOMA,,,658524
,,,,,,,,,,,Death,,10-Apr-03,,OKLAHOMA,,,658524
585,METROZOO,XM1563,Female,,WILD,,,WILD,"3Y,3M,16D",,Birth/Hatch,,"Jan 01, 1991 +/- 6 month",,Africa,,,-
,,,,,,,,,,,Wild Capture,,"Jul 01, 1991 +/- 6 month",,Africa,,,-
,,,,,,,,,,,Transfer,,10-Aug-92,,METROZOO,,,XM1563
,,,,,,,,,,,Death,,17-Apr-94,,METROZOO,,,XM1563
586,OKLAHOMA,658423,Male,,WILD,,,WILD,"14Y,1M,23D",,Birth/Hatch,,1-Jan-91,,Africa,,,-
,,,,,,,,,,,"Wild
Capture",,"Jul 01, 1991 +/- 6 month",,Africa,,,-
,,,,,,,,,,,Transfer,,10-Aug-92,,METROZOO,,,XM1564
,,,,,,,,,,,Transfer,,22-Sep-94,,OKLAHOMA,,,658423
,,,,,,,,,,,Death,,24-Feb-05,,OKLAHOMA,,,658423
587,METROZOO,XM1568,Male,,WILD,,,WILD,"1Y,10M,0D",,Birth/Hatch,,"Jan 01, 1991 +/- 6 month",,Africa,,,-
,,,,,,,,,,,"Wild
Capture",,"Jul 01, 1991 +/- 6 month",,Africa,,,-
,,,,,,,,,,,Transfer,,10-Aug-92,,METROZOO,,,XM1568
,,,,,,,,,,,Death,,1-Nov-92,,METROZOO,,,XM1568
588,MILWAUKEE,3951,Female,,812,,,134,"10Y,5M,22D",,Birth/Hatch,,1-Feb-91,,NAFTZINGE,,,
,,,,,,,,,,,Transfer,,3-Dec-91,,MEMPHIS,,,12592
,,,,,,,,,,,Transfer,,18-Jan-92,,MSU MEM,,,
,,,,,,,,,,,Transfer,,14-Jun-93,,MEMPHIS,,,12592
,,,,,,,,,,,Transfer,,5-May-94,,MILWAUKEE,,,3951
,,,,,,,,,,,Death,,23-Jul-01,,MILWAUKEE,,,3951
589,IAE OH,49494_,Male,,812,,,134,"9Y,2M,4D",,Birth/Hatch,,1-Feb-91,,NAFTZINGE,,,UNK
,,,,,,,,,,,Transfer,,3-Dec-91,,MEMPHIS,,,12589
,,,,,,,,,,,Transfer,,18-Jan-92,,MSU MEM,,,
,,,,,,,,,,,Transfer,,29-Oct-93,,MEMPHIS,,,12589
,,,,,,,,,,,Transfer,,9-Jul-97,,IAE OH,,,49494_
,,,,,,,,,,,Death,,5-Apr-00,,IAE OH,,,49494_
590,OKLAHOMA,613321,Female,,UND,,,UND,"12Y,11M,1D",,Birth/Hatch,,5-Mar-91,,NAFTZINGE,,,
,,,,,,,,,,,Transfer,,13-Apr-93,,OKLAHOMA,,,613321
,,,,,,,,,,,Death,,6-Feb-04,,OKLAHOMA,,,613321
591,DENVER,A00351,Female,,UND,,,UND,"13Y,6M,10D",,Birth/Hatch,,11-Mar-91,,KOLMAN,,,
,,,,,,,,,,,Transfer,,17-May-91,,ST LOUIS,,,910590
,,,,,,,,,,,Transfer,,17-Sep-98,,GRANTS FA,,,
,,,,,,,,,,,Transfer,,27-Aug-99,,ST LOUIS,,,910590
,,,,,,,,,,,Transfer,,30-Nov-00,,DENVER,,,A00351
,,,,,,,,,,,Death,,21-Sep-04,,DENVER,,,A00351
592,NY BRONX,913039,Male,,421,,,427,"7Y,0M,13D",,Birth/Hatch,,28-Mar-91,,ABQBIOPK,,,M91012
,,,,,,,,,,,Transfer,,27-Nov-91,,NY BRONX,,,913039
,,,,,,,,,,,Death,,10-Apr-98,,NY BRONX,,,913039
593,FOUTS J,,Male,,421,,,427,"1Y,8M,13D",,Birth/Hatch,,28-Mar-91,,ABQBIOPK,,,M91010
,,,,,,,,,,,Transfer,,11-Dec-92,,FOUTS J,,,
,,,,,,,,,,,GO LTF,,11-Dec-92,,FOUTS J,,,
594,FOUTS J,,Male,,421,,,427,"1Y,8M,13D",,Birth/Hatch,,28-Mar-91,,ABQBIOPK,,,M91011
,,,,,,,,,,,Transfer,,11-Dec-92,,FOUTS J,,,
,,,,,,,,,,,GO LTF,,11-Dec-92,,FOUTS J,,,
595,JOHNSON L,,Female,,528,,,527,"2Y,7M,23D",,Birth/Hatch,,13-Apr-91,,NAFTZINGE,,,
,,,,,,,,,,,Transfer,,3-Dec-91,,MEMPHIS,,,12594
,,,,,,,,,,,Transfer,,18-Jan-92,,MSU MEM,,,
,,,,,,,,,,,Transfer,,21-Aug-93,,MEMPHIS,,,12594
,,,,,,,,,,,Transfer,,6-Dec-93,,JOHNSON L,,,
,,,,,,,,,,,GO LTF,,6-Dec-93,,JOHNSON L,,,
596,HOGLE,08207A,Female,,445,,,550,"0Y,0M,1D",,Birth/Hatch,,19-Apr-91,,HOGLE,,,08207A
,,,,,,,,,,,Death,,20-Apr-91,,HOGLE,,,08207A
597,SAN ANTON,911408,Female,,431,,,440,"0Y,0M,3D",,Birth/Hatch,,28-Apr-91,,SAN ANTON,,,911408
,,,,,,,,,,,Death,,1-May-91,,SAN ANTON,,,911408
598,SAN ANTON,911423,Female,,431,,,440,"0Y,0M,0D",,Birth/Hatch,,1-May-91,,SAN ANTON,,,911423
,,,,,,,,,,,Death,,1-May-91,,SAN ANTON,,,911423
599,SEATTLE,910192,Undetermined,,408,,,410,"0Y,0M,0D",,Birth/Hatch,,9-May-91,,SEATTLE,,,910192
,,,,,,,,,,,Death,,9-May-91,,SEATTLE,,,910192
600,SEATTLE,910193,Undetermined,,408,,,410,"0Y,0M,0D",,Birth/Hatch,,9-May-91,,SEATTLE,,,910193
,,,,,,,,,,,Death,,9-May-91,,SEATTLE,,,910193
601,IAE OH,49495_,Female,,490,,,810,"12Y,1M,1D",,Birth/Hatch,,30-May-91,,NAFTZINGE,,,UNK
,,,,,,,,,,,Transfer,,3-Dec-91,,MEMPHIS,,,12593
,,,,,,,,,,,Transfer,,18-Jan-92,,MSU MEM,,,
,,,,,,,,,,,Transfer,,29-Oct-93,,MEMPHIS,,,12593
,,,,,,,,,,,Transfer,,9-Jul-97,,IAE OH,,,49495_
,,,,,,,,,,,Death,,1-Jul-03,,IAE OH,,,49495_
602,SD-WAP,691758,Male,,525,,,524,"0Y,6M,13D",,Birth/Hatch,,31-May-91,,KOLMAN,,,
,,,,,,,,,,,Transfer,,13-Dec-91,,SD-WAP,,,691758
,,,,,,,,,,,GO LTF,,13-Dec-91,,SD-WAP,,,691758
603,SD-WAP,691759,Male,,525,,,524,"0Y,6M,13D",,Birth/Hatch,,31-May-91,,KOLMAN,,,
,,,,,,,,,,,Transfer,,13-Dec-91,,SD-WAP,,,691759
,,,,,,,,,,,GO LTF,,13-Dec-91,,SD-WAP,,,691759
604,PALM DES,494023,Male,,WILD,,,WILD,"11Y,10M,22D",,Birth/Hatch,,"Jul 01, 1991 +/- 6 month",,Africa,,,-
,,,,,,,,,,,Wild Capture,,"Jul 01, 1991 +/- 6 month",,Africa,,,-
,,,,,,,,,,,Transfer,,10-Aug-92,,METROZOO,,,XM1558
,,,,,,,,,,,Transfer,,21-Jun-94,,PALM DES,,,494023
,,,,,,,,,,,Death,,23-May-03,,PALM DES,,,494023
605,NAFTZINGE,,Male,,WILD,,,WILD,"17Y,6M,20D",,Birth/Hatch,,"Jul 01, 1991 +/- 6 month",,Africa,,,-
,,,,,,,,,,,Wild Capture,,"Jul 01, 1991 +/- 6 month",,Africa,,,-
,,,,,,,,,,,Transfer,,10-Aug-92,,METROZOO,,,XM1562
,,,,,,,,,,,Transfer,,11-May-94,,NAFTZINGE,,,
,,,,,,,,,,,Transfer,,21-Jan-09,,NAFTZINGE,,,
,,,,,,,,,,,GO LTF,,21-Jan-09,,NAFTZINGE,,,
606,CINCINNAT,191192,Male,,UND,,,UND,"11Y,7M,24D",,Birth/Hatch,,1-Jul-91,,KOLMAN,,,
,,,,,,,,,,,Transfer,,7-Sep-91,,CINCINNAT,,,191192
,,,,,,,,,,,Death,,25-Feb-03,,CINCINNAT,,,191192
607,SAN ANTON,910727,Male,,431,,,440,"0Y,0M,8D",,Birth/Hatch,,12-Jul-91,,SAN ANTON,,,910727
,,,,,,,,,,,Death,,20-Jul-91,,SAN ANTON,,,910727
608,SAN ANTON,910728,Male,,431,,,440,"0Y,0M,0D",,Birth/Hatch,,12-Jul-91,,SAN ANTON,,,910728
,,,,,,,,,,,Death,,12-Jul-91,,SAN ANTON,,,910728
609,SAN ANTON,910729,Female,,431,,,440,"0Y,0M,3D",,Birth/Hatch,,12-Jul-91,,SAN ANTON,,,910729
,,,,,,,,,,,Death,,15-Jul-91,,SAN ANTON,,,910729
610,DALLAS,927801,Male,,551,,,479,"12Y,1M,19D",,Birth/Hatch,,14-Jul-91,,HOUSTON,,,13044
,,,,,,,,,,,Transfer,,30-Jul-92,,DALLAS,,,927801
,,,,,,,,,,,Death,,2-Sep-03,,DALLAS,,,927801
611,DALLAS,927802,Male,,551,,,479,"9Y,6M,10D",,Birth/Hatch,,14-Jul-91,,HOUSTON,,,13045
,,,,,,,,,,,Transfer,,30-Jul-92,,DALLAS,,,927802
,,,,,,,,,,,Death,,24-Jan-01,,DALLAS,,,927802
612,DALLAS,927803,Male,,551,,,479,"13Y,5M,11D",,Birth/Hatch,,14-Jul-91,,HOUSTON,,,13046
,,,,,,,,,,,Transfer,,30-Jul-92,,DALLAS,,,927803
,,,,,,,,,,,Death,,25-Dec-04,,DALLAS,,,927803
613,ATTLEBORO,931001,Female,,WILD,,,WILD,"6Y,0M,18D",,Birth/Hatch,,"Aug 25, 1991 +/- 1 day",,Egypt / ~,,,-
,,,,,,,,,,,Wild Capture,,"Aug 25, 1991 +/- 1 day",,Egypt / ~,,,-
,,,,,,,,,,,Transfer,,"Jul 01, 1992 +/- 6 month",,UNDETERMI,,,Undetermined
,,,,,,,,,,,Transfer,,23-Feb-93,,ATTLEBORO,,,931001
,,,,,,,,,,,Death,,12-Sep-97,,ATTLEBORO,,,931001
614,GRANBY,M92166,Male,,WILD,,,WILD,"5Y,8M,28D",,Birth/Hatch,,"Jan 01, 1992 +/- 15 day",,TUNIS ZOO,,,NONE
,,,,,,,,,,,"Wild
Capture",,"Jan 01, 1992 +/- 15 day",,TUNIS ZOO,,,NONE
,,,,,,,,,,,Transfer,,"Jul 01, 1994 +/- 6 month",,TUNIS ZOO,,,
,,,,,,,,,,,Transfer,,22-Nov-96,,GRANBY,,,M92166
,,,,,,,,,,,Death,,29-Sep-97,,GRANBY,,,M92166
615,CALGARY,107802,Female,,WILD,,,WILD,"15Y,4M,17D",,Birth/Hatch,,"Mar 01, 1992 +/- 15 day",,TUNIS ZOO,,,NONE
,,,,,,,,,,,"Wild
Capture",,"Mar 01, 1993 +/- 15 day",,TUNIS ZOO,,,NONE
,,,,,,,,,,,Transfer,,"Jul 01, 1994 +/- 6 month",,TUNIS ZOO,,,
,,,,,,,,,,,Transfer,,22-Nov-96,,GRANBY,,,M93190
,,,,,,,,,,,Transfer,,18-Jul-07,,CALGARY,,,107802
,,,,,,,,,,,GO LTF,,18-Jul-07,,CALGARY,,,107802
616,ATTLEBORO,931003,Male,,551,,,479,"5Y,8M,25D",,Birth/Hatch,,20-Mar-92,,HOUSTON,,,13500
,,,,,,,,,,,Transfer,,28-Apr-93,,ATTLEBORO,,,931003
,,,,,,,,,,,Death,,15-Dec-97,,ATTLEBORO,,,931003
617,HOUSTON,13434,Male,,551,,,479,"0Y,1M,1D",,Birth/Hatch,,20-Mar-92,,HOUSTON,,,13434
,,,,,,,,,,,Death,,21-Apr-92,,HOUSTON,,,13434
618,BRADENTON,,Male,,551,,,479,"1Y,5M,0D",,Birth/Hatch,,20-Mar-92,,HOUSTON,,,13499
,,,,,,,,,,,Transfer,,20-Aug-93,,BRADENTON,,,
,,,,,,,,,,,GO LTF,,20-Aug-93,,BRADENTON,,,
619,HOUSTON,13501,Female,,551,,,479,"9Y,7M,17D",,Birth/Hatch,,20-Mar-92,,HOUSTON,,,13501
,,,,,,,,,,,Death,,6-Nov-01,,HOUSTON,,,13501
620,SEATTLE,920146,Female,,408,,,410,"0Y,0M,0D",,Birth/Hatch,,31-Mar-92,,SEATTLE,,,920146
,,,,,,,,,,,Death,,31-Mar-92,,SEATTLE,,,920146
621,SEATTLE,920147,Female,,408,,,410,"0Y,0M,0D",,Birth/Hatch,,31-Mar-92,,SEATTLE,,,920147
,,,,,,,,,,,Death,,31-Mar-92,,SEATTLE,,,920147
622,HOUSTON,13468,Undetermined,,551,,,541,"0Y,0M,16D",,Birth/Hatch,,5-Apr-92,,HOUSTON,,,13468
,,,,,,,,,,,Death,,21-Apr-92,,HOUSTON,,,13468
623,SAN ANTON,920445,Female,,431,,,440,"0Y,0M,0D",,Birth/Hatch,,10-Apr-92,,SAN ANTON,,,920445
,,,,,,,,,,,Death,,10-Apr-92,,SAN ANTON,,,920445
624,BROWNSVIL,5137,Male,,418,,,425,"0Y,0M,1D",,Birth/Hatch,,12-Apr-92,,BROWNSVIL,,,5137
,,,,,,,,,,,Death,,13-Apr-92,,BROWNSVIL,,,5137
625,BROWNSVIL,5138,Female,,418,,,425,"10Y,8M,1D",,Birth/Hatch,,13-Apr-92,,BROWNSVIL,,,5138
,,,,,,,,,,,Death,,14-Dec-02,,BROWNSVIL,,,5138
626,DULUTH,100145,Male,,404,,,475,"9Y,3M,23D",,Birth/Hatch,,20-May-92,,PHILADELP,,,102563
,,,,,,,,,,,Transfer,,23-Aug-95,,ST LOUIS,,,950837
,,,,,,,,,,,Transfer,,21-Sep-00,,DULUTH,,,100145
,,,,,,,,,,,Death,,12-Sep-01,,DULUTH,,,100145
627,HOUSTON,13751,Undetermined,,551,,,479,"0Y,0M,1D",,Birth/Hatch,,21-Jun-92,,HOUSTON,,,13751
,,,,,,,,,,,Death,,22-Jun-92,,HOUSTON,,,13751
628,HOUSTON,13752,Undetermined,,551,,,479,"0Y,0M,2D",,Birth/Hatch,,21-Jun-92,,HOUSTON,,,13752
,,,,,,,,,,,Death,,23-Jun-92,,HOUSTON,,,13752
629,HOUSTON,13753,Male,,551,,,479,"0Y,0M,2D",,Birth/Hatch,,21-Jun-92,,HOUSTON,,,13753
,,,,,,,,,,,Death,,23-Jun-92,,HOUSTON,,,13753
630,HOUSTON,13754,Undetermined,,551,,,479,"0Y,0M,23D",,Birth/Hatch,,21-Jun-92,,HOUSTON,,,13754
,,,,,,,,,,,Death,,14-Jul-92,,HOUSTON,,,13754
631,HOUSTON,13755,Undetermined,,551,,,479,"0Y,0M,23D",,Birth/Hatch,,21-Jun-92,,HOUSTON,,,13755
,,,,,,,,,,,Death,,14-Jul-92,,HOUSTON,,,13755
632,SAN ANTON,920700,Male,,431,,,440,"0Y,0M,0D",,Birth/Hatch,,1-Jul-92,,SAN ANTON,,,920700
,,,,,,,,,,,Death,,1-Jul-92,,SAN ANTON,,,920700
633,HOGLE,930021,Male,,UND,,,UND,"6Y,11M,24D",,Birth/Hatch,,"Jul 16, 1992 +/- 1 day",,KOLMAN,,,
,,,,,,,,,,,Transfer,,17-Mar-93,,HOGLE,,,930021
,,,,,,,,,,,Death,,10-Jul-99,,HOGLE,,,930021
634,JOHNSON L,,Female,,525,,,526,"3Y,11M,4D",,Birth/Hatch,,3-Aug-92,,KOLMAN,,,
,,,,,,,,,,,Transfer,,1-Apr-94,,ABQBIOPK,,,M94005
,,,,,,,,,,,Transfer,,7-Jul-96,,JOHNSON L,,,
,,,,,,,,,,,GO LTF,,7-Jul-96,,JOHNSON L,,,
635,CINCINNAT,192161,Male,,606,,,UND,"9Y,10M,20D",,Birth/Hatch,,5-Aug-92,,CINCINNAT,,,192161
,,,,,,,,,,,Death,,25-Jun-02,,CINCINNAT,,,192161
636,CALGARY,103900,Undetermined,,558,,,565,"0Y,0M,28D",,Birth/Hatch,,18-Aug-92,,CALGARY,,,103900
,,,,,,,,,,,Death,,15-Sep-92,,CALGARY,,,103900
637,PALM DES,494003,Female,,525,,,526,"2Y,1M,17D",,Birth/Hatch,,8-Feb-93,,KOLMAN,,,
,,,,,,,,,,,Transfer,,13-Apr-93,,SANDIEGOZ,,,593167
,,,,,,,,,,,Transfer,,14-Jan-94,,PALM DES,,,494003
,,,,,,,,,,,Death,,25-Mar-95,,PALM DES,,,494003
638,PALM DES,494002,Female,,525,,,526,"6Y,6M,16D",,Birth/Hatch,,8-Feb-93,,KOLMAN,,,
,,,,,,,,,,,Transfer,,13-Apr-93,,SANDIEGOZ,,,593168
,,,,,,,,,,,Transfer,,14-Jan-94,,PALM DES,,,494002
,,,,,,,,,,,Death,,24-Aug-99,,PALM DES,,,494002
639,ABQBIOPK,M94034,Male,,605,,,585,"12Y,0M,30D",,Birth/Hatch,,7-May-93,,METROZOO,,,XM1624
,,,,,,,,,,,Transfer,,12-Oct-94,,ABQBIOPK,,,M94034
,,,,,,,,,,,Death,,6-Jun-05,,ABQBIOPK,,,M94034
640,OKLAHOMA,658625,Female,,605,,,585,"8Y,8M,3D",,Birth/Hatch,,7-May-93,,METROZOO,,,XM1625
,,,,,,,,,,,Transfer,,22-Sep-94,,OKLAHOMA,,,658625
,,,,,,,,,,,Death,,10-Jan-02,,OKLAHOMA,,,658625
641,NAFTZINGE,,Female,,605,,,585,"15Y,8M,14D",,Birth/Hatch,,7-May-93,,METROZOO,,,XM1626
,,,,,,,,,,,Transfer,,11-May-94,,NAFTZINGE,,,
,,,,,,,,,,,Transfer,,21-Jan-09,,NAFTZINGE,,,
,,,,,,,,,,,GO LTF,,21-Jan-09,,NAFTZINGE,,,
642,NAFTZINGE,,Female,,604,,,584,"15Y,8M,14D",,Birth/Hatch,,7-May-93,,METROZOO,,,XM1627
,,,,,,,,,,,Transfer,,11-May-94,,NAFTZINGE,,,
,,,,,,,,,,,Transfer,,21-Jan-09,,NAFTZINGE,,,
,,,,,,,,,,,GO LTF,,21-Jan-09,,NAFTZINGE,,,
643,SEATTLE,930113,Undetermined,,408,,,410,"0Y,0M,0D",,Birth/Hatch,,8-May-93,,SEATTLE,,,930113
,,,,,,,,,,,Death,,8-May-93,,SEATTLE,,,930113
644,SEATTLE,930114,Undetermined,,408,,,410,"0Y,0M,0D",,Birth/Hatch,,8-May-93,,SEATTLE,,,930114
,,,,,,,,,,,Death,,8-May-93,,SEATTLE,,,930114
645,SEATTLE,930115,Undetermined,,408,,,410,"0Y,0M,0D",,Birth/Hatch,,8-May-93,,SEATTLE,,,930115
,,,,,,,,,,,Death,,8-May-93,,SEATTLE,,,930115
646,PRIVATE,,Male,,UND,,,UND,"11Y,10M,27D",,Birth/Hatch,,18-May-93,,KOLMAN,,,
,,,,,,,,,,,Transfer,,28-Jul-93,,ROCHESTER,,,104199
,,,,,,,,,,,Transfer,,15-Jul-04,,PRIVATE,,,
,,,,,,,,,,,Death,,"Apr 14, 2005 +/- 15 day",,PRIVATE,,,
647,PHILADELP,102763,Male,,404,,,475,"5Y,5M,9D",,Birth/Hatch,,21-May-93,,PHILADELP,,,102763
,,,,,,,,,,,Death,,30-Oct-98,,PHILADELP,,,102763
648,ASHEBORO,1425,Female,,404,,,475,"10Y,8M,30D",,Birth/Hatch,,21-May-93,,PHILADELP,,,102768
,,,,,,,,,,,Transfer,,7-Apr-98,,ASHEBORO,,,1425
,,,,,,,,,,,Death,,20-Feb-04,,ASHEBORO,,,1425
649,CALGARY,104000,Undetermined,,558,,,565,"0Y,0M,6D",,Birth/Hatch,,25-May-93,,CALGARY,,,104000
,,,,,,,,,,,Death,,31-May-93,,CALGARY,,,104000
650,CALGARY,104001,Undetermined,,558,,,565,"0Y,0M,6D",,Birth/Hatch,,25-May-93,,CALGARY,,,104001
,,,,,,,,,,,Death,,31-May-93,,CALGARY,,,104001
651,SYRACUSE,M02164,Male,,582,,,583,"12Y,1M,13D",,Birth/Hatch,,28-Jun-93,,METROZOO,,,XM1646
,,,,,,,,,,,Transfer,,22-Sep-94,,OKLAHOMA,,,658726
,,,,,,,,,,,Transfer,,5-Dec-02,,SYRACUSE,,,M02164
,,,,,,,,,,,Death,,10-Aug-05,,SYRACUSE,,,M02164
652,NAFTZINGE,,Female,,582,,,583,"15Y,6M,24D",,Birth/Hatch,,28-Jun-93,,METROZOO,,,XM1647
,,,,,,,,,,,Transfer,,11-May-94,,NAFTZINGE,,,
,,,,,,,,,,,Transfer,,21-Jan-09,,NAFTZINGE,,,
,,,,,,,,,,,GO LTF,,21-Jan-09,,NAFTZINGE,,,
653,DULUTH,790007,Female,,532,,,518,"0Y,0M,0D",,Birth/Hatch,,1-Jul-93,,DULUTH,,,790007
,,,,,,,,,,,Death,,1-Jul-93,,DULUTH,,,790007
654,NORFOLK,203014,Male,,UND,,,UND,"13Y,4M,6D",,Birth/Hatch,,"Jul 01, 1993 +/- 6 month",,Undetermined,,,-
,,,,,,,,,,,Transfer,,"Jul 01, 1995 +/- 6 month",,PRIVATE,,,
,,,,,,,,,,,Transfer,,5-Mar-97,,TUCSON,,,974206
,,,,,,,,,,,Transfer,,27-Mar-03,,NORFOLK,,,203014
,,,,,,,,,,,Death,,7-Nov-06,,NORFOLK,,,203014
655,NORFOLK,203015,Female,,UND,,,UND,"13Y,3M,25D",,Birth/Hatch,,"Jul 01, 1993 +/- 6 month",,Undetermined,,,-
,,,,,,,,,,,Transfer,,"Jul 01, 1995 +/- 6 month",,PRIVATE,,,
,,,,,,,,,,,Transfer,,17-Mar-97,,TUCSON,,,974209
,,,,,,,,,,,Transfer,,27-Mar-03,,NORFOLK,,,203015
,,,,,,,,,,,Death,,26-Oct-06,,NORFOLK,,,203015
656,MEMPHIS,13872,Male,,553,,,588,"0Y,0M,1D",,Birth/Hatch,,10-Jul-93,,MEMPHIS,,,13872
,,,,,,,,,,,Death,,11-Jul-93,,MEMPHIS,,,13872
657,MEMPHIS,13873,Female,,553,,,588,"0Y,0M,1D",,Birth/Hatch,,10-Jul-93,,MEMPHIS,,,13873
,,,,,,,,,,,Death,,11-Jul-93,,MEMPHIS,,,13873
658,MEMPHIS,13874,Female,,553,,,588,"0Y,0M,10D",,Birth/Hatch,,10-Jul-93,,MEMPHIS,,,13874
,,,,,,,,,,,Death,,20-Jul-93,,MEMPHIS,,,13874
659,MEMPHIS,14060,Male,,589,,,601,"8Y,3M,30D",,Birth/Hatch,,14-Jul-93,,MSU MEM,,,14060
,,,,,,,,,,,Transfer,,27-Oct-93,,MEMPHIS,,,14060
,,,,,,,,,,,Death,,13-Nov-01,,MEMPHIS,,,14060
660,MEMPHIS,14061,Male,,589,,,601,"7Y,2M,26D",,Birth/Hatch,,14-Jul-93,,MSU MEM,,,14061
,,,,,,,,,,,Transfer,,27-Oct-93,,MEMPHIS,,,14061
,,,,,,,,,,,Death,,10-Oct-00,,MEMPHIS,,,14061
661,MILWAUKEE,4823,Female,,589,,,601,"10Y,11M,21D",,Birth/Hatch,,14-Jul-93,,MSU MEM,,,14062
,,,,,,,,,,,Transfer,,27-Oct-93,,MEMPHIS,,,14062
,,,,,,,,,,,Transfer,,20-Nov-97,,UNDETERMI,,,
,,,,,,,,,,,Transfer,,13-Jan-98,,MEMPHIS,,,14062
,,,,,,,,,,,Transfer,,9-Oct-01,,MILWAUKEE,,,4823
,,,,,,,,,,,Death,,5-Jul-04,,MILWAUKEE,,,4823
662,PUEBLO,930060,Undetermined,,474,,,570,"0Y,0M,7D",,Birth/Hatch,,18-Jul-93,,PUEBLO,,,930060
,,,,,,,,,,,Death,,25-Jul-93,,PUEBLO,,,930060
663,COLUMBUS,932112,Male,,UND,,,UND,"9Y,9M,22D",,Birth/Hatch,,15-Aug-93,,KOLMAN,,,
,,,,,,,,,,,Transfer,,9-Sep-93,,COLUMBUS,,,932112
,,,,,,,,,,,Death,,6-Jun-03,,COLUMBUS,,,932112
664,COLUMBUS,932113,Female,,UND,,,UND,"11Y,1M,19D",,Birth/Hatch,,15-Aug-93,,KOLMAN,,,
,,,,,,,,,,,Transfer,,9-Sep-93,,COLUMBUS,,,932113
,,,,,,,,,,,Death,,4-Oct-04,,COLUMBUS,,,932113
665,BROWNSVIL,5971,Male,,UND,,,UND,"8Y,5M,23D",,Birth/Hatch,,"Sep 15, 1993 +/- 1 day",,Undetermined,,,-
,,,,,,,,,,,Transfer,,"Jul 01, 1994 +/- 6 month",,BULVERDE,,,
,,,,,,,,,,,Transfer,,15-Sep-95,,BROWNSVIL,,,5971
,,,,,,,,,,,Death,,10-Mar-02,,BROWNSVIL,,,5971
666,PALM DES,403005,Male,,WILD,,,WILD,"11Y,2M,23D",,Birth/Hatch,,Undetermined,,Africa,,,-
,,,,,,,,,,,"Wild
Capture",,Undetermined,,Africa,,,-
,,,,,,,,,,,Transfer,,1-Dec-94,,BULVERDE,,,
,,,,,,,,,,,Transfer,,12-Dec-94,,SAN ANTON,,,941220
,,,,,,,,,,,Transfer,,13-Sep-00,,SANJOSECA,,,200024
,,,,,,,,,,,Transfer,,16-Apr-03,,PALM DES,,,403005
,,,,,,,,,,,Death,,24-Mar-05,,PALM DES,,,403005
667,SYRACUSE,M94000,Undetermined,,571,,,569,"0Y,0M,0D",,Birth/Hatch,,15-Feb-94,,SYRACUSE,,,M94000
,,,,,,,,,,,Death,,15-Feb-94,,SYRACUSE,,,M94000
668,SYRACUSE,M9400A,Undetermined,,571,,,569,"0Y,0M,0D",,Birth/Hatch,,15-Feb-94,,SYRACUSE,,,M9400A
,,,,,,,,,,,Death,,15-Feb-94,,SYRACUSE,,,M9400A
669,SYRACUSE,M9400B,Undetermined,,571,,,569,"0Y,0M,0D",,Birth/Hatch,,15-Feb-94,,SYRACUSE,,,M9400B
,,,,,,,,,,,Death,,15-Feb-94,,SYRACUSE,,,M9400B
670,CALGARY,104128,Female,,558,,,565,"0Y,10M,2D",,Birth/Hatch,,13-Mar-94,,CALGARY,,,104128
,,,,,,,,,,,Death,,15-Jan-95,,CALGARY,,,104128
671,CALGARY,104131,Female,,558,,,565,"12Y,2M,0D",,Birth/Hatch,,13-Mar-94,,CALGARY,,,104131
,,,,,,,,,,,Death,,13-May-06,,CALGARY,,,104131
672,SANJOSECA,200025,Female,,UND,,,UND,"13Y,7M,23D",,Birth/Hatch,,"Mar 13, 1994 +/- 1 day",,Undetermined,,,-
,,,,,,,,,,,Transfer,,"Jul 15, 1994 +/- 6 month",,BULVERDE,,,
,,,,,,,,,,,Transfer,,12-Dec-94,,SAN ANTON,,,941221
,,,,,,,,,,,Transfer,,13-Sep-00,,SANJOSECA,,,200025
,,,,,,,,,,,Death,,5-Nov-07,,SANJOSECA,,,200025
673,FRESNO,240100,Female,,582,,,583,"18Y,3M,30D",,Birth/Hatch,,6-Apr-94,,METROZOO,,,M01754
,,,,,,,,,,,Transfer,,15-Nov-95,,ST LOUIS,,,951104
,,,,,,,,,,,Transfer,,21-Sep-00,,DULUTH,,,100144
,,,,,,,,,,,Transfer,,23-Oct-04,,FRESNO,,,240100
,,,,,,,,,,,Death,,5-Aug-12,,FRESNO,,,240100
674,DREHER PA,9522,Male,,582,,,583,"13Y,2M,16D",,Birth/Hatch,,6-Apr-94,,METROZOO,,,XM1753
,,,,,,,,,,,Transfer,,3-Mar-95,,DREHER PA,,,9522
,,,,,,,,,,,Death,,22-Jun-07,,DREHER PA,,,9522
675,NAFTZINGE,,Female,,582,,,583,"5Y,2M,15D",,Birth/Hatch,,6-Apr-94,,METROZOO,,,XM1755
,,,,,,,,,,,Transfer,,23-Jan-95,,NAFTZINGE,,,
,,,,,,,,,,,Death,,21-Jun-99,,NAFTZINGE,,,
676,HOGLE,940036,Undetermined,,633,,,550,"0Y,0M,2D",,Birth/Hatch,,17-Apr-94,,HOGLE,,,940036
,,,,,,,,,,,Death,,19-Apr-94,,HOGLE,,,940036
677,DREHER PA,9521,Female,,581,,,584,"11Y,0M,22D",,Birth/Hatch,,7-May-94,,METROZOO,,,XM1757
,,,,,,,,,,,Transfer,,3-Mar-95,,DREHER PA,,,9521
,,,,,,,,,,,Death,,29-May-05,,DREHER PA,,,9521
678,METROZOO,XM1758,Female,,581,,,584,"0Y,0M,3D",,Birth/Hatch,,7-May-94,,METROZOO,,,XM1758
,,,,,,,,,,,Death,,10-May-94,,METROZOO,,,XM1758
679,PUEBLO,940040,Female,,560,,,570,"0Y,0M,16D",,Birth/Hatch,,8-Jun-94,,PUEBLO,,,940040
,,,,,,,,,,,Death,,24-Jun-94,,PUEBLO,,,940040
680,PUEBLO,940041,Female,,560,,,570,"0Y,0M,17D",,Birth/Hatch,,8-Jun-94,,PUEBLO,,,940041
,,,,,,,,,,,Death,,25-Jun-94,,PUEBLO,,,940041
681,ST LOUIS,960922,Male,,553,,,588,"10Y,6M,2D",,Birth/Hatch,,18-Jun-94,,MILWAUKEE,,,3970
,,,,,,,,,,,Transfer,,10-Sep-96,,ST LOUIS,,,960922
,,,,,,,,,,,Death,,20-Dec-04,,ST LOUIS,,,960922
682,SPRINGFIE,771,Male,,553,,,588,"10Y,8M,22D",,Birth/Hatch,,18-Jun-94,,MILWAUKEE,,,3968
,,,,,,,,,,,Transfer,,10-Oct-95,,BLOOMINGT,,,M95053
,,,,,,,,,,,Transfer,,19-Feb-03,,SPRINGFIE,,,771
,,,,,,,,,,,Death,,12-Mar-05,,SPRINGFIE,,,771
683,SPRINGFIE,770,Male,,553,,,588,"12Y,5M,20D",,Birth/Hatch,,18-Jun-94,,MILWAUKEE,,,3969
,,,,,,,,,,,Transfer,,10-Oct-95,,BLOOMINGT,,,M95052
,,,,,,,,,,,Transfer,,19-Feb-03,,SPRINGFIE,,,770
,,,,,,,,,,,Death,,8-Dec-06,,SPRINGFIE,,,770
684,OKLAHOMA,650922,Undetermined,,572,,,590,"0Y,0M,0D",,Birth/Hatch,,25-Jun-94,,OKLAHOMA,,,650922
,,,,,,,,,,,Death,,25-Jun-94,,OKLAHOMA,,,650922
685,NY BRONX,953022,Male,,606,,,574,"11Y,3M,4D",,Birth/Hatch,,30-Oct-94,,CINCINNAT,,,194187
,,,,,,,,,,,Transfer,,21-Jun-95,,NY BRONX,,,953022
,,,,,,,,,,,Death,,3-Feb-06,,NY BRONX,,,953022
686,NY BRONX,953023,Female,,606,,,574,"9Y,4M,27D",,Birth/Hatch,,30-Oct-94,,CINCINNAT,,,194188
,,,,,,,,,,,Transfer,,21-Jun-95,,NY BRONX,,,953023
,,,,,,,,,,,Death,,27-Mar-04,,NY BRONX,,,953023
687,BROWNSVIL,5972,Female,,WILD,,,WILD,"10Y,8M,24D",,Birth/Hatch,,"Jan 01, 1995 +/- 6 month",,Africa,,,-
,,,,,,,,,,,"Wild
Capture",,"Jan 01, 1995 +/- 6 month",,Africa,,,-
,,,,,,,,,,,Transfer,,"Apr 15, 1995 +/- 6 month",,BULVERDE,,,
,,,,,,,,,,,Transfer,,15-Sep-95,,BROWNSVIL,,,5972
,,,,,,,,,,,Death,,25-Sep-05,,BROWNSVIL,,,5972
688,ST LOUIS,950691,Female,,532,,,518,"7Y,6M,4D",,Birth/Hatch,,19-Feb-95,,DULUTH,,,790009
,,,,,,,,,,,Transfer,,22-Jun-95,,ST LOUIS,,,950691
,,,,,,,,,,,Death,,23-Aug-02,,ST LOUIS,,,950691
689,ST LOUIS,950692,Female,,532,,,518,"12Y,1M,29D",,Birth/Hatch,,19-Feb-95,,DULUTH,,,790010
,,,,,,,,,,,Transfer,,22-Jun-95,,ST LOUIS,,,950692
,,,,,,,,,,,Transfer,,20-Sep-01,,RACINE,,,M0179
,,,,,,,,,,,Transfer,,26-Feb-07,,ST LOUIS,,,950692
,,,,,,,,,,,Death,,17-Apr-07,,ST LOUIS,,,950692
690,UNDETERMI,Undetermined,Female,,604,,,638,"4Y,11M,5D",,Birth/Hatch,,14-Mar-95,,PALM DES,,,495004
,,,,,,,,,,,Transfer,,19-Feb-00,,UNDETERMI,,,Undetermined
,,,,,,,,,,,Transfer,,19-Feb-00,,UNDETERMI,,,
,,,,,,,,,,,GO LTF,,19-Feb-00,,UNDETERMI,,,Undetermined
691,SD-WAP,594040,Female,,604,,,638,"3Y,2M,28D",,Birth/Hatch,,14-Mar-95,,PALM DES,,,495005
,,,,,,,,,,,Transfer,,13-Feb-97,,SANDIEGOZ,,,596040
,,,,,,,,,,,Transfer,,13-Mar-97,,SD-WAP,,,594040
,,,,,,,,,,,Death,,11-Jun-98,,SD-WAP,,,594040
692,MEMPHIS,15089,Undetermined,,589,,,601,"0Y,0M,1D",,Birth/Hatch,,25-Mar-95,,MEMPHIS,,,15089
,,,,,,,,,,,Death,,26-Mar-95,,MEMPHIS,,,15089
693,MEMPHIS,15090,Undetermined,,589,,,601,"0Y,0M,1D",,Birth/Hatch,,25-Mar-95,,MEMPHIS,,,15090
,,,,,,,,,,,Death,,26-Mar-95,,MEMPHIS,,,15090
694,MEMPHIS,15091,Undetermined,,589,,,601,"0Y,0M,1D",,Birth/Hatch,,25-Mar-95,,MEMPHIS,,,15091
,,,,,,,,,,,Death,,26-Mar-95,,MEMPHIS,,,15091
695,HOGLE,950039,Undetermined,,633,,,550,"0Y,0M,2D",,Birth/Hatch,,1-Apr-95,,HOGLE,,,950039
,,,,,,,,,,,Death,,3-Apr-95,,HOGLE,,,950039
696,HOGLE,950040,Undetermined,,633,,,550,"0Y,0M,2D",,Birth/Hatch,,1-Apr-95,,HOGLE,,,950040
,,,,,,,,,,,Death,,3-Apr-95,,HOGLE,,,950040
697,HOGLE,950041,Undetermined,,633,,,550,"0Y,0M,3D",,Birth/Hatch,,1-Apr-95,,HOGLE,,,950041
,,,,,,,,,,,Death,,4-Apr-95,,HOGLE,,,950041
698,SYDNEY,980215,Female,,UND,,,UND,"4Y,7M,23D",,Birth/Hatch,,4-Apr-95,,HALL L,,,
,,,,,,,,,,,Transfer,,18-May-95,,PALM DES,,,495018
,,,,,,,,,,,Transfer,,16-Jul-98,,SYDNEY,,,980215
,,,,,,,,,,,Transfer,,27-Nov-99,,SYDNEY,,,980215
,,,,,,,,,,,GO LTF,,27-Nov-99,,SYDNEY,,,980215
699,NAFTZINGE,NHN,Female,,580,,,579,"0Y,0M,0D",,Birth/Hatch,,24-May-95,,METROZOO,,,XM1834
,,,,,,,,,,,Death,,24-May-95,,NAFTZINGE,,,NHN
700,ASHEBORO,1595,Female,,558,,,565,"12Y,9M,18D",,Birth/Hatch,,8-Jun-95,,CALGARY,,,104262
,,,,,,,,,,,Transfer,,15-May-96,,CHICAGOBR,,,960141
,,,,,,,,,,,Transfer,,20-Nov-02,,ASHEBORO,,,1595
,,,,,,,,,,,Death,,26-Mar-08,,ASHEBORO,,,1595
701,ASHEBORO,1666,Female,,558,,,565,"12Y,5M,28D",,Birth/Hatch,,8-Jun-95,,CALGARY,,,104263
,,,,,,,,,,,Transfer,,15-May-96,,CHICAGOBR,,,960140
,,,,,,,,,,,Transfer,,23-Sep-04,,ASHEBORO,,,1666
,,,,,,,,,,,Death,,6-Dec-07,,ASHEBORO,,,1666
702,CHICAGOBR,960139,Female,,558,,,565,"2Y,11M,18D",,Birth/Hatch,,8-Jun-95,,CALGARY,,,104264
,,,,,,,,,,,Transfer,,15-May-96,,CHICAGOBR,,,960139
,,,,,,,,,,,Death,,26-May-98,,CHICAGOBR,,,960139
703,JOHNSON L,,Male,,639,,,583,"0Y,6M,0D",,Birth/Hatch,,12-Jun-95,,ABQBIOPK,,,M95040
,,,,,,,,,,,Transfer,,12-Dec-95,,JOHNSON L,,,
,,,,,,,,,,,GO LTF,,12-Dec-95,,JOHNSON L,,,
704,JOHNSON L,,Female,,639,,,583,"0Y,6M,0D",,Birth/Hatch,,12-Jun-95,,ABQBIOPK,,,M95041
,,,,,,,,,,,Transfer,,12-Dec-95,,JOHNSON L,,,
,,,,,,,,,,,GO LTF,,12-Dec-95,,JOHNSON L,,,
705,HOGLE,950120,Undetermined,,540,,,566,"0Y,0M,1D",,Birth/Hatch,,13-Jun-95,,HOGLE,,,950120
,,,,,,,,,,,Death,,14-Jun-95,,HOGLE,,,950120
706,HOGLE,950121,Undetermined,,540,,,566,"0Y,0M,1D",,Birth/Hatch,,13-Jun-95,,HOGLE,,,950121
,,,,,,,,,,,Death,,14-Jun-95,,HOGLE,,,950121
707,HOGLE,950122,Undetermined,,540,,,566,"0Y,0M,1D",,Birth/Hatch,,13-Jun-95,,HOGLE,,,950122
,,,,,,,,,,,Death,,14-Jun-95,,HOGLE,,,950122
708,SPRINGFIE,773,Female,,UND,,,UND,"9Y,11M,23D",,Birth/Hatch,,20-Jun-95,,BULVERDE,,,
,,,,,,,,,,,Transfer,,15-Sep-95,,BROWNSVIL,,,5973
,,,,,,,,,,,Transfer,,16-Apr-03,,SPRINGFIE,,,773
,,,,,,,,,,,Death,,12-Jun-05,,SPRINGFIE,,,773
709,OKLAHOMA,673527,Female,,572,,,590,"0Y,0M,0D",,Birth/Hatch,,12-Jul-95,,OKLAHOMA,,,673527
,,,,,,,,,,,Death,,12-Jul-95,,OKLAHOMA,,,673527
710,OKLAHOMA,673528,Female,,572,,,590,"9Y,11M,16D",,Birth/Hatch,,12-Jul-95,,OKLAHOMA,,,673528
,,,,,,,,,,,Death,,28-Jun-05,,OKLAHOMA,,,673528
711,MEMPHIS,15479,Undetermined,,589,,,601,"0Y,0M,3D",,Birth/Hatch,,19-Aug-95,,MEMPHIS,,,15479
,,,,,,,,,,,Death,,22-Aug-95,,MEMPHIS,,,15479
712,JOHNSON L,,Male,,589,,,601,"1Y,9M,28D",,Birth/Hatch,,19-Aug-95,,MEMPHIS,,,15480
,,,,,,,,,,,Transfer,,16-Jun-97,,JOHNSON L,,,
,,,,,,,,,,,GO LTF,,16-Jun-97,,JOHNSON L,,,
713,JOHNSON L,,Female,,589,,,601,"1Y,9M,28D",,Birth/Hatch,,19-Aug-95,,MEMPHIS,,,15481
,,,,,,,,,,,Transfer,,16-Jun-97,,JOHNSON L,,,
,,,,,,,,,,,GO LTF,,16-Jun-97,,JOHNSON L,,,
714,SAN ANTON,950901,Female,,666,,,672,"0Y,0M,2D",,Birth/Hatch,,1-Sep-95,,SAN ANTON,,,950901
,,,,,,,,,,,Death,,3-Sep-95,,SAN ANTON,,,950901
715,SAN ANTON,950902,Female,,666,,,672,"0Y,0M,2D",,Birth/Hatch,,1-Sep-95,,SAN ANTON,,,950902
,,,,,,,,,,,Death,,3-Sep-95,,SAN ANTON,,,950902
716,SAN ANTON,950903,Female,,666,,,672,"0Y,0M,2D",,Birth/Hatch,,1-Sep-95,,SAN ANTON,,,950903
,,,,,,,,,,,Death,,3-Sep-95,,SAN ANTON,,,950903
717,SEATTLE,960127,Female,,532,,,518,"11Y,6M,6D",,Birth/Hatch,,22-Oct-95,,DULUTH,,,790012
,,,,,,,,,,,Transfer,,16-May-96,,SEATTLE,,,960127
,,,,,,,,,,,Death,,28-Apr-07,,SEATTLE,,,960127
718,BINGHAMTO,961002,Female,,532,,,518,"12Y,5M,0D",,Birth/Hatch,,22-Oct-95,,DULUTH,,,790011
,,,,,,,,,,,Transfer,,15-May-96,,BINGHAMTO,,,961002
,,,,,,,,,,,Death,,22-Mar-08,,BINGHAMTO,,,961002
719,TRENTON Z,RFC1,Male,,WILD,,,WILD,"6Y,6M,14D",,Birth/Hatch,,"Jan 01, 1996 +/- 6 month",,Egypt / ~,,,-
,,,,,,,,,,,"Wild
Capture",,"Jan 01, 1996 +/- 6 month",,Egypt / ~,,,-
,,,,,,,,,,,Transfer,,"Apr 15, 1996 +/- 6 month",,PRIVATE,,,
,,,,,,,,,,,Transfer,,30-Sep-96,,TRENTON Z,,,RFC1
,,,,,,,,,,,Death,,"Jul 15, 2002 +/- 6 month",,TRENTON Z,,,RFC1
720,TRENTON Z,RFC2,Male,,WILD,,,WILD,"3Y,1M,16D",,Birth/Hatch,,"Jan 01, 1996 +/- 6 month",,Egypt / ~,,,-
,,,,,,,,,,,"Wild
Capture",,"Jan 01, 1996 +/- 6 month",,Egypt / ~,,,-
,,,,,,,,,,,Transfer,,"Apr 15, 1996 +/- 6 month",,PRIVATE,,,
,,,,,,,,,,,Transfer,,30-Sep-96,,TRENTON Z,,,RFC2
,,,,,,,,,,,Death,,17-Feb-99,,TRENTON Z,,,RFC2
721,MEMPHIS,15782,Undetermined,,589,,,601,"0Y,0M,6D",,Birth/Hatch,,30-Jan-96,,MEMPHIS,,,15782
,,,,,,,,,,,Death,,5-Feb-96,,MEMPHIS,,,15782
722,MEMPHIS,15783,Undetermined,,589,,,601,"0Y,0M,6D",,Birth/Hatch,,30-Jan-96,,MEMPHIS,,,15783
,,,,,,,,,,,Death,,5-Feb-96,,MEMPHIS,,,15783
723,MEMPHIS,15784,Undetermined,,589,,,601,"0Y,0M,6D",,Birth/Hatch,,30-Jan-96,,MEMPHIS,,,15784
,,,,,,,,,,,Death,,5-Feb-96,,MEMPHIS,,,15784
724,DENVER,A00350,Male,,UND,,,UND,"12Y,7M,23D",,Birth/Hatch,,"Feb 09, 1996 +/- 1 day",,KOLMAN,,,
,,,,,,,,,,,Transfer,,5-Apr-96,,GLEN OAK,,,9402
,,,,,,,,,,,Transfer,,7-Jan-97,,ST LOUIS,,,970108
,,,,,,,,,,,Transfer,,17-Sep-98,,GRANTS FA,,,
,,,,,,,,,,,Transfer,,27-Aug-99,,ST LOUIS,,,970108
,,,,,,,,,,,Transfer,,30-Nov-00,,DENVER,,,A00350
,,,,,,,,,,,Death,,2-Oct-08,,DENVER,,,A00350
725,ST LOUIS,101898,Female,,UND,,,UND,"12Y,10M,0D",,Birth/Hatch,,"Feb 09, 1996 +/- 1 day",,KOLMAN,,,
,,,,,,,,,,,Transfer,,5-Apr-96,,GLEN OAK,,,9401
,,,,,,,,,,,Transfer,,9-Sep-02,,ST LOUIS,,,101898
,,,,,,,,,,,Death,,9-Dec-08,,ST LOUIS,,,101898
726,ST LOUIS,960305,Undetermined,,581,,,673,"0Y,0M,0D",,Birth/Hatch,,13-Mar-96,,ST LOUIS,,,960305
,,,,,,,,,,,Death,,13-Mar-96,,ST LOUIS,,,960305
727,ST LOUIS,960306,Undetermined,,581,,,673,"0Y,0M,0D",,Birth/Hatch,,13-Mar-96,,ST LOUIS,,,960306
,,,,,,,,,,,Death,,13-Mar-96,,ST LOUIS,,,960306
728,ST LOUIS,960307,Undetermined,,581,,,673,"0Y,0M,0D",,Birth/Hatch,,13-Mar-96,,ST LOUIS,,,960307
,,,,,,,,,,,Death,,13-Mar-96,,ST LOUIS,,,960307
729,SYDNEY,980214,Male,,604,,,638,"14Y,0M,21D",,Birth/Hatch,,5-Apr-96,,PALM DES,,,496018
,,,,,,,,,,,Transfer,,16-Jul-98,,SYDNEY,,,980214
,,,,,,,,,,,Transfer,,27-Nov-99,,SYDNEY,,,980214
,,,,,,,,,,,GO LTF,,27-Nov-99,,SYDNEY,,,980214
,,,,,,,,,,,Transfer,,26-Apr-10,,SYDNEY,,,980214
,,,,,,,,,,,Death,,26-Apr-10,,SYDNEY,,,980214
730,PALM DES,496019,Female,,604,,,638,"5Y,11M,2D",,Birth/Hatch,,5-Apr-96,,PALM DES,,,496019
,,,,,,,,,,,Death,,7-Mar-02,,PALM DES,,,496019
731,ABQBIOPK,NX,Female,,674,,,677,"11Y,10M,1D",,Birth/Hatch,,15-Apr-96,,DREHER PA,,,96139
,,,,,,,,,,,Transfer,,18-Dec-96,,NY BRONX,,,963042
,,,,,,,,,,,Transfer,,8-Oct-02,,ABQBIOPK,,,M02056
,,,,,,,,,,,Death,,16-Feb-08,,ABQBIOPK,,,NX
732,NY BRONX,963041,Male,,674,,,677,"10Y,10M,27D",,Birth/Hatch,,15-Apr-96,,DREHER PA,,,96140
,,,,,,,,,,,Transfer,,18-Dec-96,,NY BRONX,,,963041
,,,,,,,,,,,Death,,14-Mar-07,,NY BRONX,,,963041
733,ABQBIOPK,M96011,Male,,421,,,634,"0Y,0M,1D",,Birth/Hatch,,17-Apr-96,,ABQBIOPK,,,M96011
,,,,,,,,,,,Death,,18-Apr-96,,ABQBIOPK,,,M96011
734,BUSCH TAM,59672,Male,,421,,,634,"5Y,8M,24D",,Birth/Hatch,,17-Apr-96,,ABQBIOPK,,,M96012
,,,,,,,,,,,Transfer,,7-May-97,,BUSCH TAM,,,59672
,,,,,,,,,,,Death,,10-Jan-02,,BUSCH TAM,,,59672
735,PRIVATE,,Female,,421,,,634,"8Y,6M,4D",,Birth/Hatch,,17-Apr-96,,ABQBIOPK,,,M96013
,,,,,,,,,,,Transfer,,7-May-97,,BUSCH TAM,,,59673
,,,,,,,,,,,Transfer,,21-Oct-04,,PRIVATE,,,
,,,,,,,,,,,GO LTF,,21-Oct-04,,PRIVATE,,,
736,ST LOUIS,960463,Male,,580,,,579,"12Y,10M,17D",,Birth/Hatch,,28-Apr-96,,ST LOUIS,,,960463
,,,,,,,,,,,Transfer,,10-Sep-98,,ASHEBORO,,,1458
,,,,,,,,,,,Transfer,,15-Apr-03,,ST LOUIS,,,960463
,,,,,,,,,,,Death,,17-Mar-09,,ST LOUIS,,,960463
737,GLEN OAK,9403,Male,,580,,,579,"13Y,7M,14D",,Birth/Hatch,,28-Apr-96,,ST LOUIS,,,960464
,,,,,,,,,,,Transfer,,7-Jan-97,,GLEN OAK,,,9403
,,,,,,,,,,,Death,,12-Dec-09,,GLEN OAK,,,9403
738,HOGLE,960069,Undetermined,,633,,,550,"0Y,0M,3D",,Birth/Hatch,,10-May-96,,HOGLE,,,960069
,,,,,,,,,,,Death,,13-May-96,,HOGLE,,,960069
739,SYDNEY,980650,Male,,582,,,691,"2Y,2M,21D",,Birth/Hatch,,22-May-96,,PALM DES,,,496037
,,,,,,,,,,,Transfer,,12-Aug-98,,SYDNEY,,,980650
,,,,,,,,,,,GO LTF,,12-Aug-98,,SYDNEY,,,980650
740,UNDETERMI,Undetermined,Female,,582,,,691,"3Y,8M,28D",,Birth/Hatch,,22-May-96,,PALM DES,,,496038
,,,,,,,,,,,Transfer,,19-Feb-00,,UNDETERMI,,,Undetermined
,,,,,,,,,,,Transfer,,19-Feb-00,,UNDETERMI,,,
,,,,,,,,,,,GO LTF,,19-Feb-00,,UNDETERMI,,,Undetermined
741,ALAMEDA,200143,Male,,639,,,583,"6Y,7M,10D",,Birth/Hatch,,3-Jun-96,,ABQBIOPK,,,M96035
,,,,,,,,,,,Transfer,,13-Mar-01,,ALAMEDA,,,200143
,,,,,,,,,,,Death,,13-Jan-03,,ALAMEDA,,,200143
742,ABQBIOPK,M96036,Male,,639,,,583,"10Y,7M,28D",,Birth/Hatch,,3-Jun-96,,ABQBIOPK,,,M96036
,,,,,,,,,,,Death,,31-Jan-07,,ABQBIOPK,,,M96036
743,SYRACUSE,M05051,Male,,639,,,583,"11Y,8M,13D",,Birth/Hatch,,3-Jun-96,,ABQBIOPK,,,M96037
,,,,,,,,,,,Transfer,,17-May-05,,SYRACUSE,,,M05051
,,,,,,,,,,,Death,,16-Feb-08,,SYRACUSE,,,M05051
744,DULUTH,100239,Female,,639,,,583,"8Y,6M,21D",,Birth/Hatch,,3-Jun-96,,ABQBIOPK,,,M96038
,,,,,,,,,,,Transfer,,16-Dec-02,,PALM DES,,,402026
,,,,,,,,,,,Transfer,,19-Oct-04,,DULUTH,,,100239
,,,,,,,,,,,Death,,24-Dec-04,,DULUTH,,,100239
745,NY BRONX,963014,Undetermined,,685,,,555,"0Y,0M,2D",,Birth/Hatch,,13-Jun-96,,NY BRONX,,,963014
,,,,,,,,,,,Death,,15-Jun-96,,NY BRONX,,,963014
746,NY BRONX,963015,Undetermined,,685,,,555,"0Y,0M,2D",,Birth/Hatch,,13-Jun-96,,NY BRONX,,,963015
,,,,,,,,,,,Death,,15-Jun-96,,NY BRONX,,,963015
747,ST LOUIS,960630,Undetermined,,626,,,689,"0Y,0M,2D",,Birth/Hatch,,18-Jun-96,,ST LOUIS,,,960630
,,,,,,,,,,,Death,,20-Jun-96,,ST LOUIS,,,960630
748,ST LOUIS,960631,Undetermined,,626,,,689,"0Y,0M,2D",,Birth/Hatch,,18-Jun-96,,ST LOUIS,,,960631
,,,,,,,,,,,Death,,20-Jun-96,,ST LOUIS,,,960631
749,PITTSBURG,101122,Male,,UND,,,527,"9Y,2M,18D",,Birth/Hatch,,19-Jul-96,,NAFTZINGE,,,
,,,,,,,,,,,Transfer,,10-Oct-96,,PITTSBURG,,,101122
,,,,,,,,,,,Death,,7-Oct-05,,PITTSBURG,,,101122
750,NY BRONX,NX,Male,,666,,,672,"12Y,2M,0D",,Birth/Hatch,,24-Jul-96,,SAN ANTON,,,960779
,,,,,,,,,,,Transfer,,27-Mar-97,,NY BRONX,,,973004
,,,,,,,,,,,Death,,24-Sep-08,,NY BRONX,,,NX
751,NY BRONX,973003,Male,,666,,,672,"8Y,0M,11D",,Birth/Hatch,,24-Jul-96,,SAN ANTON,,,960780
,,,,,,,,,,,Transfer,,27-Mar-97,,NY BRONX,,,973003
,,,,,,,,,,,Death,,"Aug 04, 2004 +/- 1 day",,NY BRONX,,,973003
752,SANJOSECA,200303,Female,,666,,,672,"12Y,6M,10D",,Birth/Hatch,,24-Jul-96,,SAN ANTON,,,960781
,,,,,,,,,,,Transfer,,27-Mar-97,,NY BRONX,,,973005
,,,,,,,,,,,Transfer,,2-Oct-97,,PROSPECTP,,,973005
,,,,,,,,,,,Transfer,,8-Mar-02,,PALM DES,,,402001
,,,,,,,,,,,Transfer,,15-Apr-03,,SANJOSECA,,,200303
,,,,,,,,,,,Death,,3-Feb-09,,SANJOSECA,,,200303
753,ALEXANDRI,M00078,Male,,589,,,601,"7Y,4M,14D",,Birth/Hatch,,22-Oct-96,,MEMPHIS,,,16434
,,,,,,,,,,,Transfer,,26-May-99,,BALTIMORE,,,99M015
,,,,,,,,,,,GO LTF,,26-May-99,,BALTIMORE,,,99M015
,,,,,,,,,,,Transfer,,11-Jul-01,,BALTIMORE,,,99M015
,,,,,,,,,,,Transfer,,11-Jul-01,,ALEXANDRI,,,M00078
,,,,,,,,,,,Death,,7-Mar-04,,ALEXANDRI,,,M00078
754,MEMPHIS,16435,Undetermined,,589,,,601,"0Y,0M,1D",,Birth/Hatch,,22-Oct-96,,MEMPHIS,,,16435
,,,,,,,,,,,Death,,23-Oct-96,,MEMPHIS,,,16435
755,MEMPHIS,16436,Undetermined,,589,,,601,"0Y,0M,3D",,Birth/Hatch,,22-Oct-96,,MEMPHIS,,,16436
,,,,,,,,,,,Death,,25-Oct-96,,MEMPHIS,,,16436
756,MEMPHIS,16437,Undetermined,,589,,,601,"0Y,0M,3D",,Birth/Hatch,,22-Oct-96,,MEMPHIS,,,16437
,,,,,,,,,,,Death,,25-Oct-96,,MEMPHIS,,,16437
757,ST LOUIS,961062,Undetermined,,580,,,579,"0Y,0M,0D",,Birth/Hatch,,30-Oct-96,,ST LOUIS,,,961062
,,,,,,,,,,,Death,,30-Oct-96,,ST LOUIS,,,961062
758,ST LOUIS,961063,Undetermined,,580,,,579,"0Y,0M,0D",,Birth/Hatch,,30-Oct-96,,ST LOUIS,,,961063
,,,,,,,,,,,Death,,30-Oct-96,,ST LOUIS,,,961063
759,ST LOUIS,961111,Undetermined,,581,,,673,"0Y,0M,0D",,Birth/Hatch,,15-Nov-96,,ST LOUIS,,,961111
,,,,,,,,,,,Death,,15-Nov-96,,ST LOUIS,,,961111
760,ST LOUIS,961112,Undetermined,,581,,,673,"0Y,0M,0D",,Birth/Hatch,,15-Nov-96,,ST LOUIS,,,961112
,,,,,,,,,,,Death,,15-Nov-96,,ST LOUIS,,,961112
761,ST LOUIS,961113,Undetermined,,581,,,673,"0Y,0M,0D",,Birth/Hatch,,15-Nov-96,,ST LOUIS,,,961113
,,,,,,,,,,,Death,,15-Nov-96,,ST LOUIS,,,961113
762,COLUMBIA,SJ1901,Male,,UND,,,UND,"6Y,10M,18D",,Birth/Hatch,,"Jan 01, 1995 +/- 6 month",,Undetermined,,,-
,,,,,,,,,,,Transfer,,"Oct 15, 1997 +/- 6 month",,NY BRONX,,,973009
,,,,,,,,,,,Transfer,,17-Nov-97,,PARAMUS,,,2314
,,,,,,,,,,,Transfer,,17-Oct-00,,COLUMBIA,,,SJ1901
,,,,,,,,,,,Death,,19-Nov-01,,COLUMBIA,,,SJ1901
763,BOSTON MS,,Female,,UND,,,UND,"8Y,2M,28D",,Birth/Hatch,,Undetermined,,Undetermined,,,-
,,,,,,,,,,,Transfer,,"Jul 01, 1997 +/- 6 month",,NY BRONX,,,973010
,,,,,,,,,,,Transfer,,2-Oct-97,,PROSPECTP,,,973010
,,,,,,,,,,,Transfer,,9-Apr-04,,BOSTON MS,,,
,,,,,,,,,,,Death,,29-Mar-05,,BOSTON MS,,,
764,PALM DES,497036,Undetermined,,604,,,638,"0Y,6M,9D",,Birth/Hatch,,30-Jan-97,,PALM DES,,,497036
,,,,,,,,,,,Death,,8-Aug-97,,PALM DES,,,497036
765,PALM DES,497037,Undetermined,,604,,,638,"0Y,6M,9D",,Birth/Hatch,,30-Jan-97,,PALM DES,,,497037
,,,,,,,,,,,Death,,8-Aug-97,,PALM DES,,,497037
766,FRESNO,970161,Male,,909,,,910,"12Y,3M,7D",,Birth/Hatch,,3-Mar-97,,HALL L,,,
,,,,,,,,,,,Transfer,,16-Nov-97,,FRESNO,,,970161
,,,,,,,,,,,Death,,10-Jun-09,,FRESNO,,,970161
767,HOGLE,970006,Undetermined,,540,,,566,"0Y,0M,8D",,Birth/Hatch,,16-Mar-97,,HOGLE,,,970006
,,,,,,,,,,,Death,,24-Mar-97,,HOGLE,,,970006
768,KOLMAN,,Female,,540,,,566,"0Y,6M,9D",,Birth/Hatch,,16-Mar-97,,HOGLE,,,970007
,,,,,,,,,,,Transfer,,25-Sep-97,,KOLMAN,,,
,,,,,,,,,,,GO LTF,,25-Sep-97,,KOLMAN,,,
769,KOLMAN,,Female,,540,,,566,"0Y,6M,9D",,Birth/Hatch,,16-Mar-97,,HOGLE,,,970008
,,,,,,,,,,,Transfer,,25-Sep-97,,KOLMAN,,,
,,,,,,,,,,,GO LTF,,25-Sep-97,,KOLMAN,,,
770,HOGLE,970010,Male,,540,,,550,"0Y,0M,23D",,Birth/Hatch,,20-Mar-97,,HOGLE,,,970010
,,,,,,,,,,,Death,,12-Apr-97,,HOGLE,,,970010
771,HOGLE,970011,Female,,540,,,550,"0Y,0M,5D",,Birth/Hatch,,20-Mar-97,,HOGLE,,,970011
,,,,,,,,,,,Death,,25-Mar-97,,HOGLE,,,970011
772,CHICAGOLP,NXX,Female,,UND,,,UND,"12Y,0M,3D",,Birth/Hatch,,22-Mar-97,,HALL L,,,
,,,,,,,,,,,Transfer,,16-Nov-97,,FRESNO,,,970162
,,,,,,,,,,,Transfer,,3-May-07,,CHICAGOLP,,,21901
,,,,,,,,,,,Death,,25-Mar-09,,CHICAGOLP,,,NXX
773,SD-WAP,697130,Male,,582,,,691,"9Y,8M,15D",,Birth/Hatch,,1-Apr-97,,SD-WAP,,,697130
,,,,,,,,,,,Death,,16-Dec-06,,SD-WAP,,,697130
774,SD-WAP,697131,Male,,582,,,691,"0Y,0M,18D",,Birth/Hatch,,1-Apr-97,,SD-WAP,,,697131
,,,,,,,,,,,Death,,19-Apr-97,,SD-WAP,,,697131
775,SD-WAP,697132,Undetermined,,582,,,691,"0Y,0M,1D",,Birth/Hatch,,1-Apr-97,,SD-WAP,,,697132
,,,,,,,,,,,Death,,2-Apr-97,,SD-WAP,,,697132
776,DISNEY AK,NX,Male,,UND,,,UND,"11Y,10M,22D",,Birth/Hatch,,1-Apr-97,,LONESTAR,,,
,,,,,,,,,,,Transfer,,30-Jan-98,,DISNEY AK,,,980166
,,,,,,,,,,,Death,,23-Feb-09,,DISNEY AK,,,NX
777,DISNEY AK,980167,Female,,UND,,,UND,"2Y,11M,0D",,Birth/Hatch,,1-Apr-97,,LONESTAR,,,
,,,,,,,,,,,Transfer,,30-Jan-98,,DISNEY AK,,,980167
,,,,,,,,,,,Death,,1-Mar-00,,DISNEY AK,,,980167
778,PALM DES,497015,Male,,604,,,638,"0Y,0M,5D",,Birth/Hatch,,11-Apr-97,,PALM DES,,,497015
,,,,,,,,,,,Death,,16-Apr-97,,PALM DES,,,497015
779,PALM DES,497016,Female,,604,,,638,"0Y,0M,5D",,Birth/Hatch,,11-Apr-97,,PALM DES,,,497016
,,,,,,,,,,,Death,,16-Apr-97,,PALM DES,,,497016
780,EMBERYRCH,,Male,,UND,,,UND,"5Y,6M,8D",,Birth/Hatch,,29-Apr-97,,YATES K,,,
,,,,,,,,,,,Transfer,,11-Aug-97,,SANDIEGOZ,,,697453
,,,,,,,,,,,Transfer,,6-Nov-02,,EMBERYRCH,,,
,,,,,,,,,,,GO LTF,,6-Nov-02,,EMBERYRCH,,,
781,MEMPHIS,16847,Undetermined,,589,,,601,"0Y,0M,2D",,Birth/Hatch,,9-May-97,,MEMPHIS,,,16847
,,,,,,,,,,,Death,,11-May-97,,MEMPHIS,,,16847
782,MEMPHIS,16848,Undetermined,,589,,,601,"0Y,0M,2D",,Birth/Hatch,,9-May-97,,MEMPHIS,,,16848
,,,,,,,,,,,Death,,11-May-97,,MEMPHIS,,,16848
783,MEMPHIS,16849,Undetermined,,589,,,601,"0Y,0M,2D",,Birth/Hatch,,9-May-97,,MEMPHIS,,,16849
,,,,,,,,,,,Death,,11-May-97,,MEMPHIS,,,16849
784,MEMPHIS,16850,Undetermined,,589,,,601,"0Y,0M,2D",,Birth/Hatch,,9-May-97,,MEMPHIS,,,16850
,,,,,,,,,,,Death,,11-May-97,,MEMPHIS,,,16850
785,DREHER PA,205032,Female,,666,,,672,"13Y,0M,20D",,Birth/Hatch,,3-Jun-97,,SAN ANTON,,,970605
,,,,,,,,,,,Transfer,,5-Mar-98,,ST LOUIS,,,980303
,,,,,,,,,,,Transfer,,9-Sep-02,,GLEN OAK,,,9409
,,,,,,,,,,,Transfer,,26-Apr-05,,DREHER PA,,,205032
,,,,,,,,,,,Death,,23-Jun-10,,DREHER PA,,,205032
786,ATTLEBORO,106211,Female,,666,,,672,"12Y,1M,30D",,Birth/Hatch,,3-Jun-97,,SAN ANTON,,,970606
,,,,,,,,,,,Transfer,,5-Mar-98,,ST LOUIS,,,980302
,,,,,,,,,,,Transfer,,24-Aug-06,,ATTLEBORO,,,106211
,,,,,,,,,,,Death,,2-Aug-09,,ATTLEBORO,,,106211
787,MEMPHIS,17030,Undetermined,,659,,,UND,"0Y,0M,4D",,Birth/Hatch,,7-Jun-97,,MEMPHIS,,,17030
,,,,,,,,,,,Death,,11-Jun-97,,MEMPHIS,,,17030
788,MEMPHIS,17031,Undetermined,,659,,,UND,"0Y,0M,4D",,Birth/Hatch,,7-Jun-97,,MEMPHIS,,,17031
,,,,,,,,,,,Death,,11-Jun-97,,MEMPHIS,,,17031
789,MEMPHIS,17032,Undetermined,,659,,,UND,"0Y,0M,4D",,Birth/Hatch,,7-Jun-97,,MEMPHIS,,,17032
,,,,,,,,,,,Death,,11-Jun-97,,MEMPHIS,,,17032
790,MEMPHIS,17033,Undetermined,,659,,,UND,"0Y,0M,4D",,Birth/Hatch,,7-Jun-97,,MEMPHIS,,,17033
,,,,,,,,,,,Death,,11-Jun-97,,MEMPHIS,,,17033
791,MEMPHIS,17034,Undetermined,,659,,,UND,"0Y,0M,0D",,Birth/Hatch,,7-Jun-97,,MEMPHIS,,,17034
,,,,,,,,,,,Death,,7-Jun-97,,MEMPHIS,,,17034
792,JOHNSON L,,Male,,582,,,691,"1Y,7M,1D",,Birth/Hatch,,2-Sep-97,,SD-WAP,,,697498
,,,,,,,,,,,Transfer,,3-Apr-99,,JOHNSON L,,,
,,,,,,,,,,,GO LTF,,3-Apr-99,,JOHNSON L,,,
793,SD-WAP,697504,Female,,582,,,691,"0Y,0M,0D",,Birth/Hatch,,2-Sep-97,,SD-WAP,,,697504
,,,,,,,,,,,GO LTF,,2-Sep-97,,SD-WAP,,,697504
794,SD-WAP,697500,Male,,582,,,691,"1Y,4M,30D",,Birth/Hatch,,5-Sep-97,,SD-WAP,,,697500
,,,,,,,,,,,Death,,4-Feb-99,,SD-WAP,,,697500
795,SD-WAP,697501,Male,,582,,,691,"0Y,0M,0D",,Birth/Hatch,,5-Sep-97,,SD-WAP,,,697501
,,,,,,,,,,,GO LTF,,5-Sep-97,,SD-WAP,,,697501
796,ST LOUIS,,Undetermined,,581,,,673,"0Y,0M,0D",,Birth/Hatch,,26-Mar-98,,ST LOUIS,,,
,,,,,,,,,,,Death,,26-Mar-98,,ST LOUIS,,,
797,ST LOUIS,,Undetermined,,581,,,673,"0Y,0M,0D",,Birth/Hatch,,26-Mar-98,,ST LOUIS,,,
,,,,,,,,,,,Death,,26-Mar-98,,ST LOUIS,,,
798,ST LOUIS,980507,Male,,572,,,584,"0Y,0M,6D",,Birth/Hatch,,11-May-98,,ST LOUIS,,,980507
,,,,,,,,,,,Death,,17-May-98,,ST LOUIS,,,980507
799,BRONX CZ,E10007,Male,,572,,,584,"12Y,5M,27D",,Birth/Hatch,,11-May-98,,ST LOUIS,,,980508
,,,,,,,,,,,Transfer,,20-Sep-01,,RACINE,,,M0181
,,,,,,,,,,,Transfer,,23-Aug-02,,DULUTH,,,100207
,,,,,,,,,,,Transfer,,7-Jun-05,,MILWAUKEE,,,5199
,,,,,,,,,,,Transfer,,16-Sep-10,,BRONX CZ,,,E10007
,,,,,,,,,,,Death,,7-Nov-10,,BRONX CZ,,,E10007
800,SPRINGFIE,599,Female,,626,,,689,"4Y,6M,14D",,Birth/Hatch,,21-Jul-98,,ST LOUIS,,,980738
,,,,,,,,,,,Transfer,,18-Dec-98,,SPRINGFIE,,,599
,,,,,,,,,,,Death,,4-Feb-03,,SPRINGFIE,,,599
801,RACINE,M0180,Female,,626,,,689,"6Y,5M,6D",,Birth/Hatch,,21-Jul-98,,ST LOUIS,,,980739
,,,,,,,,,,,Transfer,,20-Sep-01,,RACINE,,,M0180
,,,,,,,,,,,Death,,27-Dec-04,,RACINE,,,M0180
802,SYRACUSE,M08069,Male,,766,,,772,"13Y,4M,9D",,Birth/Hatch,,7-Apr-98,,FRESNO,,,980058
,,,,,,,,,,,Transfer,,29-Oct-98,,SEATTLE,,,980313
,,,,,,,,,,,Transfer,,15-Oct-08,,SYRACUSE,,,M08069
,,,,,,,,,,,Death,,16-Aug-11,,SYRACUSE,,,M08069
803,BUFF_ED,NX,Female,,UND,,,642,"9Y,10M,8D",,Birth/Hatch,,6-Apr-98,,NAFTZINGE,,,
,,,,,,,,,,,Transfer,,16-Jun-98,,BUFF_ED,,,EM12
,,,,,,,,,,,Death,,14-Feb-08,,BUFF_ED,,,NX
804,NZP-WASH,113390,Male,,UND,,,UND,"9Y,5M,18D",,Birth/Hatch,,5-May-98,,Undetermined,,,-
,,,,,,,,,,,Transfer,,"Oct 15, 1998 +/- 15 day",,PUBLIC,,,
,,,,,,,,,,,Transfer,,8-Apr-99,,NZP-WASH,,,113390
,,,,,,,,,,,Death,,23-Oct-07,,NZP-WASH,,,113390
805,FRANKLINP,99A034,Female,,UND,,,UND,"1Y,3M,6D",,Birth/Hatch,,"Jul 01, 1998 +/- 6 month",,Undetermined,,,-
,,,,,,,,,,,Transfer,,1-Jul-99,,FRANKLINP,,,99A034
,,,,,,,,,,,Death,,7-Oct-99,,FRANKLINP,,,99A034
806,NAFTZINGE,,Female,,UND,,,UND,"12Y,10M,19D",,Birth/Hatch,,"Jan 01, 1968 +/- 6 month",,Undetermined,,,-
,,,,,,,,,,,Transfer,,"Jul 15, 1968 +/- 6 month",,PRIVATE,,,
,,,,,,,,,,,Transfer,,15-Jul-74,,NAFTZINGE,,,
,,,,,,,,,,,Death,,20-Nov-80,,NAFTZINGE,,,
807,NAFTZINGE,,Male,,UND,,,UND,"13Y,8M,21D",,Birth/Hatch,,"Jan 01, 1969 +/- 6 month",,Undetermined,,,-
,,,,,,,,,,,Transfer,,"Jul 15, 1969 +/- 6 month",,PRIVATE,,,
,,,,,,,,,,,Transfer,,"Jul 15, 1974 +/- 6 month",,NAFTZINGE,,,
,,,,,,,,,,,Death,,22-Sep-82,,NAFTZINGE,,,
808,NAFTZINGE,,Female,,807,,,806,"5Y,11M,23D",,Birth/Hatch,,"Jul 15, 1978 +/- 2 year",,NAFTZINGE,,,
,,,,,,,,,,,Transfer,,8-Jul-84,,NAFTZINGE,,,
,,,,,,,,,,,GO LTF,,8-Jul-84,,NAFTZINGE,,,
809,NAFTZINGE,,Female,,138,,,132,"3Y,1M,7D",,Birth/Hatch,,"Jul 15, 1982 +/- 3 year",,NAFTZINGE,,,
,,,,,,,,,,,Transfer,,22-Aug-85,,NAFTZINGE,,,
,,,,,,,,,,,GO LTF,,22-Aug-85,,NAFTZINGE,,,
810,NAFTZINGE,,Female,,387,,,808,"6Y,10M,24D",,Birth/Hatch,,7-Jul-84,,NAFTZINGE,,,
,,,,,,,,,,,Transfer,,31-May-91,,NAFTZINGE,,,
,,,,,,,,,,,GO LTF,,31-May-91,,NAFTZINGE,,,
811,NAFTZINGE,,Female,,UND,,,UND,"4Y,6M,27D",,Birth/Hatch,,"Jan 01, 1985 +/- 5 year",,NAFTZINGE,,,
,,,,,,,,,,,Transfer,,28-Jul-89,,NAFTZINGE,,,
,,,,,,,,,,,GO LTF,,28-Jul-89,,NAFTZINGE,,,
812,NAFTZINGE,,Male,,464,,,811,"1Y,6M,5D",,Birth/Hatch,,27-Jul-89,,NAFTZINGE,,,
,,,,,,,,,,,Transfer,,1-Feb-91,,NAFTZINGE,,,
,,,,,,,,,,,GO LTF,,1-Feb-91,,NAFTZINGE,,,
813,SANDIEGOZ,NX,Male,,UND,,,UND,"9Y,4M,23D",,Birth/Hatch,,19-May-99,,YATES K,,,
,,,,,,,,,,,Transfer,,30-Aug-99,,SANDIEGOZ,,,599332
,,,,,,,,,,,Death,,12-Oct-08,,SANDIEGOZ,,,NX
814,SYRACUSE,M01111,Female,,737,,,725,"10Y,11M,14D",,Birth/Hatch,,17-Jul-99,,GLEN OAK,,,9405
,,,,,,,,,,,Transfer,,5-Jul-01,,SYRACUSE,,,M01111
,,,,,,,,,,,Death,,1-Jul-10,,SYRACUSE,,,M01111
815,GLEN OAK,9404,Undetermined,,737,,,725,"0Y,0M,0D",,Birth/Hatch,,24-Jun-98,,GLEN OAK,,,9404
,,,,,,,,,,,Death,,24-Jun-98,,GLEN OAK,,,9404
816,HOGLE,990006,Undetermined,,633,,,550,"0Y,0M,1D",,Birth/Hatch,,4-Mar-99,,HOGLE,,,990006
,,,,,,,,,,,Death,,5-Mar-99,,HOGLE,,,990006
817,NY BRONX,NX,Male,,UND,,,UND,"10Y,2M,9D",,Birth/Hatch,,"Jul 15, 1998 +/- 2 year",,Undetermined,,,-
,,,,,,,,,,,Transfer,,1-Dec-98,,NY BRONX,,,983029
,,,,,,,,,,,Death,,24-Sep-08,,NY BRONX,,,NX
818,NY BRONX,NX,Male,,732,,,731,"9Y,3M,8D",,Birth/Hatch,,16-Jun-99,,NY BRONX,,,993028
,,,,,,,,,,,Death,,24-Sep-08,,NY BRONX,,,NX
819,NY BRONX,993029,Female,,732,,,731,"8Y,7M,12D",,Birth/Hatch,,16-Jun-99,,NY BRONX,,,993029
,,,,,,,,,,,Death,,28-Jan-08,,NY BRONX,,,993029
820,PALM DES,498005,Female,,604,,,638,"7Y,7M,3D",,Birth/Hatch,,30-Mar-98,,PALM DES,,,498005
,,,,,,,,,,,Death,,2-Nov-05,,PALM DES,,,498005
821,KISR,,Female,,604,,,638,"1Y,7M,16D",,Birth/Hatch,,3-Jul-98,,PALM DES,,,498023
,,,,,,,,,,,Transfer,,19-Feb-00,,UNDETERMI,,,Undetermined
,,,,,,,,,,,Transfer,,19-Feb-00,,KISR,,,
,,,,,,,,,,,GO LTF,,19-Feb-00,,KISR,,,
822,PALM DES,498024,Female,,604,,,638,"10Y,11M,19D",,Birth/Hatch,,3-Jul-98,,PALM DES,,,498024
,,,,,,,,,,,Death,,22-Jun-09,,PALM DES,,,498024
823,NY BRONX,E07011,Female,,604,,,638,"14Y,2M,9D",,Birth/Hatch,,3-Jul-98,,PALM DES,,,498025
,,,,,,,,,,,Transfer,,18-Apr-07,,BRONX CZ,,,EO7011
,,,,,,,,,,,Transfer,,28-Sep-08,,NY BRONX,,,E07011
,,,,,,,,,,,Death,,12-Sep-12,,NY BRONX,,,E07011
824,GLEN OAK,9411,Female,,604,,,638,"11Y,11M,25D",,Birth/Hatch,,3-Jul-98,,PALM DES,,,498026
,,,,,,,,,,,Transfer,,12-Oct-04,,CHICAGOBR,,,1784
,,,,,,,,,,,Transfer,,24-Apr-09,,GLEN OAK,,,9411
,,,,,,,,,,,Death,,28-Jun-10,,GLEN OAK,,,9411
825,PALM DES,499027,Undetermined,,604,,,638,"0Y,0M,1D",,Birth/Hatch,,15-Mar-99,,PALM DES,,,499027
,,,,,,,,,,,Death,,16-Mar-99,,PALM DES,,,499027
826,PALM DES,499028,Undetermined,,604,,,638,"0Y,0M,1D",,Birth/Hatch,,15-Mar-99,,PALM DES,,,499028
,,,,,,,,,,,Death,,16-Mar-99,,PALM DES,,,499028
827,CHICAGOLP,20105,Male,,UND,,,UND,"7Y,11M,26D",,Birth/Hatch,,"Jul 15, 1998 +/- 2 year",,Undetermined,,,-
,,,,,,,,,,,Transfer,,2-Jul-99,,CHICAGOLP,,,20105
,,,,,,,,,,,Death,,11-Jul-06,,CHICAGOLP,,,20105
828,PHOENIX,9187,Female,,UND,,,UND,"12Y,1M,21D",,Birth/Hatch,,"May 01, 2000 +/- 15 day",,PRIVATE,,,
,,,,,,,,,,,Transfer,,9-Jun-00,,PHOENIX,,,9187
,,,,,,,,,,,Death,,"Jun 22, 2012 +/- 1 day",,PHOENIX,,,9187
829,PHOENIX,9188,Female,,UND,,,UND,"12Y,3M,1D",,Birth/Hatch,,"May 01, 2000 +/- 15 day",,PRIVATE,,,
,,,,,,,,,,,Transfer,,9-Jun-00,,PHOENIX,,,9188
,,,,,,,,,,,Death,,2-Aug-12,,PHOENIX,,,9188
830,BIRMINGHM,NX,Female,,UND,,,UND,"11Y,5M,28D",,Birth/Hatch,,27-Mar-97,,PRIVATE,,,
,,,,,,,,,,,Transfer,,26-Apr-98,,PRIVATE,,,
,,,,,,,,,,,Transfer,,28-Apr-98,,BIRMINGHM,,,98M009
,,,,,,,,,,,Death,,24-Sep-08,,BIRMINGHM,,,NX
831,BIRMINGHM,98M008,Male,,UND,,,UND,"12Y,2M,3D",,Birth/Hatch,,10-Mar-97,,PRIVATE,,,
,,,,,,,,,,,Transfer,,28-Apr-98,,BIRMINGHM,,,98M008
,,,,,,,,,,,Death,,13-May-09,,BIRMINGHM,,,98M008
832,ALAMEDA,200042,Male,,UND,,,UND,"2Y,0M,20D",,Birth/Hatch,,20-Apr-00,,LIT RIVER,,,
,,,,,,,,,,,Transfer,,21-Aug-00,,ALAMEDA,,,200042
,,,,,,,,,,,Death,,10-May-02,,ALAMEDA,,,200042
833,CHICAGOBR,1783,Male,,737,,,725,"10Y,11M,28D",,Birth/Hatch,,3-Jul-01,,GLEN OAK,,,9406
,,,,,,,,,,,Transfer,,23-Jan-02,,MEMPHIS,,,20348
,,,,,,,,,,,Transfer,,21-Oct-04,,CHICAGOBR,,,1783
,,,,,,,,,,,Death,,1-Jul-12,,CHICAGOBR,,,1783
834,PALM DES,404033,Male,,737,,,725,"12Y,10M,27D",,Birth/Hatch,,3-Jul-01,,GLEN OAK,,,9407
,,,,,,,,,,,Transfer,,23-Jan-02,,MEMPHIS,,,20349
,,,,,,,,,,,Transfer,,21-Oct-04,,PALM DES,,,404033
,,,,,,,,,,,Death,,30-May-14,,PALM DES,,,404033
835,GLEN OAK,9408,Undetermined,,737,,,725,"0Y,0M,1D",,Birth/Hatch,,3-Jul-01,,GLEN OAK,,,9408
,,,,,,,,,,,Death,,4-Jul-01,,GLEN OAK,,,9408
836,BOISE,200005,Male,,UND,,,UND,"6Y,0M,4D",,Birth/Hatch,,"Mar 15, 1999 +/- 6 month",,PRIVATE,,,
,,,,,,,,,,,Transfer,,10-Apr-00,,BOISE,,,200005
,,,,,,,,,,,Death,,19-Mar-05,,BOISE,,,200005
837,BOISE,200006,Female,,UND,,,UND,"1Y,2M,17D",,Birth/Hatch,,"Mar 01, 1999 +/- 6 month",,PRIVATE,,,
,,,,,,,,,,,Transfer,,10-Apr-00,,BOISE,,,200006
,,,,,,,,,,,Death,,18-May-00,,BOISE,,,200006
838,BOISE,200017,Male,,UND,,,UND,"7Y,0M,20D",,Birth/Hatch,,"May 01, 1998 +/-
6 month",,PRIVATE,,,
,,,,,,,,,,,Transfer,,28-Jun-00,,BOISE,,,200017
,,,,,,,,,,,Death,,21-May-05,,BOISE,,,200017
839,BOISE,200018,Female,,UND,,,UND,"4Y,7M,7D",,Birth/Hatch,,11-Apr-99,,PRIVATE,,,
,,,,,,,,,,,Transfer,,28-Jun-00,,BOISE,,,200018
,,,,,,,,,,,Death,,18-Nov-03,,BOISE,,,200018
840,SAN ANTON,690905,Female,,UND,,,UND,"1Y,5M,17D",,Birth/Hatch,,"Jul 15, 1969 +/- 6 month",,Undetermined,,,-
,,,,,,,,,,,Transfer,,"Jul 16, 1969 +/- 6 month",,SAN ANTON,,,690905
,,,,,,,,,,,Death,,1-Jan-71,,SAN ANTON,,,690905
841,SAN ANTON,720335,Undetermined,,UND,,,UND,"0Y,0M,0D",,Birth/Hatch,,11-Mar-72,,SAN ANTON,,,720335
,,,,,,,,,,,Death,,11-Mar-72,,SAN ANTON,,,720335
842,SAN ANTON,720336,Undetermined,,UND,,,UND,"0Y,0M,1D",,Birth/Hatch,,11-Mar-72,,SAN ANTON,,,720336
,,,,,,,,,,,Death,,12-Mar-72,,SAN ANTON,,,720336
843,SAN ANTON,720337,Undetermined,,UND,,,UND,"0Y,0M,1D",,Birth/Hatch,,11-Mar-72,,SAN ANTON,,,720337
,,,,,,,,,,,Death,,12-Mar-72,,SAN ANTON,,,720337
844,SAN ANTON,751537,Undetermined,,UND,,,UND,"0Y,0M,0D",,Birth/Hatch,,3-May-75,,SAN ANTON,,,751537
,,,,,,,,,,,Death,,3-May-75,,SAN ANTON,,,751537
845,SAN ANTON,751538,Undetermined,,UND,,,UND,"0Y,0M,0D",,Birth/Hatch,,3-May-75,,SAN ANTON,,,751538
,,,,,,,,,,,Death,,3-May-75,,SAN ANTON,,,751538
846,SAN ANTON,781430,Undetermined,,UND,,,293,"0Y,0M,7D",,Birth/Hatch,,9-Apr-78,,SAN ANTON,,,781430
,,,,,,,,,,,Death,,16-Apr-78,,SAN ANTON,,,781430
847,SAN ANTON,781431,Undetermined,,UND,,,293,"0Y,0M,7D",,Birth/Hatch,,9-Apr-78,,SAN ANTON,,,781431
,,,,,,,,,,,Death,,16-Apr-78,,SAN ANTON,,,781431
848,SAN ANTON,790349,Undetermined,,UND,,,UND,"0Y,0M,0D",,Birth/Hatch,,13-Mar-79,,SAN ANTON,,,790349
,,,,,,,,,,,Death,,13-Mar-79,,SAN ANTON,,,790349
849,SAN ANTON,790350,Undetermined,,UND,,,UND,"0Y,0M,4D",,Birth/Hatch,,13-Mar-79,,SAN ANTON,,,790350
,,,,,,,,,,,Death,,17-Mar-79,,SAN ANTON,,,790350
850,SAN ANTON,790351,Undetermined,,UND,,,UND,"0Y,0M,0D",,Birth/Hatch,,13-Mar-79,,SAN ANTON,,,790351
,,,,,,,,,,,Death,,13-Mar-79,,SAN ANTON,,,790351
851,SAN ANTON,790375,Undetermined,,UND,,,220,"0Y,0M,7D",,Birth/Hatch,,19-Mar-79,,SAN ANTON,,,790375
,,,,,,,,,,,Death,,26-Mar-79,,SAN ANTON,,,790375
852,SAN ANTON,790376,Undetermined,,UND,,,220,"0Y,0M,7D",,Birth/Hatch,,19-Mar-79,,SAN ANTON,,,790376
,,,,,,,,,,,Death,,26-Mar-79,,SAN ANTON,,,790376
853,SAN ANTON,790377,Undetermined,,UND,,,220,"0Y,0M,7D",,Birth/Hatch,,19-Mar-79,,SAN ANTON,,,790377
,,,,,,,,,,,Death,,26-Mar-79,,SAN ANTON,,,790377
854,SAN ANTON,790632,Undetermined,,UND,,,221,"0Y,0M,1D",,Birth/Hatch,,6-Jun-79,,SAN ANTON,,,790632
,,,,,,,,,,,Death,,7-Jun-79,,SAN ANTON,,,790632
855,SAN ANTON,790633,Undetermined,,UND,,,221,"0Y,0M,1D",,Birth/Hatch,,6-Jun-79,,SAN ANTON,,,790633
,,,,,,,,,,,Death,,7-Jun-79,,SAN ANTON,,,790633
856,SAN ANTON,790634,Undetermined,,UND,,,221,"0Y,0M,1D",,Birth/Hatch,,6-Jun-79,,SAN ANTON,,,790634
,,,,,,,,,,,Death,,7-Jun-79,,SAN ANTON,,,790634
857,SAN ANTON,790635,Undetermined,,UND,,,221,"0Y,1M,1D",,Birth/Hatch,,6-Jun-79,,SAN ANTON,,,790635
,,,,,,,,,,,Death,,7-Jul-79,,SAN ANTON,,,790635
858,SAN ANTON,791861,Undetermined,,UND,,,221,"0Y,0M,0D",,Birth/Hatch,,25-Aug-79,,SAN ANTON,,,791861
,,,,,,,,,,,Death,,25-Aug-79,,SAN ANTON,,,791861
859,SAN ANTON,791862,Undetermined,,UND,,,221,"0Y,0M,0D",,Birth/Hatch,,25-Aug-79,,SAN ANTON,,,791862
,,,,,,,,,,,Death,,25-Aug-79,,SAN ANTON,,,791862
860,SAN ANTON,791863,Female,,UND,,,221,"0Y,0M,0D",,Birth/Hatch,,25-Aug-79,,SAN ANTON,,,791863
,,,,,,,,,,,GO LTF,,25-Aug-79,,SAN ANTON,,,791863
861,SAN ANTON,800480,Male,,UND,,,221,"0Y,1M,10D",,Birth/Hatch,,16-Apr-80,,SAN ANTON,,,800480
,,,,,,,,,,,Death,,26-May-80,,SAN ANTON,,,800480
862,SAN ANTON,,Undetermined,,UND,,,331,"0Y,0M,1D",,Birth/Hatch,,16-Aug-80,,SAN ANTON,,,
,,,,,,,,,,,Death,,17-Aug-80,,SAN ANTON,,,
863,SAN ANTON,800865,Undetermined,,UND,,,331,"0Y,0M,1D",,Birth/Hatch,,16-Aug-80,,SAN ANTON,,,800865
,,,,,,,,,,,Death,,17-Aug-80,,SAN ANTON,,,800865
864,SAN ANTON,800866,Undetermined,,UND,,,331,"0Y,0M,1D",,Birth/Hatch,,16-Aug-80,,SAN ANTON,,,800866
,,,,,,,,,,,Death,,17-Aug-80,,SAN ANTON,,,800866
865,SAN ANTON,801440,Male,,UND,,,269,"0Y,0M,0D",,Birth/Hatch,,29-Apr-80,,SAN ANTON,,,801440
,,,,,,,,,,,Death,,29-Apr-80,,SAN ANTON,,,801440
866,SAN ANTON,801441,Male,,UND,,,269,"0Y,0M,2D",,Birth/Hatch,,29-Apr-80,,SAN ANTON,,,801441
,,,,,,,,,,,Death,,1-May-80,,SAN ANTON,,,801441
867,SAN ANTON,830655,Male,,268,,,269,"0Y,0M,5D",,Birth/Hatch,,5-May-83,,SAN ANTON,,,830655
,,,,,,,,,,,Death,,10-May-83,,SAN ANTON,,,830655
868,SAN ANTON,850722,Female,,431,,,440,"0Y,0M,3D",,Birth/Hatch,,7-Jul-85,,SAN ANTON,,,850722
,,,,,,,,,,,Death,,10-Jul-85,,SAN ANTON,,,850722
869,AKRON,1178,Male,,UND,,,UND,"12Y,4M,24D",,Birth/Hatch,,15-Feb-95,,KOLMAN,,,UNK
,,,,,,,,,,,Transfer,,"Apr 13, 1995 +/- 1 day",,AKRON,,,1178
,,,,,,,,,,,Death,,9-Jul-07,,AKRON,,,1178
870,DREHER PA,209109,Female,,802,,,717,"12Y,8M,6D",,Birth/Hatch,,3-Jul-01,,SEATTLE,,,200513
,,,,,,,,,,,Transfer,,20-Nov-02,,CHICAGOBR,,,1272
,,,,,,,,,,,Transfer,,15-Jan-05,,CINCINNAT,,,104065
,,,,,,,,,,,Transfer,,4-Jun-09,,DREHER PA,,,209109
,,,,,,,,,,,Death,,"Mar 09, 2014 +/- 1 month",,DREHER PA,,,209109
871,SEATTLE,200519,Undetermined,,802,,,717,"0Y,0M,28D",,Birth/Hatch,,3-Jul-01,,SEATTLE,,,200519
,,,,,,,,,,,Death,,31-Jul-01,,SEATTLE,,,200519
872,KNOXVILLE,1941,Male,,UND,,,UND,"10Y,1M,12D",,Birth/Hatch,,"Jul 15, 1999 +/- 6 month",,PRIVATE,,,
,,,,,,,,,,,Transfer,,15-Aug-00,,KNOXVILLE,,,1941
,,,,,,,,,,,Death,,27-Aug-09,,KNOXVILLE,,,1941
873,NY BRONX,E09056,Female,,UND,,,UND,"12Y,7M,10D",,Birth/Hatch,,"Jul 15, 2001 +/- 6 month",,PRIVATE,,,
,,,,,,,,,,,Transfer,,18-Jan-02,,BREVARD,,,940770
,,,,,,,,,,,Transfer,,6-Sep-02,,ST LOUIS,,,101897
,,,,,,,,,,,Transfer,,5-Apr-05,,GLEN OAK,,,9410
,,,,,,,,,,,Transfer,,16-Sep-09,,NY BRONX,,,E09056
,,,,,,,,,,,Death,,"Feb 25, 2014 +/- 1 month",,NY BRONX,,,E09056
874,BREVARD,940769,Female,,UND,,,UND,"0Y,8M,23D",,Birth/Hatch,,"Jul 15, 2001 +/- 6 month",,PRIVATE,,,
,,,,,,,,,,,Transfer,,18-Jan-02,,BREVARD,,,940769
,,,,,,,,,,,Death,,7-Apr-02,,BREVARD,,,940769
875,BINGHAMTO,221000,Male,,894,,,893,"7Y,9M,20D",,Birth/Hatch,,20-Mar-01,,HALL L,,,
,,,,,,,,,,,Transfer,,"Nov 15, 2001 +/- 15 day",,PRIVATE,,,
,,,,,,,,,,,Transfer,,2-Feb-02,,BINGHAMTO,,,221000
,,,,,,,,,,,Death,,9-Jan-09,,BINGHAMTO,,,221000
876,MILWAUKEE,5189,Female,,UND,,,UND,"8Y,0M,15D",,Birth/Hatch,,"Jan 01, 2002 +/- 6 month",,PRIVATE,,,
,,,,,,,,,,,Transfer,,"Jan 15, 2004 +/- 15 day",,DREHER PA,,,203057
,,,,,,,,,,,Transfer,,24-May-05,,MILWAUKEE,,,5189
,,,,,,,,,,,Death,,16-Jan-10,,MILWAUKEE,,,5189
877,PALM DES,499026,Undetermined,,604,,,638,"0Y,0M,1D",,Birth/Hatch,,15-Mar-99,,PALM DES,,,499026
,,,,,,,,,,,Death,,16-Mar-99,,PALM DES,,,499026
878,PALM DES,498006,Undetermined,,604,,,638,"0Y,0M,12D",,Birth/Hatch,,30-Mar-98,,PALM DES,,,498006
,,,,,,,,,,,Death,,11-Apr-98,,PALM DES,,,498006
879,PALM DES,498007,Undetermined,,604,,,638,"0Y,0M,3D",,Birth/Hatch,,30-Mar-98,,PALM DES,,,498007
,,,,,,,,,,,Death,,2-Apr-98,,PALM DES,,,498007
880,PALM DES,403014,Male,,UND,,,UND,"12Y,5M,14D",,Birth/Hatch,,"Jul 15, 2000 +/- 6 month",,PUBLIC,,,
,,,,,,,,,,,Transfer,,3-Jul-03,,PALM DES,,,403014
,,,,,,,,,,,Death,,"Dec 29, 2012 +/- 1 day",,PALM DES,,,403014
881,AMSTERDAM,M08036,Female,,548,,,UND,"11Y,4M,10D",,Birth/Hatch,,12-Mar-99,,NAFTZINGE,,,
,,,,,,,,,,,Transfer,,9-May-00,,LOSANGELE,,,990196
,,,,,,,,,,,Transfer,,21-Sep-00,,DVURKRALV,,,141002
,,,,,,,,,,,GO LTF,,21-Sep-00,,DVURKRALV,,,141002
,,,,,,,,,,,Transfer,,27-May-08,,DVURKRALV,,,141002
,,,,,,,,,,,Transfer,,27-May-08,,"AMSTERDA
M",,,M08036
,,,,,,,,,,,Death,,22-Jul-10,,"AMSTERDA
M",,,M08036
882,ST LOUIS,100597,Undetermined,,799,,,689,"0Y,0M,0D",,Birth/Hatch,,18-Nov-00,,ST LOUIS,,,100597
,,,,,,,,,,,Death,,18-Nov-00,,ST LOUIS,,,100597
883,ST LOUIS,100598,Female,,799,,,689,"0Y,0M,0D",,Birth/Hatch,,18-Nov-00,,ST LOUIS,,,100598
,,,,,,,,,,,Death,,18-Nov-00,,ST LOUIS,,,100598
884,ST LOUIS,100599,Undetermined,,799,,,689,"0Y,0M,0D",,Birth/Hatch,,18-Nov-00,,ST LOUIS,,,100599
,,,,,,,,,,,Death,,18-Nov-00,,ST LOUIS,,,100599
885,ST LOUIS,100600,Undetermined,,799,,,689,"0Y,0M,0D",,Birth/Hatch,,18-Nov-00,,ST LOUIS,,,100600
,,,,,,,,,,,Death,,18-Nov-00,,ST LOUIS,,,100600
886,ST LOUIS,100719,Undetermined,,UND,,,689,"0Y,0M,1D",,Birth/Hatch,,3-Feb-01,,ST LOUIS,,,100719
,,,,,,,,,,,Death,,4-Feb-01,,ST LOUIS,,,100719
887,BIRMINGHM,M03001,Undetermined,,831,,,830,"0Y,0M,0D",,Birth/Hatch,,3-Feb-03,,BIRMINGHM,,,M03001
,,,,,,,,,,,Death,,3-Feb-03,,BIRMINGHM,,,M03001
888,BIRMINGHM,M03002,Undetermined,,831,,,830,"0Y,0M,0D",,Birth/Hatch,,3-Feb-03,,BIRMINGHM,,,M03002
,,,,,,,,,,,Death,,3-Feb-03,,BIRMINGHM,,,M03002
889,BIRMINGHM,104006,Undetermined,,831,,,830,"0Y,0M,0D",,Birth/Hatch,,19-Feb-04,,BIRMINGHM,,,104006
,,,,,,,,,,,Death,,19-Feb-04,,BIRMINGHM,,,104006
890,BIRMINGHM,104007,Undetermined,,831,,,830,"0Y,0M,0D",,Birth/Hatch,,19-Feb-04,,BIRMINGHM,,,104007
,,,,,,,,,,,Death,,19-Feb-04,,BIRMINGHM,,,104007
891,BIRMINGHM,104008,Undetermined,,831,,,830,"0Y,0M,0D",,Birth/Hatch,,19-Feb-04,,BIRMINGHM,,,104008
,,,,,,,,,,,Death,,19-Feb-04,,BIRMINGHM,,,104008
892,ABQBIOPK,M04023,Female,,894,,,893,"11Y,7M,23D",,Birth/Hatch,,16-Jun-00,,HALL L,,,
,,,,,,,,,,,Transfer,,"Dec 31, 2000 +/- 6 month",,PRIVATE,,,
,,,,,,,,,,,Transfer,,17-May-04,,ABQBIOPK,,,M04023
,,,,,,,,,,,Death,,8-Feb-12,,ABQBIOPK,,,M04023
893,HALL L,SALLY,Female,,UND,,,UND,"12Y,5M,18D",,Birth/Hatch,,"Jul 15, 1996 +/- 6 month",,HALL L,,,SALLY
,,,,,,,,,,,Transfer,,2-Jan-09,,HALL L,,,SALLY
,,,,,,,,,,,GO LTF,,2-Jan-09,,HALL L,,,SALLY
894,HALL L,CHESTE,Male,,UND,,,UND,"12Y,5M,18D",,Birth/Hatch,,"Jul 15, 1996 +/- 6 month",,HALL L,,,CHESTE
,,,,,,,,,,,Transfer,,2-Jan-09,,HALL L,,,CHESTE
,,,,,,,,,,,GO LTF,,2-Jan-09,,HALL L,,,CHESTE
895,CHICAGOLP,23644,Male,,666,,,823,"13Y,9M,30D",,Birth/Hatch,,16-Apr-04,,PALM DES,,,404006
,,,,,,,,,,,Transfer,,28-Sep-04,,MEMPHIS,,,21590
,,,,,,,,,,,Transfer,,29-May-09,,DREHER PA,,,209107
,,,,,,,,,,,Transfer,,7-Mar-14,,EXOTIC EN,,,UNK
,,,,,,,,,,,Transfer,,9-Nov-15,,S BARBARA,,,700750
,,,,,,,,,,,Transfer,,19-Nov-15,,CHICAGOLP,,,23644
,,,,,,,,,,,Death,,15-Feb-18,,CHICAGOLP,,,23644
896,MEMPHIS,21591,Male,,666,,,823,"3Y,7M,26D",,Birth/Hatch,,16-Apr-04,,PALM DES,,,404007
,,,,,,,,,,,Transfer,,28-Sep-04,,MEMPHIS,,,21591
,,,,,,,,,,,Death,,12-Dec-07,,MEMPHIS,,,21591
897,PALM DES,404008,Male,,666,,,823,"10Y,8M,7D",,Birth/Hatch,,16-Apr-04,,PALM DES,,,404008
,,,,,,,,,,,Death,,23-Dec-14,,PALM DES,,,404008
898,NY BRONX,E12030,Female,,666,,,823,"11Y,1M,27D",,Birth/Hatch,,16-Apr-04,,PALM DES,,,404009
,,,,,,,,,,,Transfer,,28-Oct-04,,ASHEBORO,,,1669
,,,,,,,,,,,Transfer,,8-May-08,,DREHER PA,,,208074
,,,,,,,,,,,Transfer,,18-Mar-09,,CHICAGOBR,,,2990
,,,,,,,,,,,Transfer,,11-Oct-12,,NY BRONX,,,E12030
,,,,,,,,,,,Death,,12-Jun-15,,NY BRONX,,,E12030
899,PALM DES,407026,Female,,681,,,873,"12Y,10M,13D",,Birth/Hatch,,3-May-04,,ST LOUIS,,,103380
,,,,,,,,,,,Transfer,,14-Jun-07,,PALM DES,,,407026
,,,,,,,,,,,Death,,16-Mar-17,,PALM DES,,,407026
900,ST LOUIS,103446,Female,,681,,,873,"11Y,5M,9D",,Birth/Hatch,,3-May-04,,ST LOUIS,,,103446
,,,,,,,,,,,Transfer,,17-Mar-09,,CINCINNAT,,,109000
,,,,,,,,,,,Transfer,,23-Jun-10,,ST LOUIS,,,103446
,,,,,,,,,,,Death,,12-Oct-15,,ST LOUIS,,,103446
901,ST LOUIS,103304,Male,,736,,,786,"0Y,0M,0D",,Birth/Hatch,,30-Mar-04,,ST LOUIS,,,103304
,,,,,,,,,,,Death,,30-Mar-04,,ST LOUIS,,,103304
902,ST LOUIS,103306,Female,,736,,,786,"0Y,0M,2D",,Birth/Hatch,,30-Mar-04,,ST LOUIS,,,103306
,,,,,,,,,,,Death,,1-Apr-04,,ST LOUIS,,,103306
903,ST LOUIS,103305,Male,,736,,,786,"0Y,0M,2D",,Birth/Hatch,,30-Mar-04,,ST LOUIS,,,103305
,,,,,,,,,,,Death,,1-Apr-04,,ST LOUIS,,,103305
904,ST LOUIS,103310,Undetermined,,736,,,786,"0Y,0M,1D",,Birth/Hatch,,30-Mar-04,,ST LOUIS,,,103310
,,,,,,,,,,,Death,,31-Mar-04,,ST LOUIS,,,103310
905,HALL L,ALBERT,Male,,UND,,,UND,"8Y,9M,18D",,Birth/Hatch,,"Mar 15, 2000 +/- 6 month",,HALL L,,,ALBERT
,,,,,,,,,,,Transfer,,2-Jan-09,,HALL L,,,ALBERT
,,,,,,,,,,,GO LTF,,2-Jan-09,,HALL L,,,ALBERT
906,HALL L,VICKY,Female,,UND,,,UND,"8Y,9M,18D",,Birth/Hatch,,"Mar 15, 2000 +/- 6 month",,HALL L,,,VICKY
,,,,,,,,,,,Transfer,,2-Jan-09,,HALL L,,,VICKY
,,,,,,,,,,,GO LTF,,2-Jan-09,,HALL L,,,VICKY
907,HALL L,PICKY,Male,,909,,,910,"8Y,9M,18D",,Birth/Hatch,,"Mar 15, 2000 +/- 6 month",,HALL L,,,PICKY
,,,,,,,,,,,Transfer,,2-Jan-09,,HALL L,,,PICKY
,,,,,,,,,,,GO LTF,,2-Jan-09,,HALL L,,,PICKY
908,HALL L,POKEY,Female,,894,,,893,"8Y,10M,6D",,Birth/Hatch,,"Mar 15, 2000 +/- 6 month",,HALL L,,,POKEY
,,,,,,,,,,,Transfer,,21-Jan-09,,HALL L,,,POKEY
,,,,,,,,,,,GO LTF,,21-Jan-09,,HALL L,,,POKEY
909,HALL L,PEN5,Male,,WILD,,,WILD,"7Y,0M,0D",,Birth/Hatch,,"Jul 15, 1993 +/- 6 month",,Egypt / ~,,,-
,,,,,,,,,,,"Wild
Capture",,"Jul 15, 1994 +/- 6 month",,Egypt / ~,,,-
,,,,,,,,,,,Transfer,,"Aug 15, 1994 +/-
6 month",,HALL L,,,PEN5
,,,,,,,,,,,Death,,"Jul 15, 2000 +/- 6 month",,HALL L,,,PEN5
910,HALL L,PEN5F,Female,,WILD,,,WILD,"7Y,0M,0D",,Birth/Hatch,,"Jul 15, 1993 +/- 6 month",,Egypt / ~,,,-
,,,,,,,,,,,Wild Capture,,"Jul 15, 1994 +/- 6 month",,Egypt / ~,,,-
,,,,,,,,,,,Transfer,,"Aug 15, 1994 +/-
6 month",,HALL L,,,PEN5F
,,,,,,,,,,,Death,,"Jul 15, 2000 +/- 6 month",,HALL L,,,PEN5F
911,ATTLEBORO,,Female,,UND,,,UND,"5Y,0M,5D",,Birth/Hatch,,"Jul 15, 2000 +/- 6 month",,HALL L,,,
,,,,,,,,,,,Transfer,,"Jul 15, 2004 +/- 6 month",,ATTLEBORO,,,
,,,,,,,,,,,Death,,20-Jul-05,,ATTLEBORO,,,
912,ATTLEBORO,104020,Male,,905,,,906,"9Y,6M,17D",,Birth/Hatch,,1-Nov-02,,HALL L,,,
,,,,,,,,,,,Transfer,,8-Dec-04,,ATTLEBORO,,,104020
,,,,,,,,,,,Death,,18-May-12,,ATTLEBORO,,,104020
913,CLEVELAND,M50305,Female,,UND,,,UND,"10Y,4M,5D",,Birth/Hatch,,26-Jun-01,,PRIVATE,,,
,,,,,,,,,,,Transfer,,7-Mar-05,,CLEVELAND,,,M50305
,,,,,,,,,,,Death,,31-Oct-11,,CLEVELAND,,,M50305
914,CLEVELAND,M50304,Female,,UND,,,UND,"9Y,5M,20D",,Birth/Hatch,,26-Mar-01,,PRIVATE,,,
,,,,,,,,,,,Transfer,,7-Mar-05,,CLEVELAND,,,M50304
,,,,,,,,,,,Death,,15-Sep-10,,CLEVELAND,,,M50304
915,PITTSBURG,102918,Male,,940,,,941,"11Y,0M,19D",,Birth/Hatch,,23-Jan-05,,MELBOURNE,,,A50120
,,,,,,,,,,,Transfer,,4-Oct-05,,CINCINNAT,,,105045
,,,,,,,,,,,Transfer,,18-Nov-14,,PITTSBURG,,,102918
,,,,,,,,,,,Death,,11-Feb-16,,PITTSBURG,,,102918
916,OMAHA,15141,Male,,UND,,,UND,"9Y,0M,14D",,Birth/Hatch,,"Jul 15, 2001 +/- 6 month",,Undetermined,,,-
,,,,,,,,,,,Transfer,,29-Dec-04,,OMAHA,,,15141
,,,,,,,,,,,Death,,29-Jul-10,,OMAHA,,,15141
917,DREHER PA,206123,Male,,UND,,,UND,"9Y,2M,23D",,Birth/Hatch,,"Jul 15, 2001 +/- 6 month",,Undetermined,,,-
,,,,,,,,,,,Transfer,,1-Sep-06,,DREHER PA,,,206123
,,,,,,,,,,,Death,,8-Oct-10,,DREHER PA,,,206123
918,PRIVATE,,Male,,UND,,,UND,"3Y,7M,2D",,Birth/Hatch,,2-May-03,,Undetermined,,,-
,,,,,,,,,,,Transfer,,3-Sep-03,,HOUSTON,,,20755
,,,,,,,,,,,Transfer,,4-Dec-06,,PRIVATE,,,
,,,,,,,,,,,GO LTF,,4-Dec-06,,PRIVATE,,,
919,BATTLE CR,01M19,Female,,UND,,,UND,"10Y,10M,22D",,Birth/Hatch,,10-Mar-01,,Undetermined,,,-
,,,,,,,,,,,Transfer,,15-Jun-01,,BATTLE CR,,,01M19
,,,,,,,,,,,Death,,"Feb 01, 2012 +/- 1 month",,BATTLE CR,,,01M19
920,NY BRONX,E06030,Female,,UND,,,UND,"7Y,0M,3D",,Birth/Hatch,,8-Mar-04,,PRIVATE,,,
,,,,,,,,,,,Transfer,,24-Apr-04,,LOWRY,,,101914
,,,,,,,,,,,Transfer,,15-Aug-06,,NY BRONX,,,E06030
,,,,,,,,,,,Death,,11-Mar-11,,NY BRONX,,,E06030
921,IAE OH,A5M112,Male,,UND,,,UND,"8Y,8M,18D",,Birth/Hatch,,"Jul 15, 2002 +/- 6 month",,Undetermined,,,-
,,,,,,,,,,,Transfer,,19-Feb-03,,GREENBAY,,,200301
,,,,,,,,,,,Transfer,,11-Apr-05,,IAE OH,,,A5M112
,,,,,,,,,,,Death,,2-Apr-11,,IAE OH,,,A5M112
922,RACINE,NX,Male,,UND,,,UND,"3Y,6M,26D",,Birth/Hatch,,"Jul 15, 2005 +/- 6 month",,Undetermined,,,-
,,,,,,,,,,,Transfer,,15-Jun-06,,RACINE,,,M0612
,,,,,,,,,,,Death,,10-Feb-09,,RACINE,,,NX
923,RACINE,M0613,Female,,UND,,,UND,"11Y,5M,21D",,Birth/Hatch,,"Jul 15, 2005 +/- 6 month",,Undetermined,,,-
,,,,,,,,,,,Transfer,,15-Jun-06,,RACINE,,,M0613
,,,,,,,,,,,Death,,5-Jan-17,,RACINE,,,M0613
924,COLUMBUS,205101,Male,,UND,,,UND,"8Y,7M,14D",,Birth/Hatch,,"Dec 15, 2004 +/- 15 day",,PRIVATE,,,
,,,,,,,,,,,Transfer,,24-Sep-05,,COAL VAL,,,M1866
,,,,,,,,,,,Transfer,,11-Oct-05,,COLUMBUS,,,205101
,,,,,,,,,,,Death,,29-Jul-13,,COLUMBUS,,,205101
925,WILD WRLD,7367,Female,,UND,,,UND,"14Y,7M,6D",,Birth/Hatch,,"Jun 15, 2001 +/- 6 month",,Undetermined,,,-
,,,,,,,,,,,Transfer,,28-Aug-04,,WILD WRLD,,,7367
,,,,,,,,,,,Death,,21-Jan-16,,WILD WRLD,,,7367
926,WILD WRLD,4935,Male,,UND,,,UND,"11Y,0M,9D",,Birth/Hatch,,"Jun 15, 1995 +/- 15 day",,HALL L,,,
,,,,,,,,,,,Transfer,,8-Nov-95,,WILD WRLD,,,4935
,,,,,,,,,,,Death,,24-Jun-06,,WILD WRLD,,,4935
927,WILD WRLD,NX,Female,,UND,,,UND,"12Y,11M,29D",,Birth/Hatch,,"Jun 15, 1995 +/- 15 day",,HALL L,,,4934
,,,,,,,,,,,Transfer,,8-Nov-95,,WILD WRLD,,,4934
,,,,,,,,,,,Death,,13-Jun-08,,WILD WRLD,,,NX
928,ST LOUIS,104456,Male,,UND,,,UND,"7Y,6M,2D",,Birth/Hatch,,Undetermined,,Undetermined,,,-
,,,,,,,,,,,Transfer,,1-Sep-05,,ST LOUIS,,,104456
,,,,,,,,,,,Death,,17-Jan-09,,ST LOUIS,,,104456
929,NORFOLK,206045,Female,,UND,,,UND,"12Y,7M,13D",,Birth/Hatch,,6-Aug-99,,PRIVATE,,,
,,,,,,,,,,,Transfer,,"Jul 15, 2000 +/- 6 month",,W ORANGE,,,5501
,,,,,,,,,,,Transfer,,1-Dec-06,,NORFOLK,,,206045
,,,,,,,,,,,Death,,19-Mar-12,,NORFOLK,,,206045
930,NORFOLK,206046,Male,,UND,,,UND,"11Y,5M,11D",,Birth/Hatch,,6-Aug-99,,PRIVATE,,,
,,,,,,,,,,,Transfer,,"Jul 15, 2000 +/- 6 month",,W ORANGE,,,5502
,,,,,,,,,,,Transfer,,1-Dec-06,,NORFOLK,,,206046
,,,,,,,,,,,Death,,17-Jan-11,,NORFOLK,,,206046
931,NY BRONX,E06043,Male,,934,,,935,"5Y,10M,20D",,Birth/Hatch,,12-Dec-06,,NY BRONX,,,EO6043
,,,,,,,,,,,Death,,1-Nov-12,,NY BRONX,,,E06043
932,NY BRONX,E06045,Male,,934,,,935,"12Y,5M,19D",,Birth/Hatch,,12-Dec-06,,BRONX CZ,,,EO6045
,,,,,,,,,,,Transfer,,28-Sep-08,,NY BRONX,,,E06045
,,,,,,,,,,,Death,,31-May-19,,NY BRONX,,,E06045
933,NY BRONX,E06046,Female,,934,,,935,"11Y,10M,30D",,Birth/Hatch,,12-Dec-06,,BRONX CZ,,,E06046
,,,,,,,,,,,Transfer,,28-Sep-08,,NY BRONX,,,E06046
,,,,,,,,,,,Death,,11-Nov-18,,NY BRONX,,,E06046
934,NY BRONX,E05008,Male,,997,,,996,"11Y,2M,7D",,Birth/Hatch,,30-Mar-05,,Undetermined,,,-
,,,,,,,,,,,Transfer,,17-Jun-05,,NY BRONX,,,E05008
,,,,,,,,,,,Death,,6-Jun-16,,NY BRONX,,,E05008
935,NY BRONX,E05009,Female,,991,,,992,"11Y,7M,29D",,Birth/Hatch,,31-Mar-05,,Undetermined,,,-
,,,,,,,,,,,Transfer,,17-Jun-05,,NY BRONX,,,EO5009
,,,,,,,,,,,Transfer,,16-Jun-11,,NORFOLK,,,211064
,,,,,,,,,,,Transfer,,16-Oct-12,,PROSPECTP,,,E05009
,,,,,,,,,,,Transfer,,14-Nov-12,,NY BRONX,,,EO5009
,,,,,,,,,,,Death,,29-Nov-16,,NY BRONX,,,E05009
936,NY BRONX,E05018,Male,,UND,,,UND,"10Y,9M,0D",,Birth/Hatch,,"Feb 15, 2003 +/- 15 day",,Undetermined,,,-
,,,,,,,,,,,Transfer,,16-Nov-05,,NY BRONX,,,E05018
,,,,,,,,,,,Death,,15-Nov-13,,NY BRONX,,,E05018
937,BATTLE CR,01M18,Male,,UND,,,UND,"12Y,7M,27D",,Birth/Hatch,,16-Mar-01,,PRIVATE,,,
,,,,,,,,,,,Transfer,,15-Jun-01,,BATTLE CR,,,01M18
,,,,,,,,,,,Death,,12-Nov-13,,BATTLE CR,,,01M18
938,DREHER PA,208116,Female,,UND,,,UND,"12Y,8M,26D",,Birth/Hatch,,"Jul 15, 2001 +/- 1 year",,PRIVATE,,,
,,,,,,,,,,,Transfer,,11-Jun-08,,DREHER PA,,,208116
,,,,,,,,,,,Death,,10-Apr-14,,DREHER PA,,,208116
939,PALM DES,408003,Male,,897,,,899,"13Y,0M,11D",,Birth/Hatch,,18-May-08,,PALM DES,,,408003
,,,,,,,,,,,Death,,29-May-21,,PALM DES,,,408003
940,MELBOURNE,970079,Male,,942,,,943,"10Y,6M,13D",,Birth/Hatch,,3-Jun-95,,JERUSALEM,,,548
,,,,,,,,,,,Transfer,,1-Feb-97,,MELBOURNE,,,970079
,,,,,,,,,,,Death,,16-Dec-05,,MELBOURNE,,,970079
941,MELBOURNE,A00451,Female,,729,,,698,"5Y,1M,29D",,Birth/Hatch,,26-Nov-99,,SYDNEY,,,990481
,,,,,,,,,,,Transfer,,2-Jun-00,,MELBOURNE,,,A00451
,,,,,,,,,,,Transfer,,24-Jan-05,,MELBOURNE,,,A00451
,,,,,,,,,,,GO LTF,,24-Jan-05,,MELBOURNE,,,A00451
942,PRIVATE,,Male,,WILD,,,WILD,"22Y,2M,13D",,Birth/Hatch,,"Jul 15, 1986 +/- 6 month",,Egypt / ~,,,-
,,,,,,,,,,,Wild Capture,,"Jul 15, 1986 +/- 6 month",,Egypt / ~,,,-
,,,,,,,,,,,Transfer,,1-Oct-89,,JERUSALEM,,,206
,,,,,,,,,,,Transfer,,23-Jun-98,,PRIVATE,,,
,,,,,,,,,,,Transfer,,28-Sep-08,,PRIVATE,,,
,,,,,,,,,,,GO LTF,,28-Sep-08,,PRIVATE,,,
943,PRIVATE,,Female,,UND,,,UND,"16Y,5M,13D",,Birth/Hatch,,15-Apr-92,,PRIVATE,,,
,,,,,,,,,,,Transfer,,19-Aug-92,,JERUSALEM,,,298
,,,,,,,,,,,Transfer,,23-Jun-98,,PRIVATE,,,
,,,,,,,,,,,Transfer,,28-Sep-08,,PRIVATE,,,
,,,,,,,,,,,GO LTF,,28-Sep-08,,PRIVATE,,,
944,COAL VAL,M2024,Male,,UND,,,UND,"11Y,10M,24D",,Birth/Hatch,,15-Mar-08,,COAL VAL,,,
,,,,,,,,,,,Transfer,,11-Apr-08,,COLUMBUS,,,208013
,,,,,,,,,,,Transfer,,7-May-09,,COAL VAL,,,M2024
,,,,,,,,,,,Death,,8-Feb-20,,COAL VAL,,,M2024
945,WILD WRLD,8679,Female,,1002,,,1003,"10Y,10M,12D",,Birth/Hatch,,11-Aug-08,,HALL L,,,
,,,,,,,,,,,Transfer,,1-Oct-08,,WILD WRLD,,,8679
,,,,,,,,,,,Transfer,,23-Jun-19,,WILD WRLD,,,8679
,,,,,,,,,,,GO LTF,,23-Jun-19,,WILD WRLD,,,8679
946,CINCINNAT,114089,Female,,UND,,,UND,"7Y,4M,15D",,Birth/Hatch,,"Jan 01, 2008 +/- 1 day",,PRIVATE,,,
,,,,,,,,,,,Transfer,,7-Mar-08,,PITTSBURG,,,102303
,,,,,,,,,,,Transfer,,18-Nov-14,,CINCINNAT,,,114089
,,,,,,,,,,,Death,,16-May-15,,CINCINNAT,,,114089
947,ST LOUIS,107066,Male,,UND,,,UND,"7Y,4M,29D",,Birth/Hatch,,Undetermined,,PRIVATE,,,
,,,,,,,,,,,Transfer,,24-Jan-09,,ST LOUIS,,,107066
,,,,,,,,,,,Death,,14-Oct-11,,ST LOUIS,,,107066
948,ST LOUIS,107067,Female,,UND,,,UND,"4Y,7M,22D",,Birth/Hatch,,Undetermined,,PRIVATE,,,
,,,,,,,,,,,Transfer,,24-Jan-09,,ST LOUIS,,,107067
,,,,,,,,,,,Death,,23-Aug-13,,ST LOUIS,,,107067
949,ADELAIDE,B00694,Male,,UND,,,UND,"12Y,10M,10D",,Birth/Hatch,,1-Sep-08,,KLONTZ,,,
,,,,,,,,,,,Transfer,,12-Mar-09,,YATES K,,,
,,,,,,,,,,,Transfer,,22-May-09,,LOSANGELE,,,991862
,,,,,,,,,,,Transfer,,14-Nov-10,,ADELAIDE,,,B00694
,,,,,,,,,,,GO LTF,,14-Nov-10,,ADELAIDE,,,B00694
,,,,,,,,,,,Return from LTF,,11-Jul-21,,ADELAIDE,,,B00694
,,,,,,,,,,,Death,,11-Jul-21,,ADELAIDE,,,B00694
950,ADELAIDE,B00696,Female,,UND,,,UND,"11Y,2M,24D",,Birth/Hatch,,17-Feb-08,,PRIVATE,,,
,,,,,,,,,,,Transfer,,22-May-09,,LOSANGELE,,,991863
,,,,,,,,,,,Transfer,,14-Nov-10,,ADELAIDE,,,B00696
,,,,,,,,,,,GO LTF,,14-Nov-10,,ADELAIDE,,,B00696
,,,,,,,,,,,Transfer,,13-May-13,,ADELAIDE,,,B00696
,,,,,,,,,,,Transfer,,13-May-13,,MONARTO,,,B39047
,,,,,,,,,,,Transfer,,4-May-16,,ADELAIDE,,,B00696
,,,,,,,,,,,GO LTF,,4-May-16,,ADELAIDE,,,B00696
,,,,,,,,,,,Return from LTF,,11-May-19,,ADELAIDE,,,B00696
,,,,,,,,,,,Death,,11-May-19,,ADELAIDE,,,B00696
951,MOGO,B70008,Female,,UND,,,UND,"9Y,6M,14D",,Birth/Hatch,,17-Feb-08,,PRIVATE,,,
,,,,,,,,,,,Transfer,,22-May-09,,LOSANGELE,,,991864
,,,,,,,,,,,Transfer,,14-Nov-10,,ADELAIDE,,,B00695
,,,,,,,,,,,GO LTF,,14-Nov-10,,ADELAIDE,,,B00695
,,,,,,,,,,,Transfer,,4-May-16,,ADELAIDE,,,B00695
,,,,,,,,,,,Transfer,,4-May-16,,MONARTO,,,B69062
,,,,,,,,,,,Transfer,,31-Aug-17,,MOGO,,,B70008
,,,,,,,,,,,GO LTF,,31-Aug-17,,MOGO,,,B70008
952,DREHER PA,209162,Male,,1002,,,1003,"13Y,8M,4D",,Birth/Hatch,,11-Aug-08,,HALL L,,,
,,,,,,,,,,,Transfer,,11-Oct-08,,PRIVATE,,,
,,,,,,,,,,,Transfer,,23-Jul-09,,DREHER PA,,,209162
,,,,,,,,,,,Transfer,,24-Nov-14,,BINGHAMTO,,,14023
,,,,,,,,,,,Transfer,,23-Nov-15,,DREHER PA,,,209162
,,,,,,,,,,,Death,,15-Apr-22,,DREHER PA,,,209162
953,SD-WAP,609353,Female,,UND,,,UND,"4Y,4M,11D",,Birth/Hatch,,13-Jun-09,,YATES K,,,
,,,,,,,,,,,Transfer,,16-Nov-09,,SD-WAP,,,609353
,,,,,,,,,,,Death,,24-Oct-13,,SD-WAP,,,609353
954,HATTIESBG,555,Male,,UND,,,UND,"10Y,0M,17D",,Birth/Hatch,,13-Jun-09,,YATES K,,,
,,,,,,,,,,,Transfer,,16-Nov-09,,SD-WAP,,,609352
,,,,,,,,,,,Transfer,,22-May-18,,HATTIESBG,,,555
,,,,,,,,,,,Death,,30-Jun-19,,HATTIESBG,,,555
955,CINCINNAT,108078,Female,,UND,,,UND,"8Y,6M,10D",,Birth/Hatch,,26-Jul-08,,PRIVATE,,,
,,,,,,,,,,,Transfer,,7-Dec-08,,CINCINNAT,,,108078
,,,,,,,,,,,Death,,5-Feb-17,,CINCINNAT,,,108078
956,SANDIEGOZ,509127,Female,,UND,,,UND,"6Y,5M,25D",,Birth/Hatch,,5-Apr-09,,Undetermined,,,-
,,,,,,,,,,,Transfer,,27-Aug-09,,SANDIEGOZ,,,509127
,,,,,,,,,,,Death,,30-Sep-15,,SANDIEGOZ,,,509127
957,HONOLULU,209109,Male,,998,,,1001,"11Y,1M,17D",,Birth/Hatch,,17-Jun-09,,HALL L,,,
,,,,,,,,,,,Transfer,,25-Sep-09,,HONOLULU,,,209109
,,,,,,,,,,,Death,,3-Aug-20,,HONOLULU,,,209109
958,HONOLULU,209110,Female,,1002,,,1003,"12Y,5M,3D",,Birth/Hatch,,27-May-09,,HALL L,,,
,,,,,,,,,,,Transfer,,25-Sep-09,,HONOLULU,,,209110
,,,,,,,,,,,Death,,30-Oct-21,,HONOLULU,,,209110
959,KESSINGLA,M1713,Female,,957,,,958,"10Y,11M,23D",,Birth/Hatch,,8-Mar-10,,HONOLULU,,,210020
,,,,,,,,,,,Transfer,,27-Aug-10,,DREHER PA,,,210173
,,,,,,,,,,,Transfer,,30-Oct-14,,KESSINGLA,,,M1713
,,,,,,,,,,,GO LTF,,30-Oct-14,,KESSINGLA,,,M1713
,,,,,,,,,,,"Return from
LTF",,3-Mar-21,,KESSINGLA,,,M1713
,,,,,,,,,,,Death,,3-Mar-21,,KESSINGLA,,,M1713
960,DREHER PA,210172,Male,,957,,,958,"10Y,3M,21D",,Birth/Hatch,,8-Mar-10,,HONOLULU,,,210019
,,,,,,,,,,,Transfer,,27-Aug-10,,DREHER PA,,,210172
,,,,,,,,,,,Death,,29-Jun-20,,DREHER PA,,,210172
961,HONOLULU,210018,Male,,957,,,958,"0Y,0M,15D",,Birth/Hatch,,8-Mar-10,,HONOLULU,,,210018
,,,,,,,,,,,Death,,23-Mar-10,,HONOLULU,,,210018
962,COAL VAL,M2023,Female,,UND,,,UND,"12Y,10M,20D",,Birth/Hatch,,15-Mar-08,,PRIVATE,,,
,,,,,,,,,,,Transfer,,21-Mar-08,,COAL VAL,,,M2023
,,,,,,,,,,,Death,,4-Feb-21,,COAL VAL,,,M2023
963,COAL VAL,M1925,Male,,UND,,,UND,"8Y,0M,20D",,Birth/Hatch,,"May 31, 2006 +/- 1 day",,PRIVATE,,,
,,,,,,,,,,,Transfer,,12-Jul-06,,COAL VAL,,,M1925
,,,,,,,,,,,Death,,"Jun 20, 2014 +/- 1 month",,COAL VAL,,,M1925
970,HONOLULU,210055,Female,,957,,,958,"11Y,11M,6D",,Birth/Hatch,,23-May-10,,HONOLULU,,,210055
972,PITTSBURG,102552,Male,,993,,,994,"11Y,10M,29D",,Birth/Hatch,,17-May-10,,HALL L,,,
,,,,,,,,,,,Transfer,,9-Nov-10,,PITTSBURG,,,102552
,,,,,,,,,,,Death,,15-Apr-22,,PITTSBURG,,,102552
973,HALL L,,Female,,993,,,994,"0Y,0M,0D",,Birth/Hatch,,17-May-10,,HALL L,,,
,,,,,,,,,,,GO LTF,,17-May-10,,HALL L,,,
974,HALL L,,Male,,995,,,996,"0Y,0M,0D",,Birth/Hatch,,"Jul 01, 2010 +/- 15 day",,HALL L,,,
,,,,,,,,,,,GO LTF,,"Jul 01, 2010 +/- 15 day",,HALL L,,,
975,SANDIEGOZ,618162,Female,,988,,,1004,"11Y,10M,8D",,Birth/Hatch,,21-Jun-10,,KLONTZ,,,RHIONA
,,,,,,,,,,,Transfer,,7-Oct-10,,SYRACUSE,,,M10095
,,,,,,,,,,,Transfer,,2-May-18,,SD-WAP,,,618162
,,,,,,,,,,,Transfer,,24-Jan-21,,SANDIEGOZ,,,618162
976,NY BRONX,E16001,Female,,1006,,,1024,"10Y,10M,9D",,Birth/Hatch,,18-May-10,,KLONTZ,,,ROO
,,,,,,,,,,,Transfer,,22-Sep-10,,ST LOUIS,,,108317
,,,,,,,,,,,Transfer,,29-Sep-10,,ATTLEBORO,,,110336
,,,,,,,,,,,Transfer,,28-Jan-16,,NY BRONX,,,E16001
,,,,,,,,,,,Death,,27-Mar-21,,NY BRONX,,,E16001
977,PALM DES,415025,Male,,1006,,,1024,"10Y,11M,27D",,Birth/Hatch,,18-May-10,,KLONTZ,,,BROTHE
,,,,,,,,,,,Transfer,,22-Sep-10,,ST LOUIS,,,108316
,,,,,,,,,,,Transfer,,10-Nov-15,,PALM DES,,,415025
,,,,,,,,,,,Death,,15-May-21,,PALM DES,,,415025
978,CHICAGOLP,22657,Female,,UND,,,UND,"17Y,3M,10D",,Birth/Hatch,,"Jul 15, 2001 +/- 6 month",,HALL L,,,MINNIE
,,,,,,,,,,,Transfer,,"Aug 01, 2001 +/-
6 month",,KLONTZ,,,MINNIE
,,,,,,,,,,,Transfer,,29-Sep-10,,CHICAGOLP,,,22657
,,,,,,,,,,,Death,,25-Oct-18,,CHICAGOLP,,,22657
979,PALM DES,417002,Male,,998,,,1001,"12Y,10M,12D",,Birth/Hatch,,17-Jun-09,,HALL L,,,
,,,,,,,,,,,Transfer,,"Jul 01, 2009 +/- 15 day",,KLONTZ,,,
,,,,,,,,,,,Transfer,,14-Oct-10,,MILWAUKEE,,,5682
,,,,,,,,,,,Transfer,,19-Jan-17,,PALM DES,,,417002
980,NZP-WASH,115134,Female,,UND,,,UND,"12Y,10M,14D",,Birth/Hatch,,15-Jun-09,,PRIVATE,,,
,,,,,,,,,,,Transfer,,15-Jun-09,,KLONTZ,,,
,,,,,,,,,,,Transfer,,14-Oct-10,,MILWAUKEE,,,5683
,,,,,,,,,,,Transfer,,6-Nov-14,,NZP-WASH,,,115134
981,ST LOUIS,110925,Male,,UND,,,UND,"9Y,9M,19D",,Birth/Hatch,,"Jun 15, 2009 +/- 15 day",,PRIVATE,,,UNK
,,,,,,,,,,,Transfer,,"Jan 15, 2010 +/- 4 month",,KLONTZ,,,TATER
,,,,,,,,,,,Transfer,,7-Oct-10,,DISNEY AK,,,100642
,,,,,,,,,,,Transfer,,20-Sep-12,,ST LOUIS,,,110925
,,,,,,,,,,,Death,,3-Apr-19,,ST LOUIS,,,110925
982,SANDIEGOZ,516002,Female,,1002,,,1003,"12Y,11M,2D",,Birth/Hatch,,27-May-09,,HALL L,,,E-VEL
,,,,,,,,,,,Transfer,,"Jan 15, 2010 +/- 4 month",,KLONTZ,,,E-VEL
,,,,,,,,,,,Transfer,,7-Oct-10,,DISNEY AK,,,100643
,,,,,,,,,,,Transfer,,20-Sep-12,,ST LOUIS,,,110926
,,,,,,,,,,,Transfer,,7-Jan-16,,SANDIEGOZ,,,516002
983,ATTLEBORO,120461,Male,,949,,,951,"11Y,9M,26D",,Birth/Hatch,,24-May-10,,LOSANGELE,,,992132
,,,,,,,,,,,Transfer,,16-Feb-11,,ST LOUIS,,,108503
,,,,,,,,,,,Transfer,,15-Nov-11,,HONOLULU,,,211112
,,,,,,,,,,,Transfer,,6-Dec-12,,SANJOSECA,,,200569
,,,,,,,,,,,Transfer,,6-Dec-16,,MILWAUKEE,,,5978
,,,,,,,,,,,Transfer,,20-Nov-20,,ATTLEBORO,,,120461
,,,,,,,,,,,Death,,22-Mar-22,,ATTLEBORO,,,120461
984,NY BRONX,E12031,Female,,949,,,951,"11Y,11M,5D",,Birth/Hatch,,24-May-10,,LOSANGELE,,,992133
,,,,,,,,,,,Transfer,,24-Jan-11,,PALM DES,,,411002
,,,,,,,,,,,Transfer,,12-Oct-12,,NY BRONX,,,E12031
985,NY BRONX,E15035,Female,,949,,,951,"11Y,11M,5D",,Birth/Hatch,,24-May-10,,LOSANGELE,,,992134
,,,,,,,,,,,Transfer,,16-Feb-11,,ST LOUIS,,,108504
,,,,,,,,,,,Transfer,,29-Sep-15,,NY BRONX,,,E15035
986,PALM DES,415026,Female,,UND,,,UND,"8Y,9M,25D",,Birth/Hatch,,31-Mar-10,,PRIVATE,,,
,,,,,,,,,,,Transfer,,"Jun 01, 2010 +/- 15 day",,PRIVATE,,,
,,,,,,,,,,,Transfer,,12-Nov-10,,ST LOUIS,,,108375
,,,,,,,,,,,Transfer,,21-Jun-11,,NORFOLK,,,211065
,,,,,,,,,,,Transfer,,10-Nov-15,,PALM DES,,,415026
,,,,,,,,,,,Death,,25-Jan-19,,PALM DES,,,415026
987,NY BRONX,E13140,Female,,UND,,,UND,"5Y,0M,17D",,Birth/Hatch,,31-Mar-10,,PRIVATE,,,
,,,,,,,,,,,Transfer,,1-Jun-10,,PRIVATE,,,
,,,,,,,,,,,Transfer,,12-Nov-10,,ST LOUIS,,,108376
,,,,,,,,,,,Transfer,,30-Oct-13,,NY BRONX,,,E13140
,,,,,,,,,,,Death,,17-Apr-15,,NY BRONX,,,E13140
988,KLONTZ,OLIVER,Male,,989,,,990,"2Y,11M,7D",,Birth/Hatch,,"Jul 15, 2007 +/- 1 year",,Undetermined,,,-
,,,,,,,,,,,Transfer,,"Jul 15, 2007 +/- 1 year",,KLONTZ,,,OLIVER
,,,,,,,,,,,Transfer,,22-Jun-10,,KLONTZ,,,OLIVER
,,,,,,,,,,,GO LTF,,22-Jun-10,,KLONTZ,,,OLIVER
989,KLONTZ,STEWAR,Male,,WILD,,,WILD,"2Y,10M,17D",,Birth/Hatch,,"Jul 15, 2005 +/- 1 year",,Undetermined,,,-
,,,,,,,,,,,"Wild
Capture",,"Jul 15, 2005 +/- 1 year",,Undetermined,,,-
,,,,,,,,,,,Transfer,,"Jul 15, 2006 +/- 1 year",,KLONTZ,,,STEWAR
,,,,,,,,,,,Transfer,,"Jun 01, 2008 +/- 6 month",,KLONTZ,,,STEWAR
,,,,,,,,,,,GO LTF,,"Jun 01, 2008 +/- 6 month",,KLONTZ,,,STEWAR
990,KLONTZ,MARTHA,Female,,WILD,,,WILD,"2Y,5M,17D",,Birth/Hatch,,"Jul 15, 2005 +/- 1 year",,Undetermined,,,-
,,,,,,,,,,,"Wild
Capture",,"Jul 15, 2005 +/- 1 year",,Undetermined,,,-
,,,,,,,,,,,Transfer,,"Jul 15, 2006 +/- 1 year",,KLONTZ,,,MARTHA
,,,,,,,,,,,Transfer,,"Jan 01, 2008 +/- 6 month",,KLONTZ,,,MARTHA
,,,,,,,,,,,GO LTF,,"Jan 01, 2008 +/- 6 month",,KLONTZ,,,MARTHA
991,FRESNO,204010,Male,,UND,,,UND,"15Y,4M,22D",,Birth/Hatch,,26-May-00,,HALL L,,,PETEY
,,,,,,,,,,,Transfer,,1-Sep-10,,SANJOSECA,,,200505
,,,,,,,,,,,Transfer,,20-Feb-13,,FRESNO,,,204010
,,,,,,,,,,,Death,,18-Oct-15,,FRESNO,,,204010
992,SANJOSECA,200504,Female,,894,,,893,"12Y,0M,21D",,Birth/Hatch,,15-Mar-00,,HALL L,,,SWEETI
,,,,,,,,,,,Transfer,,1-Sep-10,,SANJOSECA,,,200504
,,,,,,,,,,,Death,,5-Apr-12,,SANJOSECA,,,200504
993,EXOTIC EN,DOG,Male,,UND,,,UND,"7Y,5M,25D",,Birth/Hatch,,Undetermined,,Undetermined,,,-
,,,,,,,,,,,Transfer,,Undetermined,,EXOTIC EN,,,DOG
,,,,,,,,,,,Transfer,,18-May-10,,EXOTIC EN,,,DOG
,,,,,,,,,,,Transfer,,9-Nov-15,,EXOTIC EN,,,DOG
,,,,,,,,,,,GO LTF,,9-Nov-15,,EXOTIC EN,,,DOG
994,EXOTIC EN,PONY,Female,,UND,,,UND,"7Y,5M,25D",,Birth/Hatch,,Undetermined,,Undetermined,,,-
,,,,,,,,,,,Transfer,,Undetermined,,EXOTIC EN,,,PONY
,,,,,,,,,,,Transfer,,19-May-10,,EXOTIC EN,,,PONY
,,,,,,,,,,,Transfer,,9-Nov-15,,EXOTIC EN,,,PONY
,,,,,,,,,,,GO LTF,,9-Nov-15,,EXOTIC EN,,,PONY
995,SAFARI W,110053,Male,,907,,,908,"12Y,6M,15D",,Birth/Hatch,,18-May-04,,HALL L,,,110053
,,,,,,,,,,,Transfer,,28-Jul-10,,SAFARI W,,,110053
,,,,,,,,,,,Death,,3-Dec-16,,SAFARI W,,,110053
996,SAFARI W,110054,Female,,894,,,893,"12Y,1M,6D",,Birth/Hatch,,"Jul 15, 2003 +/- 6 month",,HALL L,,,HANNAH
,,,,,,,,,,,Transfer,,28-Jul-10,,SAFARI W,,,110054
,,,,,,,,,,,Death,,21-Aug-15,,SAFARI W,,,110054
997,HALL L,CASEY,Male,,UND,,,UND,"0Y,11M,24D",,Birth/Hatch,,15-Jul-03,,Undetermined,,,-
,,,,,,,,,,,Transfer,,Undetermined,,HALL L,,,CASEY
,,,,,,,,,,,Transfer,,9-Jul-04,,HALL L,,,CASEY
,,,,,,,,,,,GO LTF,,9-Jul-04,,HALL L,,,CASEY
998,EXOTIC EN,PETE,Male,,997,,,996,"11Y,4M,0D",,Birth/Hatch,,9-Jul-04,,EXOTIC EN,,,PETE
,,,,,,,,,,,Transfer,,18-Jun-09,,EXOTIC EN,,,PETE
,,,,,,,,,,,Transfer,,9-Nov-15,,EXOTIC EN,,,PETE
,,,,,,,,,,,GO LTF,,9-Nov-15,,EXOTIC EN,,,PETE
999,HALL L,PRINCE,Male,,991,,,992,"1Y,9M,17D",,Birth/Hatch,,"Jul 15, 2003 +/- 6 month",,HALL L,,,PRINCE
,,,,,,,,,,,Transfer,,2-May-05,,HALL L,,,PRINCE
,,,,,,,,,,,GO LTF,,2-May-05,,HALL L,,,PRINCE
1000,HALL L,PRUD,Female,,905,,,906,"1Y,9M,18D",,Birth/Hatch,,"Jul 15, 2003 +/- 6 month",,HALL L,,,PRUD
,,,,,,,,,,,Transfer,,3-May-05,,HALL L,,,PRUD
,,,,,,,,,,,GO LTF,,3-May-05,,HALL L,,,PRUD
1001,EXOTIC EN,WILEY,Female,,999,,,1000,"10Y,6M,7D",,Birth/Hatch,,2-May-05,,EXOTIC EN,,,WILEY
,,,,,,,,,,,Transfer,,18-Jun-09,,EXOTIC EN,,,WILEY
,,,,,,,,,,,Transfer,,9-Nov-15,,EXOTIC EN,,,WILEY
,,,,,,,,,,,GO LTF,,9-Nov-15,,EXOTIC EN,,,WILEY
1002,EXOTIC EN,PEDRO,Male,,UND,,,UND,"9Y,3M,25D",,Birth/Hatch,,"Jul 15, 2006 +/- 6 month",,KLONTZ,,,PEDRO
,,,,,,,,,,,Transfer,,Undetermined,,EXOTIC EN,,,PEDRO
,,,,,,,,,,,Transfer,,27-May-09,,EXOTIC EN,,,PEDRO
,,,,,,,,,,,Transfer,,9-Nov-15,,EXOTIC EN,,,PEDRO
,,,,,,,,,,,GO LTF,,9-Nov-15,,EXOTIC EN,,,PEDRO
1003,HALL L,SAHARA,Female,,991,,,992,"7Y,1M,0D",,Birth/Hatch,,"Jul 15, 2006 +/- 6 month",,HALL L,,,SAHARA
,,,,,,,,,,,Transfer,,28-May-09,,HALL L,,,SAHARA
,,,,,,,,,,,Death,,"Aug 15, 2013 +/- 1 day",,HALL L,,,SAHARA
1004,KLONTZ,BUBBLE,Female,,991,,,992,"1Y,11M,7D",,Birth/Hatch,,Undetermined,,HALL L,,,BUBBLE
,,,,,,,,,,,Transfer,,Undetermined,,KLONTZ,,,BUBBLE
,,,,,,,,,,,Transfer,,22-Jun-10,,KLONTZ,,,BUBBLE
,,,,,,,,,,,GO LTF,,22-Jun-10,,KLONTZ,,,BUBBLE
1005,NY BRONX,E11026,Female,,UND,,,UND,"9Y,7M,6D",,Birth/Hatch,,17-Mar-09,,YATES K,,,
,,,,,,,,,,,Transfer,,15-May-09,,TUCSON,,,T95343
,,,,,,,,,,,Transfer,,29-Nov-11,,NY BRONX,,,E11026
,,,,,,,,,,,Death,,23-Oct-18,,NY BRONX,,,E11026
1006,KLONTZ,LOUIE,Male,,UND,,,UND,"1Y,9M,16D",,Birth/Hatch,,Undetermined,,PRIVATE,,,
,,,,,,,,,,,Transfer,,Undetermined,,KLONTZ,,,LOUIE
,,,,,,,,,,,Transfer,,1-May-10,,KLONTZ,,,LOUIE
,,,,,,,,,,,GO LTF,,1-May-10,,KLONTZ,,,LOUIE
1007,PHOENIX,13461,Female,,1009,,,1010,"10Y,9M,9D",,Birth/Hatch,,1-Apr-09,,AUGSBURG,,,2009DS
,,,,,,,,,,,Transfer,,2-Dec-10,,DREHER PA,,,210261
,,,,,,,,,,,Transfer,,1-Mar-17,,PHOENIX,,,13461
,,,,,,,,,,,Death,,10-Jan-20,,PHOENIX,,,13461
1008,CHICAGOLP,23643,Female,,1009,,,1010,"12Y,8M,13D",,Birth/Hatch,,8-Apr-08,,AUGSBURG,,,2008BG
,,,,,,,,,,,Transfer,,2-Dec-10,,DREHER PA,,,210260
,,,,,,,,,,,Transfer,,7-Mar-14,,EXOTIC EN,,,UNK
,,,,,,,,,,,Transfer,,9-Nov-15,,S BARBARA,,,700751
,,,,,,,,,,,Transfer,,19-Nov-15,,CHICAGOLP,,,23643
,,,,,,,,,,,Death,,21-Dec-20,,CHICAGOLP,,,23643
1009,AUGSBURG,20063H,Male,,UND,,,UND,"7Y,8M,25D",,Birth/Hatch,,7-Jul-01,,RIGA,,,10199
,,,,,,,,,,,Transfer,,Undetermined,,AUGSBURG,,,20063H
,,,,,,,,,,,Transfer,,1-Apr-09,,AUGSBURG,,,20063H
,,,,,,,,,,,GO LTF,,1-Apr-09,,AUGSBURG,,,20063H
1010,AUGSBURG,20064Y,Female,,UND,,,UND,"3Y,6M,16D",,Birth/Hatch,,17-Sep-05,,STRAUBING,,,
,,,,,,,,,,,Transfer,,1-Jan-08,,AUGSBURG,,,20064Y
,,,,,,,,,,,Transfer,,2-Apr-09,,AUGSBURG,,,20064Y
,,,,,,,,,,,GO LTF,,2-Apr-09,,AUGSBURG,,,20064Y
1011,NY BRONX,P10030,Male,,993,,,994,"10Y,9M,21D",,Birth/Hatch,,5-Mar-10,,HALL L,,,
,,,,,,,,,,,Transfer,,19-May-10,,PROSPECTP,,,P10030
,,,,,,,,,,,Transfer,,20-Oct-11,,NY BRONX,,,P10030
,,,,,,,,,,,Death,,26-Dec-20,,NY BRONX,,,P10030
1012,PROSPECTP,P10033,Male,,UND,,,UND,"8Y,4M,4D",,Birth/Hatch,,3-Jun-04,,PRIVATE,,,
,,,,,,,,,,,Transfer,,9-Jul-10,,PROSPECTP,,,P10033
,,,,,,,,,,,Death,,7-Oct-12,,PROSPECTP,,,P10033
1013,BINGHAMTO,M09017,Female,,UND,,,UND,"12Y,1M,17D",,Birth/Hatch,,20-Jun-09,,PRIVATE,,,
,,,,,,,,,,,Transfer,,24-Jul-09,,BINGHAMTO,,,M09017
,,,,,,,,,,,Transfer,,15-Oct-14,,PALM DES,,,414035
,,,,,,,,,,,Transfer,,24-Nov-14,,EXOTIC EN,,,UNK
,,,,,,,,,,,Transfer,,9-Nov-15,,S BARBARA,,,700905
,,,,,,,,,,,Transfer,,13-Jun-16,,PALM DES,,,414035
,,,,,,,,,,,Transfer,,14-Jun-18,,BINGHAMTO,,,M09017
,,,,,,,,,,,Death,,6-Aug-21,,BINGHAMTO,,,M09017
1014,BINGHAMTO,M09018,Female,,UND,,,UND,"12Y,10M,9D",,Birth/Hatch,,20-Jun-09,,PRIVATE,,,
,,,,,,,,,,,Transfer,,24-Jul-09,,BINGHAMTO,,,M09018
,,,,,,,,,,,Transfer,,21-Oct-14,,PITTSBURG,,,102914
,,,,,,,,,,,Transfer,,23-Oct-19,,BINGHAMTO,,,M09018
1015,NEW BEDFO,1950,Male,,981,,,982,"11Y,0M,21D",,Birth/Hatch,,8-Apr-11,,DISNEY AK,,,110191
,,,,,,,,,,,Transfer,,20-Dec-16,,NEW BEDFO,,,1950
1016,PALM DES,418012,Male,,981,,,982,"11Y,0M,21D",,Birth/Hatch,,8-Apr-11,,DISNEY AK,,,110192
,,,,,,,,,,,Transfer,,26-Oct-11,,SYRACUSE,,,M11017
,,,,,,,,,,,Transfer,,2-May-18,,PALM DES,,,418012
1017,COAL VAL,M2483,Male,,981,,,982,"11Y,0M,21D",,Birth/Hatch,,8-Apr-11,,DISNEY AK,,,110193
,,,,,,,,,,,Transfer,,5-Dec-11,,NY BRONX,,,E11027
,,,,,,,,,,,Transfer,,22-Sep-16,,FRESNO,,,207082
,,,,,,,,,,,Transfer,,2-Dec-21,,COAL VAL,,,M2483
1018,ST LOUIS,109145,Male,,979,,,980,"4Y,11M,1D",,Birth/Hatch,,27-Feb-11,,MILWAUKEE,,,5700
,,,,,,,,,,,Transfer,,27-Oct-11,,ST LOUIS,,,109145
,,,,,,,,,,,Death,,28-Jan-16,,ST LOUIS,,,109145
1019,MILWAUKEE,5698,Undetermined,,979,,,980,"0Y,1M,5D",,Birth/Hatch,,27-Feb-11,,MILWAUKEE,,,5698
,,,,,,,,,,,Death,,"Apr 01, 2011 +/- 15 day",,MILWAUKEE,,,5698
1020,MILWAUKEE,5699,Undetermined,,979,,,980,"0Y,1M,5D",,Birth/Hatch,,27-Feb-11,,MILWAUKEE,,,5699
,,,,,,,,,,,Death,,"Apr 01, 2011 +/- 15 day",,MILWAUKEE,,,5699
1021,CHATTANOG,4440,Female,,UND,,,UND,"13Y,3M,28D",,Birth/Hatch,,1-Jan-09,,PRIVATE,,,SOPHIE
,,,,,,,,,,,Transfer,,26-Mar-10,,CHATTANOG,,,4440
1022,REDWOOD,168,Female,,UND,,,UND,"7Y,9M,1D",,Birth/Hatch,,19-Apr-07,,PRIVATE,,,LEXI
,,,,,,,,,,,Transfer,,24-Sep-07,,REDWOOD,,,168
,,,,,,,,,,,Transfer,,20-Jan-15,,REDWOOD,,,168
,,,,,,,,,,,GO LTF,,20-Jan-15,,REDWOOD,,,168
1023,REDWOOD,167,Male,,UND,,,UND,"7Y,5M,5D",,Birth/Hatch,,19-Apr-07,,PRIVATE,,,ZANDER
,,,,,,,,,,,Transfer,,24-Sep-07,,REDWOOD,,,167
,,,,,,,,,,,Death,,24-Sep-14,,REDWOOD,,,167
1024,KLONTZ,LULU,Female,,989,,,990,"1Y,9M,17D",,Birth/Hatch,,Undetermined,,KLONTZ,,,LULU
,,,,,,,,,,,Transfer,,2-May-10,,KLONTZ,,,LULU
,,,,,,,,,,,GO LTF,,2-May-10,,KLONTZ,,,LULU
1025,HALL L,LILA,Female,,993,,,994,"0Y,0M,0D",,Birth/Hatch,,17-May-10,,HALL L,,,LILA
,,,,,,,,,,,GO LTF,,17-May-10,,HALL L,,,LILA
1026,EXOTIC EN,SEAMUS,Male,,995,,,996,"5Y,4M,7D",,Birth/Hatch,,2-Jul-10,,EXOTIC EN,,,SEAMUS
,,,,,,,,,,,Transfer,,9-Nov-15,,EXOTIC EN,,,SEAMUS
,,,,,,,,,,,GO LTF,,9-Nov-15,,EXOTIC EN,,,SEAMUS
1027,EXOTIC EN,GOPHER,Male,,995,,,996,"5Y,4M,7D",,Birth/Hatch,,2-Jul-10,,EXOTIC EN,,,GOPHER
,,,,,,,,,,,Transfer,,9-Nov-15,,EXOTIC EN,,,GOPHER
,,,,,,,,,,,GO LTF,,9-Nov-15,,EXOTIC EN,,,GOPHER
1028,EXOTIC EN,FOXEY,Female,,988,,,1004,"5Y,7M,25D",,Birth/Hatch,,15-Mar-10,,KLONTZ,,,FOXY
,,,,,,,,,,,Transfer,,"Jun 15, 2011 +/- 6 month",,EXOTIC EN,,,FOXEY
,,,,,,,,,,,Transfer,,9-Nov-15,,EXOTIC EN,,,FOXEY
,,,,,,,,,,,GO LTF,,9-Nov-15,,EXOTIC EN,,,FOXEY
1029,SAFARI W,111036,Male,,995,,,996,"6Y,10M,20D",,Birth/Hatch,,21-Jun-11,,SAFARI W,,,111036
,,,,,,,,,,,Death,,11-May-18,,SAFARI W,,,111036
1030,METRORICH,111047,Female,,995,,,996,"1Y,6M,0D",,Birth/Hatch,,21-Jun-11,,SAFARI W,,,111037
,,,,,,,,,,,Transfer,,21-Dec-12,,METRORICH,,,111047
,,,,,,,,,,,GO LTF,,21-Dec-12,,METRORICH,,,111047
1031,ATTLEBORO,12344,Male,,UND,,,UND,"11Y,5M,22D",,Birth/Hatch,,"Jul 15, 2005 +/- 6 month",,PRIVATE,,,ROMMEL
,,,,,,,,,,,Transfer,,21-Oct-11,,ST LOUIS,,,109142
,,,,,,,,,,,Transfer,,19-Sep-12,,ATTLEBORO,,,112344
,,,,,,,,,,,Death,,6-Jan-17,,ATTLEBORO,,,12344
1032,MILWAUKEE,5746,Undetermined,,979,,,980,"0Y,0M,0D",,Birth/Hatch,,27-Jan-12,,MILWAUKEE,,,5746
,,,,,,,,,,,Death,,27-Jan-12,,MILWAUKEE,,,5746
1033,RACINE,M1803,Male,,979,,,980,"10Y,3M,2D",,Birth/Hatch,,27-Jan-12,,MILWAUKEE,,,5747
,,,,,,,,,,,Transfer,,19-Dec-12,,BATTLE CR,,,M12031
,,,,,,,,,,,Transfer,,6-Mar-18,,RACINE,,,M1803
1034,AUGSBURG,2016DU,Female,,979,,,980,"5Y,3M,1D",,Birth/Hatch,,27-Jan-12,,MILWAUKEE,,,5748
,,,,,,,,,,,Transfer,,17-Oct-12,,DREHER PA,,,UNK
,,,,,,,,,,,Transfer,,17-Oct-12,,DREHER PA,,,212163
,,,,,,,,,,,Transfer,,14-Jan-15,,STUTTGART,,,9970
,,,,,,,,,,,GO LTF,,14-Jan-15,,STUTTGART,,,9970
,,,,,,,,,,,Transfer,,13-Sep-16,,STUTTGART,,,9970
,,,,,,,,,,,Transfer,,13-Sep-16,,AUGSBURG,,,2016DU
,,,,,,,,,,,GO LTF,,13-Sep-16,,AUGSBURG,,,2016DU
,,,,,,,,,,,Transfer,,28-Apr-17,,AUGSBURG,,,2016DU
,,,,,,,,,,,Death,,28-Apr-17,,AUGSBURG,,,2016DU
1035,MILWAUKEE,5749,Undetermined,,979,,,980,"0Y,0M,13D",,Birth/Hatch,,27-Jan-12,,MILWAUKEE,,,5749
,,,,,,,,,,,Death,,9-Feb-12,,MILWAUKEE,,,5749
1036,RACINE,M1520,Male,,983,,,982,"10Y,1M,21D",,Birth/Hatch,,8-Mar-12,,DISNEY AK,,,120102
,,,,,,,,,,,Transfer,,12-Sep-12,,NORFOLK,,,212158
,,,,,,,,,,,Transfer,,12-Nov-15,,RACINE,,,M1520
1037,PHOENIX,12118,Female,,981,,,982,"10Y,1M,21D",,Birth/Hatch,,8-Mar-12,,DISNEY AK,,,120103
,,,,,,,,,,,Transfer,,20-Sep-12,,PHOENIX,,,12118
1038,AUGSBURG,2016DT,Male,,960,,,1007,"4Y,6M,10D",,Birth/Hatch,,3-Mar-12,,DREHER PA,,,212030
,,,,,,,,,,,Transfer,,14-Jan-15,,STUTTGART,,,9969
,,,,,,,,,,,GO LTF,,14-Jan-15,,STUTTGART,,,9969
,,,,,,,,,,,Transfer,,13-Sep-16,,STUTTGART,,,9969
,,,,,,,,,,,Transfer,,13-Sep-16,,AUGSBURG,,,2016DT
,,,,,,,,,,,GO LTF,,13-Sep-16,,AUGSBURG,,,2016DT
1039,SANJOSECA,200568,Female,,960,,,1007,"10Y,1M,26D",,Birth/Hatch,,3-Mar-12,,DREHER PA,,,212033
,,,,,,,,,,,Transfer,,1-Nov-12,,SANJOSECA,,,200568
1040,STATEN IS,13035,Male,,960,,,1007,"10Y,1M,26D",,Birth/Hatch,,3-Mar-12,,DREHER PA,,,212031
,,,,,,,,,,,Transfer,,10-Oct-13,,STATEN IS,,,13035
1041,PROSPECTP,E13001,Male,,960,,,1007,"9Y,11M,19D",,Birth/Hatch,,3-Mar-12,,DREHER PA,,,212032
,,,,,,,,,,,Transfer,,31-Jan-13,,NY BRONX,,,E13001
,,,,,,,,,,,Transfer,,4-Feb-16,,PROSPECTP,,,E13001
,,,,,,,,,,,Death,,22-Feb-22,,PROSPECTP,,,E13001
1042,NY BRONX,E13002,Male,,960,,,1007,"10Y,1M,26D",,Birth/Hatch,,3-Mar-12,,DREHER PA,,,212034
,,,,,,,,,,,Transfer,,31-Jan-13,,NY BRONX,,,E13002
,,,,,,,,,,,Transfer,,24-Mar-16,,BINGHAMTO,,,16005
,,,,,,,,,,,Transfer,,13-Jun-18,,NY BRONX,,,E13002
1043,SOUTHBEND,34131,Female,,UND,,,UND,"6Y,9M,28D",,Birth/Hatch,,25-Jul-11,,PRIVATE,,,UNK
,,,,,,,,,,,Transfer,,9-Jan-12,,SAFARI W,,,112001
,,,,,,,,,,,Transfer,,18-Sep-15,,S BARBARA,,,700903
,,,,,,,,,,,Transfer,,17-Nov-15,,SOUTHBEND,,,34131
,,,,,,,,,,,Death,,23-May-18,,SOUTHBEND,,,34131
1044,EXOTIC EN,UNK,Male,,1026,,,2910,"3Y,7M,8D",,Birth/Hatch,,"Apr 01, 2012 +/- 1 day",,EXOTIC EN,,,UNK
,,,,,,,,,,,Transfer,,9-Nov-15,,EXOTIC EN,,,UNK
,,,,,,,,,,,GO LTF,,9-Nov-15,,EXOTIC EN,,,UNK
1045,EXOTIC EN,JACKO,Male,,UND,,,UND,"4Y,6M,25D",,Birth/Hatch,,"Apr 15, 2011 +/- 3 month",,YATES,,,JACKO
,,,,,,,,,,,Transfer,,"Oct 15, 2011 +/- 3 month",,EXOTIC EN,,,JACKO
,,,,,,,,,,,Transfer,,9-Nov-15,,EXOTIC EN,,,JACKO
,,,,,,,,,,,GO LTF,,9-Nov-15,,EXOTIC EN,,,JACKO
1046,EXOTIC EN,BLANK,Female,,993,,,994,"4Y,6M,25D",,Birth/Hatch,,"Apr 15, 2011 +/- 2 month",,EXOTIC EN,,,BLANK
,,,,,,,,,,,Transfer,,9-Nov-15,,EXOTIC EN,,,BLANK
,,,,,,,,,,,GO LTF,,9-Nov-15,,EXOTIC EN,,,BLANK
1047,PROSPECTP,P20060,Female,,993,,,994,"9Y,11M,25D",,Birth/Hatch,,"May 04, 2012 +/- 1 day",,HALL L,,,UNK
,,,,,,,,,,,Transfer,,7-Sep-13,,METROZOO,,,13M058
,,,,,,,,,,,Transfer,,19-Oct-13,,ZS FLORID,,,13M058
,,,,,,,,,,,Transfer,,1-Jan-16,,METROZOO,,,13M058
,,,,,,,,,,,Transfer,,12-Nov-20,,PROSPECTP,,,P20060
1048,EXOTIC EN,UNK,Female,,1002,,,1003,"3Y,7M,8D",,Birth/Hatch,,"Apr 01, 2012 +/- 1 day",,EXOTIC EN,,,UNK
,,,,,,,,,,,Transfer,,9-Nov-15,,EXOTIC EN,,,UNK
,,,,,,,,,,,GO LTF,,9-Nov-15,,EXOTIC EN,,,UNK
1049,EVANSVLLE,119023,Male,,1016,,,975,"10Y,0M,8D",,Birth/Hatch,,21-Apr-12,,SYRACUSE,,,M12009
,,,,,,,,,,,Transfer,,4-Oct-19,,EVANSVLLE,,,119023
1050,PHOENIX,2119,Female,,1016,,,975,"1Y,2M,22D",,Birth/Hatch,,21-Apr-12,,SYRACUSE,,,M12010
,,,,,,,,,,,Transfer,,24-Sep-12,,PHOENIX,,,12119
,,,,,,,,,,,Transfer,,13-Jul-13,,PHOENIX,,,2119
,,,,,,,,,,,GO LTF,,13-Jul-13,,PHOENIX,,,2119
1051,CLEVELAND,110803,Male,,1002,,,1003,"9Y,2M,15D",,Birth/Hatch,,20-May-11,,HALL L,,,UNK
,,,,,,,,,,,Transfer,,6-Aug-11,,CLEVELAND,,,110803
,,,,,,,,,,,Death,,4-Aug-20,,CLEVELAND,,,110803
1052,CLEVELAND,110804,Male,,1002,,,1003,"9Y,7M,25D",,Birth/Hatch,,20-May-11,,HALL L,,,UNK
,,,,,,,,,,,Transfer,,6-Aug-11,,CLEVELAND,,,110804
,,,,,,,,,,,Death,,14-Jan-21,,CLEVELAND,,,110804
1053,NORFOLK,212009,Male,,UND,,,UND,"10Y,6M,13D",,Birth/Hatch,,31-Mar-06,,PRIVATE,,,UNK
,,,,,,,,,,,Transfer,,1-Mar-12,,NORFOLK,,,212009
,,,,,,,,,,,Death,,13-Oct-16,,NORFOLK,,,212009
1054,NORFOLK,212010,Male,,UND,,,UND,"12Y,11M,7D",,Birth/Hatch,,31-Mar-06,,PRIVATE,,,UNK
,,,,,,,,,,,Transfer,,1-Mar-12,,NORFOLK,,,212010
,,,,,,,,,,,Death,,7-Mar-19,,NORFOLK,,,212010
1055,PITTSBURG,NONE,Undetermined,,972,,,946,"0Y,0M,1D",,Birth/Hatch,,"Jun 01, 2012 +/- 1 month",,PITTSBURG,,,NONE
,,,,,,,,,,,Death,,"Jun 02, 2012 +/- 1 month",,PITTSBURG,,,NONE
1056,CALSCICTR,UNK,Female,,897,,,2871,"9Y,10M,17D",,Birth/Hatch,,12-Jun-12,,PALM DES,,,412010
,,,,,,,,,,,Transfer,,4-Jun-21,,CALSCICTR,,,UNK
1057,NEW BEDFO,2340,Male,,897,,,2871,"9Y,10M,17D",,Birth/Hatch,,12-Jun-12,,PALM DES,,,412011
,,,,,,,,,,,Transfer,,"Jul 15, 2013 +/- 1 year",,EXOTIC EN,,,UNK
,,,,,,,,,,,Transfer,,9-Nov-15,,S BARBARA,,,700902
,,,,,,,,,,,Transfer,,17-Nov-15,,SOUTHBEND,,,34130
,,,,,,,,,,,Transfer,,29-Jan-19,,ST LOUIS,,,124247
,,,,,,,,,,,Transfer,,2-Dec-20,,NEW BEDFO,,,2340
1058,FRESNO,203124,Male,,897,,,2871,"9Y,10M,17D",,Birth/Hatch,,12-Jun-12,,PALM DES,,,412012
,,,,,,,,,,,Transfer,,30-Dec-12,,FRESNO,,,203124
1059,SAFARI W,111034,Male,,995,,,996,"0Y,0M,0D",,Birth/Hatch,,21-Jun-11,,SAFARI W,,,111034
,,,,,,,,,,,Death,,21-Jun-11,,SAFARI W,,,111034
1060,SAFARI W,111035,Female,,995,,,996,"0Y,0M,0D",,Birth/Hatch,,21-Jun-11,,SAFARI W,,,111035
,,,,,,,,,,,Death,,21-Jun-11,,SAFARI W,,,111035
1061,TUCSON,M12036,Male,,995,,,996,"7Y,5M,28D",,Birth/Hatch,,8-Apr-12,,SAFARI W,,,112014
,,,,,,,,,,,Transfer,,12-Jun-12,,TUCSON,,,M12036
,,,,,,,,,,,Death,,6-Oct-19,,TUCSON,,,M12036
1062,SAFARI W,112035,Male,,1029,,,1043,"0Y,1M,0D",,Birth/Hatch,,20-May-12,,SAFARI W,,,112035
,,,,,,,,,,,Death,,20-Jun-12,,SAFARI W,,,112035
1063,LOSANGELE,994657,Male,,1029,,,1043,"9Y,11M,9D",,Birth/Hatch,,20-May-12,,SAFARI W,,,112036
,,,,,,,,,,,Transfer,,21-May-12,,PRIVATE,,,UNK
,,,,,,,,,,,Transfer,,5-Aug-12,,SAFARI W,,,112036
,,,,,,,,,,,Transfer,,6-Aug-12,,SEAWLD TX,,,SWT VZ-5001
,,,,,,,,,,,Transfer,,23-Jan-18,,LOSANGELE,,,994657
1064,PRIVATE,UNK,Female,,1029,,,1043,"0Y,2M,17D",,Birth/Hatch,,20-May-12,,SAFARI W,,,112037
,,,,,,,,,,,Transfer,,21-May-12,,PRIVATE,,,UNK
,,,,,,,,,,,Transfer,,5-Aug-12,,SAFARI W,,,112037
,,,,,,,,,,,Transfer,,6-Aug-12,,PRIVATE,,,UNK
,,,,,,,,,,,GO LTF,,6-Aug-12,,PRIVATE,,,UNK
1065,STATEN IS,12008,Male,,UND,,,UND,"10Y,2M,25D",,Birth/Hatch,,4-Feb-12,,FOREST PA,,,UNK
,,,,,,,,,,,Transfer,,26-Apr-12,,STATEN IS,,,12008
1066,BIRMINGHM,112006,Male,,995,,,996,"9Y,9M,27D",,Birth/Hatch,,2-Jul-12,,SAFARI W,,,112062
,,,,,,,,,,,Transfer,,11-Jul-12,,PRIVATE,,,UNK
,,,,,,,,,,,Transfer,,6-Sep-12,,SAFARI W,,,112062
,,,,,,,,,,,Transfer,,6-Sep-12,,PRIVATE,,,UNK
,,,,,,,,,,,Transfer,,11-Sep-12,,SAFARI W,,,112062
,,,,,,,,,,,Transfer,,12-Sep-12,,BIRMINGHM,,,112006
1067,SAFARI W,119006,Male,,915,,,955,"9Y,9M,13D",,Birth/Hatch,,16-Jul-12,,CINCINNAT,,,112055
,,,,,,,,,,,Transfer,,23-Apr-14,,STATEN IS,,,14018
,,,,,,,,,,,Transfer,,30-Nov-16,,PITTSBURG,,,103077
,,,,,,,,,,,Transfer,,14-Mar-19,,SAFARI W,,,119006
1068,ATTLEBORO,115390,Female,,915,,,955,"9Y,9M,13D",,Birth/Hatch,,16-Jul-12,,CINCINNAT,,,112054
,,,,,,,,,,,Transfer,,24-Oct-13,,BATTLE CR,,,M13020
,,,,,,,,,,,Transfer,,23-Dec-15,,ATTLEBORO,,,115390
1069,PALM DES,421004,Female,,915,,,955,"9Y,9M,13D",,Birth/Hatch,,16-Jul-12,,CINCINNAT,,,112053
,,,,,,,,,,,Transfer,,3-Dec-13,,PHOENIX,,,12456
,,,,,,,,,,,Transfer,,6-Dec-16,,MILWAUKEE,,,5979
,,,,,,,,,,,Transfer,,20-Mar-21,,PALM DES,,,421004
1070,KANSASCTY,M17059,Male,,979,,,980,"9Y,6M,16D",,Birth/Hatch,,13-Oct-12,,MILWAUKEE,,,5787
,,,,,,,,,,,Transfer,,30-Oct-13,,NY BRONX,,,E13041
,,,,,,,,,,,Transfer,,21-Dec-17,,KANSASCTY,,,M17059
1071,NY BRONX,E13042,Male,,979,,,980,"9Y,6M,16D",,Birth/Hatch,,13-Oct-12,,MILWAUKEE,,,5788
,,,,,,,,,,,Transfer,,30-Oct-13,,NY BRONX,,,E13042
1072,MILWAUKEE,5789,Undetermined,,979,,,980,"0Y,0M,2D",,Birth/Hatch,,14-Oct-12,,MILWAUKEE,,,5789
,,,,,,,,,,,Death,,16-Oct-12,,MILWAUKEE,,,5789
1073,MILWAUKEE,5790,Undetermined,,979,,,980,"0Y,0M,2D",,Birth/Hatch,,14-Oct-12,,MILWAUKEE,,,5790
,,,,,,,,,,,Death,,16-Oct-12,,MILWAUKEE,,,5790
1074,S BARBARA,700636,Male,,1076,,,1077,"7Y,8M,21D",,Birth/Hatch,,28-Jun-12,,HALL L,,,-
,,,,,,,,,,,Transfer,,"Oct 15, 2012 +/- 1 day",,S BARBARA,,,700636
,,,,,,,,,,,Death,,20-Mar-20,,S BARBARA,,,700636
1075,S BARBARA,700637,Male,,1076,,,1077,"9Y,10M,1D",,Birth/Hatch,,28-Jun-12,,HALL L,,,-
,,,,,,,,,,,Transfer,,"Oct 15, 2012 +/- 1 day",,S BARBARA,,,700637
1076,EXOTIC EN,Alladin,Male,,993,,,994,"6Y,2M,11D",,Birth/Hatch,,29-Aug-09,,EXOTIC EN,,,Alladin
,,,,,,,,,,,Transfer,,9-Nov-15,,EXOTIC EN,,,Alladin
,,,,,,,,,,,GO LTF,,9-Nov-15,,EXOTIC EN,,,Alladin
1077,S BARBARA,700906,Female,,1002,,,1003,"10Y,11M,9D",,Birth/Hatch,,20-May-11,,EXOTIC EN,,,Jasmin
,,,,,,,,,,,Transfer,,9-Nov-15,,S BARBARA,,,700906
1078,ALEXANDRI,M00472,Male,,960,,,1007,"9Y,2M,23D",,Birth/Hatch,,6-Feb-13,,DREHER PA,,,213004
,,,,,,,,,,,Transfer,,9-Dec-13,,ALEXANDRI,,,M00472
1079,DREHER PA,213005,Male,,960,,,1007,"0Y,2M,18D",,Birth/Hatch,,5-Mar-13,,DREHER PA,,,213005
,,,,,,,,,,,Death,,23-May-13,,DREHER PA,,,213005
1080,ALEXANDRI,M00473,Male,,960,,,1007,"4Y,5M,20D",,Birth/Hatch,,5-Mar-13,,DREHER PA,,,213006
,,,,,,,,,,,Transfer,,9-Dec-13,,ALEXANDRI,,,M00473
,,,,,,,,,,,Death,,25-Aug-17,,ALEXANDRI,,,M00473
1081,ALEXANDRI,M00474,Male,,960,,,1007,"9Y,2M,23D",,Birth/Hatch,,6-Feb-13,,DREHER PA,,,213007
,,,,,,,,,,,Transfer,,9-Dec-13,,ALEXANDRI,,,M00474
1082,EL PASO,201850,Female,,1016,,,975,"9Y,8M,25D",,Birth/Hatch,,4-Aug-12,,SYRACUSE,,,M12100
,,,,,,,,,,,Transfer,,19-Apr-17,,EL PASO,,,201850
1083,EL PASO,201849,Female,,1016,,,975,"9Y,8M,25D",,Birth/Hatch,,4-Aug-12,,SYRACUSE,,,M12101
,,,,,,,,,,,Transfer,,19-Apr-17,,EL PASO,,,201849
1084,SYRACUSE,M12102,Male,,1016,,,975,"0Y,0M,14D",,Birth/Hatch,,4-Aug-12,,SYRACUSE,,,M12102
,,,,,,,,,,,Death,,18-Aug-12,,SYRACUSE,,,M12102
1085,SYRACUSE,M12103,Male,,1016,,,975,"0Y,0M,24D",,Birth/Hatch,,4-Aug-12,,SYRACUSE,,,M12103
,,,,,,,,,,,Death,,28-Aug-12,,SYRACUSE,,,M12103
1086,CHATTANOG,4441,Female,,UND,,,UND,"9Y,7M,4D",,Birth/Hatch,,5-Mar-12,,Undetermined,,,-
,,,,,,,,,,,Transfer,,11-May-12,,CHATTANOG,,,4441
,,,,,,,,,,,Death,,9-Oct-21,,CHATTANOG,,,4441
1087,CHATTANOG,4442,Female,,UND,,,UND,"10Y,1M,25D",,Birth/Hatch,,4-Mar-12,,Undetermined,,,-
,,,,,,,,,,,Transfer,,11-May-12,,CHATTANOG,,,4442
1088,CHATTANOG,4443,Male,,UND,,,UND,"10Y,1M,22D",,Birth/Hatch,,7-Mar-12,,Undetermined,,,-
,,,,,,,,,,,Transfer,,11-May-12,,CHATTANOG,,,4443
1089,EL PASO,201848,Male,,1016,,,975,"9Y,1M,6D",,Birth/Hatch,,23-Mar-13,,SYRACUSE,,,M13022
,,,,,,,,,,,Transfer,,19-Apr-17,,EL PASO,,,201848
1090,SYRACUSE,M13023,Female,,1016,,,975,"0Y,0M,5D",,Birth/Hatch,,23-Mar-13,,SYRACUSE,,,M13023
,,,,,,,,,,,Death,,28-Mar-13,,SYRACUSE,,,M13023
1091,TULSA,18309,Male,,981,,,982,"9Y,0M,22D",,Birth/Hatch,,7-Apr-13,,ST LOUIS,,,113754
,,,,,,,,,,,Transfer,,20-Feb-14,,ASHEBORO,,,2008
,,,,,,,,,,,Transfer,,2-May-19,,TULSA,,,18309
1092,TULSA,18310,Male,,981,,,982,"9Y,0M,22D",,Birth/Hatch,,7-Apr-13,,ST LOUIS,,,113755
,,,,,,,,,,,Transfer,,20-Feb-14,,ASHEBORO,,,2009
,,,,,,,,,,,Transfer,,2-May-19,,TULSA,,,18310
1093,PRIVATE,UNK,Male,,1029,,,1043,"0Y,0M,8D",,Birth/Hatch,,4-Mar-13,,SAFARI W,,,113025
,,,,,,,,,,,Transfer,,12-Mar-13,,PRIVATE,,,UNK
,,,,,,,,,,,GO LTF,,12-Mar-13,,PRIVATE,,,UNK
1094,PRIVATE,UNK,Male,,1029,,,1043,"0Y,0M,8D",,Birth/Hatch,,4-Mar-13,,SAFARI W,,,113026
,,,,,,,,,,,Transfer,,12-Mar-13,,PRIVATE,,,UNK
,,,,,,,,,,,GO LTF,,12-Mar-13,,PRIVATE,,,UNK
1095,DREHER PA,213018,Male,,960,,,1007,"7Y,7M,27D",,Birth/Hatch,,25-May-13,,DREHER PA,,,213018
,,,,,,,,,,,Transfer,,10-Apr-14,,ST LOUIS,,,116202
,,,,,,,,,,,Transfer,,15-Sep-15,,DREHER PA,,,213018
,,,,,,,,,,,Death,,21-Jan-21,,DREHER PA,,,213018
1096,PHOENIX,13459,Male,,960,,,1007,"8Y,11M,4D",,Birth/Hatch,,25-May-13,,DREHER PA,,,213019
,,,,,,,,,,,Transfer,,10-Apr-14,,ST LOUIS,,,116201
,,,,,,,,,,,Transfer,,8-Oct-14,,SD-WAP,,,614480
,,,,,,,,,,,Transfer,,28-Feb-17,,PHOENIX,,,13459
1097,HATTIESBG,554,Male,,960,,,1007,"7Y,2M,25D",,Birth/Hatch,,25-May-13,,DREHER PA,,,213020
,,,,,,,,,,,Transfer,,10-Apr-14,,ST LOUIS,,,116204
,,,,,,,,,,,Transfer,,8-Oct-14,,SD-WAP,,,614481
,,,,,,,,,,,Transfer,,23-May-18,,HATTIESBG,,,554
,,,,,,,,,,,Death,,19-Aug-20,,HATTIESBG,,,554
1098,DREHER PA,213021,Male,,960,,,1007,"8Y,11M,4D",,Birth/Hatch,,25-May-13,,DREHER PA,,,213021
,,,,,,,,,,,Transfer,,10-Apr-14,,ST LOUIS,,,116203
,,,,,,,,,,,Transfer,,15-Sep-15,,DREHER PA,,,213021
1099,TULSA,18538,Female,,960,,,1007,"8Y,11M,4D",,Birth/Hatch,,25-May-13,,DREHER PA,,,213022
,,,,,,,,,,,Transfer,,10-Apr-14,,ST LOUIS,,,116205
,,,,,,,,,,,Transfer,,5-Jan-21,,TULSA,,,18538
1100,SANJOSECA,200583,Undetermined,,983,,,1039,"0Y,0M,15D",,Birth/Hatch,,3-Jun-13,,SANJOSECA,,,200583
,,,,,,,,,,,Death,,18-Jun-13,,SANJOSECA,,,200583
1101,SANJOSECA,200584,Undetermined,,983,,,1039,"0Y,0M,15D",,Birth/Hatch,,3-Jun-13,,SANJOSECA,,,200584
,,,,,,,,,,,Death,,18-Jun-13,,SANJOSECA,,,200584
1102,SANJOSECA,200585,Undetermined,,983,,,1039,"0Y,0M,15D",,Birth/Hatch,,3-Jun-13,,SANJOSECA,,,200585
,,,,,,,,,,,Death,,18-Jun-13,,SANJOSECA,,,200585
1103,CHATTANOG,1152,Female,,1088,,,1086,"8Y,7M,18D",,Birth/Hatch,,11-Sep-13,,CHATTANOG,,,1152
1104,CHATTANOG,1153,Female,,1088,,,1086,"8Y,7M,18D",,Birth/Hatch,,11-Sep-13,,CHATTANOG,,,1153
1105,PRIVATE,UNK,Male,,1029,,,1043,"0Y,0M,11D",,Birth/Hatch,,7-Mar-14,,SAFARI W,,,114008
,,,,,,,,,,,Transfer,,18-Mar-14,,PRIVATE,,,UNK
,,,,,,,,,,,GO LTF,,18-Mar-14,,PRIVATE,,,UNK
1106,NEW BEDFO,1951,Male,,UND,,,UND,"8Y,10M,15D",,Birth/Hatch,,18-Jun-12,,FOUTS J,,,UNK
,,,,,,,,,,,Transfer,,6-Sep-12,,DALLAS,,,12M338
,,,,,,,,,,,Transfer,,21-Dec-16,,NEW BEDFO,,,1951
,,,,,,,,,,,Death,,3-May-21,,NEW BEDFO,,,1951
1107,ST LOUIS,116239,Undetermined,,977,,,985,"0Y,0M,1D",,Birth/Hatch,,23-Apr-14,,ST LOUIS,,,116239
,,,,,,,,,,,Death,,24-Apr-14,,ST LOUIS,,,116239
1108,NZP-WASH,115636,Male,,977,,,985,"8Y,0M,6D",,Birth/Hatch,,23-Apr-14,,ST LOUIS,,,116240
,,,,,,,,,,,Transfer,,7-Oct-14,,CHATTANOG,,,1208
,,,,,,,,,,,Transfer,,6-Mar-18,,NZP-WASH,,,115636
1109,ST LOUIS,116241,Female,,977,,,985,"2Y,10M,13D",,Birth/Hatch,,23-Apr-14,,ST LOUIS,,,116241
,,,,,,,,,,,Death,,8-Mar-17,,ST LOUIS,,,116241
1110,CHATTANOG,1347,Female,,897,,,2871,"8Y,0M,14D",,Birth/Hatch,,15-Apr-14,,PALM DES,,,414011
,,,,,,,,,,,Transfer,,21-Dec-20,,CHATTANOG,,,1347
1111,CINCINNAT,115063,Male,,897,,,2871,"8Y,0M,14D",,Birth/Hatch,,15-Apr-14,,PALM DES,,,414013
,,,,,,,,,,,Transfer,,16-Nov-15,,CINCINNAT,,,115063
1112,PALM DES,414012,Male,,897,,,2871,"8Y,0M,14D",,Birth/Hatch,,15-Apr-14,,PALM DES,,,414012
1113,PALM DES,414014,Male,,897,,,2871,"8Y,0M,14D",,Birth/Hatch,,15-Apr-14,,PALM DES,,,414014
,,,,,,,,,,,Transfer,,21-Oct-14,,COAL VAL,,,M2335
,,,,,,,,,,,Transfer,,7-Dec-21,,PALM DES,,,414014
1114,SANDIEGOZ,1003414,Male,,1017,,,2869,"7Y,11M,28D",,Birth/Hatch,,1-May-14,,NY BRONX,,,E14021
,,,,,,,,,,,Transfer,,19-Mar-15,,NZP-WASH,,,115174
,,,,,,,,,,,Transfer,,6-Apr-16,,NY BRONX,,,E14021
,,,,,,,,,,,Transfer,,2-Dec-21,,SANDIEGOZ,,,1003414
1115,NY BRONX,E14020,Male,,1017,,,2869,"7Y,11M,28D",,Birth/Hatch,,1-May-14,,NY BRONX,,,E14020
1116,FRANKLINP,A17012,Female,,1017,,,2869,"7Y,10M,21D",,Birth/Hatch,,1-May-14,,NY BRONX,,,E14022
,,,,,,,,,,,Transfer,,4-Dec-14,,MILWAUKEE,,,5879
,,,,,,,,,,,Transfer,,3-May-17,,FRANKLINP,,,A17012
,,,,,,,,,,,Death,,22-Mar-22,,FRANKLINP,,,A17012
1117,NY BRONX,E14023,Female,,1017,,,2869,"7Y,11M,27D",,Birth/Hatch,,2-May-14,,NY BRONX,,,E14023
1118,SAFARI W,114078,Male,,1029,,,1043,"0Y,1M,1D",,Birth/Hatch,,30-Aug-14,,SAFARI W,,,114078
,,,,,,,,,,,Death,,1-Oct-14,,SAFARI W,,,114078
1119,SAFARI W,114079,Female,,1029,,,1043,"0Y,0M,10D",,Birth/Hatch,,30-Aug-14,,SAFARI W,,,114079
,,,,,,,,,,,Death,,"Sep 09, 2014 +/- 1 day",,SAFARI W,,,114079
1120,DETROIT,13318,Male,,UND,,,UND,"12Y,4M,11D",,Birth/Hatch,,"Sep 01, 2002 +/- 1 month",,PRIVATE,,,UNK
,,,,,,,,,,,Transfer,,9-Jul-14,,DETROIT,,,13318
,,,,,,,,,,,Death,,12-Jan-15,,DETROIT,,,13318
1121,WRR KENDA,UNK,Male,,1120,,,UND,"7Y,11M,23D",,Birth/Hatch,,"Jul 01, 2007 +/- 1 year",,PRIVATE,,,13319
,,,,,,,,,,,Transfer,,9-Jul-14,,DETROIT,,,13319
,,,,,,,,,,,Transfer,,24-Jun-15,,WRR KENDA,,,UNK
,,,,,,,,,,,GO LTF,,24-Jun-15,,WRR KENDA,,,UNK
1122,WRR KENDA,UNK,Male,,1120,,,UND,"7Y,11M,23D",,Birth/Hatch,,"Jul 01, 2007 +/- 1 year",,PRIVATE,,,UNK
,,,,,,,,,,,Transfer,,9-Jul-14,,DETROIT,,,13320
,,,,,,,,,,,Transfer,,24-Jun-15,,WRR KENDA,,,UNK
,,,,,,,,,,,GO LTF,,24-Jun-15,,WRR KENDA,,,UNK
1123,DENVER,A19097,Male,,1017,,,2869,"5Y,8M,27D",,Birth/Hatch,,21-Aug-14,,NY BRONX,,,E14048
,,,,,,,,,,,Transfer,,23-Apr-15,,BINGHAMTO,,,15012
,,,,,,,,,,,Transfer,,17-Oct-19,,DENVER,,,A19097
,,,,,,,,,,,Death,,18-May-20,,DENVER,,,A19097
1124,NY BRONX,E14049,Male,,1017,,,2869,"7Y,8M,8D",,Birth/Hatch,,21-Aug-14,,NY BRONX,,,E14049
1125,SOUTHBEND,34134,Male,,1017,,,2869,"7Y,8M,24D",,Birth/Hatch,,5-Aug-14,,NY BRONX,,,E14050
,,,,,,,,,,,Transfer,,19-Nov-15,,SOUTHBEND,,,34134
1126,PROSPECTP,E14051,Female,,1017,,,2869,"7Y,8M,24D",,Birth/Hatch,,5-Aug-14,,NY BRONX,,,E14051
,,,,,,,,,,,Transfer,,3-May-18,,METROZOO,,,18M049
,,,,,,,,,,,Transfer,,12-Nov-20,,PROSPECTP,,,E14051
1127,SANDIEGOZ,514154,Male,,UND,,,UND,"7Y,10M,19D",,Birth/Hatch,,10-Jun-14,,YATES,,,UNK
,,,,,,,,,,,Transfer,,24-Aug-14,,SANDIEGOZ,,,514154
1128,CHATTANOG,1171,Male,,1088,,,1021,"0Y,0M,1D",,Birth/Hatch,,21-Aug-14,,CHATTANOG,,,1171
,,,,,,,,,,,Death,,22-Aug-14,,CHATTANOG,,,1171
1129,CHATTANOG,1172,Female,,1088,,,1021,"0Y,0M,1D",,Birth/Hatch,,21-Aug-14,,CHATTANOG,,,1172
,,,,,,,,,,,Death,,22-Aug-14,,CHATTANOG,,,1172
1130,EVANSVLLE,119020,Female,,UND,,,UND,"8Y,0M,29D",,Birth/Hatch,,31-Mar-14,,Undetermined,,,-
,,,,,,,,,,,Transfer,,10-Jun-14,,MINNESOTA,,,13942
,,,,,,,,,,,Transfer,,27-Aug-19,,EVANSVLLE,,,119020
1131,NZP-WASH,115139,Undetermined,,979,,,980,"0Y,0M,7D",,Birth/Hatch,,13-Nov-14,,NZP-WASH,,,115139
,,,,,,,,,,,Death,,20-Nov-14,,NZP-WASH,,,115139
1132,NZP-WASH,115140,Undetermined,,979,,,980,"0Y,0M,7D",,Birth/Hatch,,13-Nov-14,,NZP-WASH,,,115140
,,,,,,,,,,,Death,,20-Nov-14,,NZP-WASH,,,115140
1133,LVZOO,LVO261,Male,,UND,,,UND,"9Y,0M,28D",,Birth/Hatch,,"Apr 01, 2013 +/- 15 day",,YATES,,,UNK
,,,,,,,,,,,Transfer,,1-Jun-13,,LVZOO,,,LVO261
1134,SANDIEGOZ,1003515,Female,,983,,,1039,"7Y,3M,6D",,Birth/Hatch,,23-Jan-15,,SANJOSECA,,,200610
,,,,,,,,,,,Transfer,,8-Feb-22,,SANDIEGOZ,,,1003515
1135,SANJOSECA,200611,Female,,983,,,1039,"7Y,3M,6D",,Birth/Hatch,,23-Jan-15,,SANJOSECA,,,200611
1136,SANJOSECA,200612,Male,,983,,,1039,"3Y,8M,8D",,Birth/Hatch,,23-Jan-15,,SANJOSECA,,,200612
,,,,,,,,,,,Death,,1-Oct-18,,SANJOSECA,,,200612
1137,SANJOSECA,200613,Male,,983,,,1039,"3Y,4M,27D",,Birth/Hatch,,23-Jan-15,,SANJOSECA,,,200613
,,,,,,,,,,,Death,,19-Jun-18,,SANJOSECA,,,200613
1138,CHATTANOG,1178,Male,,1108,,,1021,"7Y,3M,6D",,Birth/Hatch,,23-Jan-15,,CHATTANOG,,,1178
1139,COAL VAL,M2395,Female,,1108,,,1021,"6Y,7M,20D",,Birth/Hatch,,23-Jan-15,,CHATTANOG,,,1174
,,,,,,,,,,,Transfer,,12-Jan-16,,ST LOUIS,,,119431
,,,,,,,,,,,Transfer,,1-Nov-17,,COAL VAL,,,M2395
,,,,,,,,,,,Death,,12-Sep-21,,COAL VAL,,,M2395
1140,ST LOUIS,117725,Female,,977,,,985,"0Y,0M,17D",,Birth/Hatch,,4-Apr-15,,ST LOUIS,,,117725
,,,,,,,,,,,Death,,21-Apr-15,,ST LOUIS,,,117725
1141,WCSRC,201504,Female,,977,,,985,"7Y,0M,25D",,Birth/Hatch,,4-Apr-15,,ST LOUIS,,,117726
,,,,,,,,,,,Transfer,,18-Jun-15,,WCSRC,,,201504
1142,ST LOUIS,117727,Female,,977,,,985,"7Y,0M,25D",,Birth/Hatch,,4-Apr-15,,ST LOUIS,,,117727
,,,,,,,,,,,Transfer,,23-Jun-15,,WCSRC,,,201505
,,,,,,,,,,,Transfer,,27-Oct-15,,ST LOUIS,,,117727
1143,DISNEY AK,150112,Female,,UND,,,UND,"5Y,6M,13D",,Birth/Hatch,,25-Apr-10,,YATES,,,UNK
,,,,,,,,,,,Transfer,,3-Mar-15,,DISNEY AK,,,150112
,,,,,,,,,,,Death,,7-Nov-15,,DISNEY AK,,,150112
1144,ATTLEBORO,122468,Male,,UND,,,UND,"11Y,1M,13D",,Birth/Hatch,,16-Mar-11,,YATES,,,UNK
,,,,,,,,,,,Transfer,,16-Jun-11,,BUSCH TAM,,,64934
,,,,,,,,,,,Transfer,,27-Oct-15,,WCSRC,,,201513
,,,,,,,,,,,Transfer,,6-Apr-22,,ATTLEBORO,,,122468
1145,NZP-WASH,115259,Undetermined,,1114,,,980,"0Y,0M,1D",,Birth/Hatch,,10-Jul-15,,NZP-WASH,,,115259
,,,,,,,,,,,Death,,11-Jul-15,,NZP-WASH,,,115259
1146,SOUTHBEND,34129,Male,,981,,,1109,"6Y,9M,2D",,Birth/Hatch,,27-Jul-15,,ST LOUIS,,,117855
,,,,,,,,,,,Transfer,,17-Nov-15,,SOUTHBEND,,,34129
1147,NY BRONX,E20030,Female,,981,,,1109,"6Y,9M,2D",,Birth/Hatch,,27-Jul-15,,ST LOUIS,,,117856
,,,,,,,,,,,Transfer,,22-Mar-16,,DENVER,,,A16042
,,,,,,,,,,,Transfer,,19-Nov-20,,NY BRONX,,,E20030
1148,PALM DES,419048,Female,,981,,,1109,"6Y,9M,2D",,Birth/Hatch,,27-Jul-15,,ST LOUIS,,,117858
,,,,,,,,,,,Transfer,,22-Mar-16,,DENVER,,,A16043
,,,,,,,,,,,Transfer,,14-Oct-19,,PALM DES,,,419048
1149,HATTIESBG,645,Male,,UND,,,UND,"3Y,9M,27D",,Birth/Hatch,,"~ from Jan 01, 2018 to
Dec 31, 2018",,PRIVATE,,,Undetermined
,,,,,,,,,,,GO LTF,,"~ from Jan 01, 2018 to
Dec 31, 2018",,PRIVATE,,,Undetermined
,,,,,,,,,,,"Return from
LTF",,22-Dec-21,,PRIVATE,,,Undetermined
,,,,,,,,,,,Transfer,,22-Dec-21,,HATTIESBG,,,645
1150,HATTIESBG,646,Female,,UND,,,UND,"3Y,9M,27D",,Birth/Hatch,,"~ from Jan 01, 2018 to
Dec 31, 2018",,PRIVATE,,,Undetermined
,,,,,,,,,,,GO LTF,,"~ from Jan 01, 2019 to
Dec 31, 2018",,PRIVATE,,,Undetermined
,,,,,,,,,,,"Return from
LTF",,22-Dec-21,,PRIVATE,,,Undetermined
,,,,,,,,,,,Transfer,,22-Dec-21,,HATTIESBG,,,646
1151,COAL VAL,M2540,Male,,1017,,,2952,"0Y,0M,26D",,Birth/Hatch,,3-Apr-22,,COAL VAL,,,M2540
1152,COAL VAL,M2541,Female,,1017,,,2952,"0Y,0M,26D",,Birth/Hatch,,3-Apr-22,,COAL VAL,,,M2541
1153,WILDCARE,21-2224,Male,,UND,,,UND,"1Y,9M,28D",,Birth/Hatch,,"~ from Jan 01, 2020 to
Dec 31, 2020",,Undetermined,,,-
,,,,,,,,,,,Transfer,,"~ from Apr 01, 2021 to
May 31, 2022",,WILDCARE,,,21-2224
1154,WILDCARE,21-2225,Female,,UND,,,UND,"1Y,9M,28D",,Birth/Hatch,,"~ from Jan 01, 2020 to
Dec 31, 2020",,Undetermined,,,-
,,,,,,,,,,,Transfer,,"~ from Apr 01, 2021 to
May 31, 2021",,WILDCARE,,,21-2225
1155,BINGHAMTO,22001,Female,,UND,,,UND,"3Y,11M,28D",,Birth/Hatch,,"~ from May 01, 2017 to
May 01, 2019",,Undetermined,,,-
,,,,,,,,,,,Transfer,,"~ from Apr 01, 2021 to
May 31, 2021",,WILDCARE,,,21-2219
,,,,,,,,,,,Transfer,,21-Apr-22,,BINGHAMTO,,,22001
1156,WILDCARE,21-2227,Male,,UND,,,UND,"1Y,9M,28D",,Birth/Hatch,,"~ from Jan 01, 2020 to
Dec 31, 2020",,Undetermined,,,-
,,,,,,,,,,,Transfer,,"~ from Apr 01, 2021 to
May 31, 2021",,WILDCARE,,,21-2227
2000,SYRACUSE,M13062,Male,,1016,,,975,"0Y,0M,5D",,Birth/Hatch,,11-Jun-13,,SYRACUSE,,,M13062
,,,,,,,,,,,Death,,16-Jun-13,,SYRACUSE,,,M13062
2001,SAFARI W,119018,Female,,1016,,,975,"8Y,10M,18D",,Birth/Hatch,,11-Jun-13,,SYRACUSE,,,M13063
,,,,,,,,,,,Transfer,,7-Oct-14,,SACRAMNTO,,,101206
,,,,,,,,,,,Transfer,,26-Apr-19,,SAFARI W,,,119018
2002,SAFARI W,119019,Female,,1016,,,975,"8Y,10M,18D",,Birth/Hatch,,11-Jun-13,,SYRACUSE,,,M13064
,,,,,,,,,,,Transfer,,7-Oct-14,,SACRAMNTO,,,101207
,,,,,,,,,,,Transfer,,26-Apr-19,,SAFARI W,,,119019
2003,NY BRONX,M1413,Male,,897,,,2871,"8Y,11M,4D",,Birth/Hatch,,25-May-13,,PALM DES,,,413016
,,,,,,,,,,,Transfer,,28-Aug-14,,NY BRONX,,,M14131
,,,,,,,,,,,Transfer,,4-Feb-16,,PROSPECTP,,,M14131
,,,,,,,,,,,Transfer,,8-Dec-20,,NY BRONX,,,M1413
2004,SYRACUSE,M18013,Female,,897,,,2871,"8Y,11M,4D",,Birth/Hatch,,25-May-13,,PALM DES,,,413017
,,,,,,,,,,,Transfer,,19-Feb-14,,KANSASCTY,,,M14004
,,,,,,,,,,,Transfer,,28-Feb-18,,SYRACUSE,,,M18013
2005,LINCOLN C,1956,Female,,897,,,2871,"8Y,11M,4D",,Birth/Hatch,,25-May-13,,PALM DES,,,413018
,,,,,,,,,,,Transfer,,19-Feb-14,,KANSASCTY,,,M14005
,,,,,,,,,,,Transfer,,23-Feb-22,,LINCOLN C,,,1956
2006,KANSASCTY,M22003,Male,,972,,,946,"8Y,11M,1D",,Birth/Hatch,,28-May-13,,PITTSBURG,,,102789
,,,,,,,,,,,Transfer,,"Oct 22, 2013 +/- 1 year",,LINCOLN C,,,1683
,,,,,,,,,,,Transfer,,23-Feb-22,,KANSASCTY,,,M22003
2007,LINCOLN C,1684,Male,,972,,,946,"8Y,11M,1D",,Birth/Hatch,,28-May-13,,PITTSBURG,,,102790
,,,,,,,,,,,Transfer,,"Oct 22, 2013 +/- 1 year",,LINCOLN C,,,1684
2008,PITTSBURG,102791,Male,,972,,,946,"8Y,11M,1D",,Birth/Hatch,,28-May-13,,PITTSBURG,,,102791
2009,PITTSBURG,102792,Undetermined,,972,,,946,"0Y,0M,13D",,Birth/Hatch,,28-May-13,,PITTSBURG,,,102792
,,,,,,,,,,,Death,,"Jun 10, 2013 +/- 1 day",,PITTSBURG,,,102792
2010,CHATTANOG,1295,Male,,1027,,,1028,"8Y,11M,7D",,Birth/Hatch,,15-Jun-11,,EXOTIC EN,,,SONNY
,,,,,,,,,,,Transfer,,9-Nov-15,,S BARBARA,,,700904
,,,,,,,,,,,Transfer,,13-Jun-16,,PALM DES,,,416022
,,,,,,,,,,,Transfer,,31-May-18,,CHATTANOG,,,1295
,,,,,,,,,,,Death,,22-May-20,,CHATTANOG,,,1295
2011,SAFARI W,115127,Female,,998,,,1001,"10Y,9M,28D",,Birth/Hatch,,1-Jul-11,,EXOTIC EN,,,CHER
,,,,,,,,,,,Transfer,,18-Sep-15,,SAFARI W,,,115127
2012,EXOTIC EN,ELVIRA,Female,,1076,,,1077,"2Y,4M,25D",,Birth/Hatch,,15-Jun-13,,EXOTIC EN,,,ELVIRA
,,,,,,,,,,,Transfer,,9-Nov-15,,EXOTIC EN,,,ELVIRA
,,,,,,,,,,,GO LTF,,9-Nov-15,,EXOTIC EN,,,ELVIRA
2013,PRIVATE,UNK,Male,,1029,,,1043,"0Y,0M,4D",,Birth/Hatch,,18-Aug-13,,SAFARI W,,,113080
,,,,,,,,,,,Transfer,,22-Aug-13,,PRIVATE,,,UNK
,,,,,,,,,,,GO LTF,,22-Aug-13,,PRIVATE,,,UNK
2014,PRIVATE,UNK,Male,,1029,,,1043,"0Y,0M,4D",,Birth/Hatch,,18-Aug-13,,SAFARI W,,,113081
,,,,,,,,,,,Transfer,,22-Aug-13,,PRIVATE,,,UNK
,,,,,,,,,,,GO LTF,,22-Aug-13,,PRIVATE,,,UNK
2015,PRIVATE,UNK,Female,,1029,,,1043,"0Y,0M,4D",,Birth/Hatch,,18-Aug-13,,SAFARI W,,,113083
,,,,,,,,,,,Transfer,,22-Aug-13,,PRIVATE,,,UNK
,,,,,,,,,,,GO LTF,,22-Aug-13,,PRIVATE,,,UNK
2016,SAFARI W,UNK,Female,,1029,,,1043,"0Y,0M,4D",,Birth/Hatch,,18-Aug-13,,SAFARI W,,,113082
,,,,,,,,,,,Death,,22-Aug-13,,SAFARI W,,,UNK
2017,NY BRONX,E13031,Female,,UND,,,UND,"0Y,0M,11D",,Birth/Hatch,,15-Sep-13,,NY BRONX,,,E13031
,,,,,,,,,,,Death,,26-Sep-13,,NY BRONX,,,E13031
2018,NY BRONX,E13030,Male,,UND,,,UND,"0Y,1M,7D",,Birth/Hatch,,15-Sep-13,,NY BRONX,,,E13030
,,,,,,,,,,,Death,,22-Oct-13,,NY BRONX,,,E13030
2019,NY BRONX,E13027,Male,,1017,,,2869,"8Y,7M,22D",,Birth/Hatch,,7-Sep-13,,NY BRONX,,,E13027
2020,NY BRONX,E13029,Female,,1017,,,2869,"8Y,7M,22D",,Birth/Hatch,,7-Sep-13,,NY BRONX,,,E13029
2021,NY BRONX,E13028,Female,,1017,,,2869,"8Y,7M,22D",,Birth/Hatch,,7-Sep-13,,NY BRONX,,,E13028
2022,COLUMBUS,213003,Male,,UND,,,UND,"9Y,3M,24D",,Birth/Hatch,,5-Jan-13,,PRIVATE,,,UNK
,,,,,,,,,,,Transfer,,25-Jan-13,,COLUMBUS,,,213003
2023,COLUMBUS,213004,Female,,UND,,,UND,"9Y,3M,24D",,Birth/Hatch,,5-Jan-13,,PRIVATE,,,UNK
,,,,,,,,,,,Transfer,,25-Jan-13,,COLUMBUS,,,213004
2024,COLUMBUS,213005,Female,,UND,,,UND,"9Y,3M,24D",,Birth/Hatch,,5-Jan-13,,PRIVATE,,,UNK
,,,,,,,,,,,Transfer,,25-Jan-13,,COLUMBUS,,,213005
2025,MILWAUKEE,6046,Undetermined,,983,,,1069,"0Y,0M,2D",,Birth/Hatch,,22-Sep-18,,MILWAUKEE,,,6046
,,,,,,,,,,,Death,,24-Sep-18,,MILWAUKEE,,,6046
2026,MILWAUKEE,6047,Undetermined,,983,,,1069,"0Y,0M,2D",,Birth/Hatch,,22-Sep-18,,MILWAUKEE,,,6047
,,,,,,,,,,,Death,,24-Sep-18,,MILWAUKEE,,,6047
2869,NY BRONX,E11009,Female,,UND,,,UND,"12Y,5M,13D",,Birth/Hatch,,24-May-09,,DARMSTADT,,,S427
,,,,,,,,,,,Transfer,,"Apr 16, 2011 +/- 1 day",,NY BRONX,,,E11009
,,,,,,,,,,,Death,,6-Nov-21,,NY BRONX,,,E11009
2870,ST LOUIS,108780,Female,,UND,,,UND,"11Y,1M,5D",,Birth/Hatch,,24-May-09,,DARMSTADT,,,S428
,,,,,,,,,,,Transfer,,"Apr 16, 2011 +/- 1 day",,NY BRONX,,,E11010
,,,,,,,,,,,Transfer,,19-May-11,,ST LOUIS,,,108780
,,,,,,,,,,,Death,,29-Jun-20,,ST LOUIS,,,108780
2871,PALM DES,411012,Female,,UND,,,UND,"11Y,10M,28D",,Birth/Hatch,,24-May-09,,DARMSTADT,,,S429
,,,,,,,,,,,Transfer,,16-Apr-11,,NY BRONX,,,E11012
,,,,,,,,,,,Transfer,,19-May-11,,PALM DES,,,411012
,,,,,,,,,,,Death,,21-Apr-21,,PALM DES,,,411012
2872,PALM DES,411011,Female,,UND,,,UND,"9Y,2M,12D",,Birth/Hatch,,24-May-09,,DARMSTADT,,,S430
,,,,,,,,,,,Transfer,,"Apr 16, 2011 +/- 1 day",,NY BRONX,,,E11011
,,,,,,,,,,,Transfer,,19-May-11,,PALM DES,,,411011
,,,,,,,,,,,Death,,5-Aug-18,,PALM DES,,,411011
2909,NY BRONX,E11008,Male,,UND,,,UND,"11Y,9M,6D",,Birth/Hatch,,18-Apr-10,,LA PALMYR,,,5277
,,,,,,,,,,,Transfer,,"Apr 16, 2011 +/- 1 day",,NY BRONX,,,E11008
,,,,,,,,,,,Death,,24-Jan-22,,NY BRONX,,,E11008
2910,PRIVATE,Lila,Female,,993,,,994,"0Y,6M,21D",,Birth/Hatch,,25-Apr-12,,HALL L,,,LILA
,,,,,,,,,,,Transfer,,"Nov 15, 2012 +/- 1 day",,PRIVATE,,,Lila
,,,,,,,,,,,GO LTF,,"Nov 15, 2012 +/- 1 day",,PRIVATE,,,Lila
2911,ST LOUIS,NONE,Undetermined,,977,,,985,"0Y,0M,1D",,Birth/Hatch,,23-Apr-14,,ST LOUIS,,,-
,,,,,,,,,,,Death,,24-Apr-14,,ST LOUIS,,,NONE
2912,PALM DES,421001,Male,,1114,,,980,"6Y,2M,25D",,Birth/Hatch,,4-Feb-16,,NZP-WASH,,,115312
,,,,,,,,,,,Transfer,,2-May-18,,SD-WAP,,,618163
,,,,,,,,,,,Transfer,,12-Jan-21,,PALM DES,,,421001
2914,NZP-WASH,115313,Female,,1114,,,980,"0Y,0M,2D",,Birth/Hatch,,4-Feb-16,,NZP-WASH,,,115313
,,,,,,,,,,,Death,,6-Feb-16,,NZP-WASH,,,115313
2915,CINCINNAT,118015,Female,,1114,,,980,"6Y,2M,25D",,Birth/Hatch,,4-Feb-16,,NZP-WASH,,,115314
,,,,,,,,,,,Transfer,,4-Apr-18,,CINCINNAT,,,118015
2916,NZP-WASH,115315,Undetermined,,1114,,,980,"0Y,0M,0D",,Birth/Hatch,,4-Feb-16,,NZP-WASH,,,115315
,,,,,,,,,,,Death,,4-Feb-16,,NZP-WASH,,,115315
2917,ST LOUIS,119503,Male,,981,,,1109,"0Y,0M,0D",,Birth/Hatch,,23-Mar-16,,ST LOUIS,,,119503
,,,,,,,,,,,Death,,23-Mar-16,,ST LOUIS,,,119503
2918,SYRACUSE,M19154,Male,,981,,,1109,"6Y,1M,6D",,Birth/Hatch,,23-Mar-16,,ST LOUIS,,,119504
,,,,,,,,,,,Transfer,,9-Nov-16,,ATTLEBORO,,,116397
,,,,,,,,,,,Transfer,,7-Nov-19,,SYRACUSE,,,M19154
2919,EXOTIC EN,UNK,Male,,1029,,,2011,"0Y,1M,6D",,Birth/Hatch,,26-Jun-16,,SAFARI W,,,116079
,,,,,,,,,,,Transfer,,24-Jul-16,,EXOTIC EN,,,UNK
,,,,,,,,,,,Death,,"Aug 01, 2016 +/-
1 month",,EXOTIC EN,,,UNK
2920,EXOTIC EN,UNK,Male,,1029,,,2011,"0Y,1M,6D",,Birth/Hatch,,26-Jun-16,,SAFARI W,,,116080
,,,,,,,,,,,Transfer,,24-Jul-16,,EXOTIC EN,,,UNK
,,,,,,,,,,,Death,,"Aug 01, 2016 +/-
1 month",,EXOTIC EN,,,UNK
2921,ALENTADO,UNK,Female,,1029,,,2011,"0Y,1M,29D",,Birth/Hatch,,26-Jun-16,,SAFARI W,,,116081
,,,,,,,,,,,Transfer,,24-Jul-16,,EXOTIC EN,,,UNK
,,,,,,,,,,,Transfer,,21-Aug-16,,SAFARI W,,,116081
,,,,,,,,,,,Transfer,,24-Aug-16,,ALENTADO,,,UNK
,,,,,,,,,,,GO LTF,,24-Aug-16,,ALENTADO,,,UNK
2922,CHATTANOG,1248,Female,,1108,,,1021,"0Y,0M,1D",,Birth/Hatch,,26-Dec-16,,CHATTANOG,,,1248
,,,,,,,,,,,Death,,27-Dec-16,,CHATTANOG,,,1248
2923,NORFOLK,215101,Undetermined,,1036,,,986,"0Y,0M,3D",,Birth/Hatch,,29-Jul-15,,NORFOLK,,,215101
,,,,,,,,,,,Death,,1-Aug-15,,NORFOLK,,,215101
2924,NORFOLK,215102,Undetermined,,1036,,,986,"0Y,0M,3D",,Birth/Hatch,,29-Jul-15,,NORFOLK,,,215102
,,,,,,,,,,,Death,,1-Aug-15,,NORFOLK,,,215102
2925,SOUTHBEND,34277,Undetermined,,1057,,,1043,"0Y,0M,0D",,Birth/Hatch,,18-Mar-17,,SOUTHBEND,,,34277
,,,,,,,,,,,Death,,18-Mar-17,,SOUTHBEND,,,34277
2926,CHATTANOG,1257,Female,,1108,,,1021,"0Y,0M,0D",,Birth/Hatch,,2-Apr-17,,CHATTANOG,,,1257
,,,,,,,,,,,Death,,2-Apr-17,,CHATTANOG,,,1257
2927,MILWAUKEE,5989,Female,,983,,,1069,"0Y,0M,1D",,Birth/Hatch,,1-Apr-17,,MILWAUKEE,,,5989
,,,,,,,,,,,Death,,2-Apr-17,,MILWAUKEE,,,5989
2928,SOUTHBEND,34296,Undetermined,,1057,,,1043,"0Y,0M,1D",,Birth/Hatch,,18-Jun-17,,SOUTHBEND,,,34296
,,,,,,,,,,,Death,,19-Jun-17,,SOUTHBEND,,,34296
2929,SOUTHBEND,34297,Undetermined,,1057,,,1043,"0Y,0M,2D",,Birth/Hatch,,18-Jun-17,,SOUTHBEND,,,34297
,,,,,,,,,,,Death,,20-Jun-17,,SOUTHBEND,,,34297
2930,SOUTHBEND,34298,Undetermined,,1057,,,1043,"0Y,0M,3D",,Birth/Hatch,,18-Jun-17,,SOUTHBEND,,,34298
,,,,,,,,,,,Death,,21-Jun-17,,SOUTHBEND,,,34298
2931,SOUTHBEND,34299,Undetermined,,1057,,,1043,"0Y,0M,11D",,Birth/Hatch,,18-Jun-17,,SOUTHBEND,,,34299
,,,,,,,,,,,Death,,29-Jun-17,,SOUTHBEND,,,34299
2932,NEW BEDFO,2393,Male,,2918,,,1068,"4Y,8M,8D",,Birth/Hatch,,21-Aug-17,,ATTLEBORO,,,117410
,,,,,,,,,,,Transfer,,15-May-18,,FRANKLINP,,,A18032
,,,,,,,,,,,Transfer,,31-Jan-22,,NEW BEDFO,,,2393
2933,PALM DES,421007,Female,,2918,,,1068,"4Y,8M,8D",,Birth/Hatch,,21-Aug-17,,ATTLEBORO,,,117411
,,,,,,,,,,,Transfer,,21-Mar-18,,ST LOUIS,,,122512
,,,,,,,,,,,Transfer,,23-Mar-21,,PALM DES,,,421007
2934,NEW BEDFO,2168,Female,,2918,,,1068,"4Y,1M,22D",,Birth/Hatch,,7-Mar-18,,ATTLEBORO,,,118416
,,,,,,,,,,,Transfer,,16-Nov-18,,NEW BEDFO,,,2168
2935,KANSASCTY,M22004,Female,,2918,,,1068,"4Y,1M,22D",,Birth/Hatch,,7-Mar-18,,ATTLEBORO,,,118417
,,,,,,,,,,,Transfer,,16-Nov-18,,NEW BEDFO,,,2169
,,,,,,,,,,,Transfer,,16-Sep-19,,TAUTPHAUS,,,19M013
,,,,,,,,,,,Transfer,,21-Apr-22,,KANSASCTY,,,M22004
2936,ST LOUIS,125477,Male,,2918,,,1068,"4Y,1M,22D",,Birth/Hatch,,7-Mar-18,,ATTLEBORO,,,118418
,,,,,,,,,,,Transfer,,16-Nov-18,,NEW BEDFO,,,2170
,,,,,,,,,,,Transfer,,4-Mar-20,,ST LOUIS,,,125477
2937,NEW BEDFO,2339,Female,,WILD,,,WILD,"5Y,1M,20D",,Birth/Hatch,,"Mar 09, 2017 +/- 9 month",,Undetermined,,,-
,,,,,,,,,,,Wild Capture,,"Mar 09, 2018 +/- 8 month",,Undetermined,,,-
,,,,,,,,,,,Transfer,,9-Mar-18,,USFWS,,,NONE
,,,,,,,,,,,Transfer,,9-Mar-18,,LOSANGELE,,,994686
,,,,,,,,,,,Transfer,,8-Jan-19,,ST LOUIS,,,124220
,,,,,,,,,,,Transfer,,2-Dec-20,,NEW BEDFO,,,2339
2938,LOSANGELE,994687,Undetermined,,WILD,,,2937,"0Y,0M,3D",,Birth/Hatch,,"Mar 09, 2018 +/- 1 month",,Undetermined,,,-
,,,,,,,,,,,Transfer,,9-Mar-18,,USFWS,,,NONE
,,,,,,,,,,,Transfer,,9-Mar-18,,LOSANGELE,,,994687
,,,,,,,,,,,Death,,12-Mar-18,,LOSANGELE,,,994687
2939,LOSANGELE,994688,Undetermined,,WILD,,,2937,"0Y,0M,3D",,Birth/Hatch,,"Mar 09, 2018 +/- 1 month",,Undetermined,,,-
,,,,,,,,,,,Transfer,,9-Mar-18,,USFWS,,,NONE
,,,,,,,,,,,Transfer,,9-Mar-18,,LOSANGELE,,,994688
,,,,,,,,,,,Death,,12-Mar-18,,LOSANGELE,,,994688
2940,CHATTANOG,1154,Female,,1088,,,1086,"0Y,0M,1D",,Birth/Hatch,,11-Sep-13,,CHATTANOG,,,1154
,,,,,,,,,,,Death,,12-Sep-13,,CHATTANOG,,,1154
2941,CHATTANOG,1155,Undetermined,,1088,,,1086,"0Y,0M,1D",,Birth/Hatch,,11-Sep-13,,CHATTANOG,,,1155
,,,,,,,,,,,Death,,12-Sep-13,,CHATTANOG,,,1155
2942,TAUTPHAUS,19M007,Male,,UND,,,UND,"10Y,7M,19D",,Birth/Hatch,,10-Sep-11,,DIVIDE,,,77800
,,,,,,,,,,,Transfer,,13-Jul-19,,TAUTPHAUS,,,19M007
2943,MILWAUKEE,6163,Male,,1113,,,1139,"2Y,3M,21D",,Birth/Hatch,,8-Jan-20,,COAL VAL,,,M2419
,,,,,,,,,,,Transfer,,12-Jun-21,,MILWAUKEE,,,6163
2944,CALSCICTR,UNK,Male,,1113,,,1139,"2Y,3M,21D",,Birth/Hatch,,8-Jan-20,,COAL VAL,,,M2420
,,,,,,,,,,,Transfer,,28-May-21,,CALSCICTR,,,UNK
2945,MILWAUKEE,6164,Male,,1113,,,1139,"2Y,3M,21D",,Birth/Hatch,,8-Jan-20,,COAL VAL,,,M2421
,,,,,,,,,,,Transfer,,12-Jun-21,,MILWAUKEE,,,6164
2946,COAL VAL,M2422,Male,,1113,,,1139,"2Y,3M,21D",,Birth/Hatch,,8-Jan-20,,COAL VAL,,,M2422
2947,HATTIESBG,579,Male,,UND,,,UND,"5Y,1M,5D",,Birth/Hatch,,"Mar 24, 2017 +/- 6 month",,PRIVATE,,,UNK
,,,,,,,,,,,Transfer,,19-Sep-19,,HATTIESBG,,,579
2948,NEW BEDFO,2381,Male,,1113,,,1139,"1Y,2M,25D",,Birth/Hatch,,4-Feb-21,,COAL VAL,,,M2471
,,,,,,,,,,,Transfer,,25-Jul-21,,NEW BEDFO,,,2381
2949,NY BRONX,E21016,Male,,1113,,,1139,"1Y,2M,25D",,Birth/Hatch,,4-Feb-21,,COAL VAL,,,M2472
,,,,,,,,,,,Transfer,,2-Jun-21,,NY BRONX,,,E21016
2950,PRIVATE,UNK,Male,,1113,,,1139,"0Y,5M,20D",,Birth/Hatch,,4-Feb-21,,COAL VAL,,,M2473
,,,,,,,,,,,Transfer,,24-Jul-21,,PRIVATE,,,UNK
,,,,,,,,,,,GO LTF,,24-Jul-21,,PRIVATE,,,UNK
2951,TAUTPHAUS,22M010,Female,,UND,,,UND,"3Y,9M,27D",,Birth/Hatch,,"~ from Jan 01, 2018 to
Dec 31, 2018",,Undetermined,,,-
,,,,,,,,,,,Transfer,,27-Jul-20,,PORTLAND,,,C00047
,,,,,,,,,,,Transfer,,21-Apr-22,,TAUTPHAUS,,,22M010
2952,COAL VAL,M2484,Female,,UND,,,UND,"2Y,10M,12D",,Birth/Hatch,,"~ from Jan 01, 2019 to
Dec 01, 2019",,Undetermined,,,-
,,,,,,,,,,,Transfer,,7-Dec-21,,COAL VAL,,,M2484
2953,FRANKLINP,A21027,Female,,UND,,,UND,"4Y,9M,27D",,Birth/Hatch,,"~ from Jan 01, 2017 to
Dec 31, 2017",,Undetermined,,,-
,,,,,,,,,,,GO LTF,,"~ from Jan 01, 2017 to
Dec 31, 2017",,Undetermined,,,-
,,,,,,,,,,,Return from LTF,,16-Dec-21,,WILDCARE,,,21-2217
,,,,,,,,,,,Transfer,,16-Dec-21,,FRANKLINP,,,A21027