ID,Sex,Birth_Date,Sire,Dam,Event_Type,Date,Location
T1002,Male,"Oct 03, 1890",UND,UND,Birth/Ha tch,"Oct 03, 1890",PRIVATE
,,,,,Transfer,"Sep 12, 1891",NZP-WASH
,,,,,Transfer,"Apr 10, 1894",PRIVATE
,,,,,GO LTF,"Apr 10, 1894",PRIVATE
T1003,Male,"Nov 07, 1890 +/-
6 month",UND,UND,"Birth/Ha
tch","Nov 07, 1890 +/-
6 month",PRIVATE
,,,,,Transfer,"Nov 07, 1893",NZP-WASH
,,,,,Transfer,"Apr 01, 1894",PRIVATE
,,,,,GO LTF,"Apr 01, 1894",PRIVATE
T1004,Female,"Nov 07, 1890 +/-
6 month",UND,UND,Birth/Ha tch,"Nov 07, 1890 +/-
6 month",PRIVATE
,,,,,Transfer,"Nov 07, 1893",NZP-WASH
,,,,,Transfer,"Apr 09, 1894",PRIVATE
,,,,,GO LTF,"Apr 09, 1894",PRIVATE
T1005,Male,"Apr 06, 1891 +/-
6 month",UND,UND,"Birth/Ha
tch","Apr 06, 1891 +/-
6 month",Undetermined
,,,,,Transfer,Undetermined,PRIVATE
,,,,,Transfer,"Apr 05, 1895",NZP-WASH
,,,,,Transfer,"Dec 07, 1900",PRIVATE
,,,,,GO LTF,"Dec 07, 1900",PRIVATE
T1006,Male,"Nov 07, 1891 +/-
6 month",UND,UND,"Birth/Ha
tch","Nov 07, 1891 +/-
6 month",PRIVATE
,,,,,Transfer,"Nov 07, 1893",NZP-WASH
,,,,,Transfer,"Apr 09, 1894",PRIVATE
,,,,,GO LTF,"Apr 09, 1894",PRIVATE
T1007,Female,"Nov 07, 1891 +/-
6 month",UND,UND,"Birth/Ha
tch","Nov 07, 1891 +/-
6 month",PRIVATE
,,,,,Transfer,"Nov 07, 1893",NZP-WASH
,,,,,Transfer,"Apr 09, 1894",PRIVATE
,,,,,GO LTF,"Apr 09, 1894",PRIVATE
T1008,Male,"Sep 15, 1893 +/- 15 day",WILD,WIL D,Birth/Ha tch,"Sep 15, 1893 +/- 15 day",S.AFRICA
,,,,,Wild Capture,Undetermined,S.AFRICA
,,,,,Transfer,Undetermined,PRIVATE
,,,,,Transfer,"Mar 16, 1894",NZP-WASH
,,,,,Death,"Aug 15, 1907",NZP-WASH
T1009,Male,Undetermined,UND,UND,"Birth/Ha
tch",Undetermined,Undetermined
,,,,,Transfer,Undetermined,PRIVATE
,,,,,Transfer,"Apr 10, 1894",NZP-WASH
,,,,,Death,"Mar 31, 1896",NZP-WASH
T1010,Female,Undetermined,UND,UND,"Birth/Ha
tch",Undetermined,Undetermined
,,,,,Transfer,Undetermined,PRIVATE
,,,,,Transfer,"Apr 05, 1895",NZP-WASH
,,,,,Death,"Apr 26, 1901",NZP-WASH
T1011,Male,"Sep 25, 1895",UND,T10 10,Birth/Ha tch,"Sep 25, 1895",NZP-WASH
,,,,,Transfer,"May 08, 1899",PRIVATE
,,,,,GO LTF,"May 08, 1899",PRIVATE
T1012,Female,"Sep 25, 1895",UND,"T10
10","Birth/Ha
tch","Sep 25, 1895",NZP-WASH
,,,,,Death,"Aug 25, 1896",NZP-WASH
T1013,Female,"Sep 25, 1895",UND,"T10
10","Birth/Ha
tch","Sep 25, 1895",NZP-WASH
,,,,,Death,"Jan 04, 1896",NZP-WASH
T1014,Female,"Sep 25, 1895",UND,"T10
10","Birth/Ha
tch","Sep 25, 1895",NZP-WASH
,,,,,Death,"Sep 30, 1895",NZP-WASH
T1015,Male,"Jul 11, 1897",T1008,UND,Birth/Ha tch,"Jul 11, 1897",NZP-WASH
,,,,,Transfer,"Dec 17, 1900",PRIVATE
,,,,,GO LTF,"Dec 17, 1900",PRIVATE
T1016,Male,"May 29, 1898",UND,UND,"Birth/Ha
tch","May 29, 1898",NZP-WASH
,,,,,Death,"Jun 30, 1902",NZP-WASH
T1017,Male,"May 29, 1898",UND,UND,Birth/Ha tch,"May 29, 1898",NZP-WASH
,,,,,Death,"May 03, 1899",NZP-WASH
T1018,Male,"May 29, 1898",UND,UND,Birth/Ha tch,"May 29, 1898",NZP-WASH
,,,,,Transfer,"Jul 15, 1898",PRIVATE
,,,,,GO LTF,"Jul 15, 1898",PRIVATE
T1019,Male,"Apr 19, 1899",UND,UND,"Birth/Ha
tch","Apr 19, 1899",NZP-WASH
,,,,,Death,"Sep 09, 1899",NZP-WASH
T1020,Male,"Apr 19, 1899",UND,UND,"Birth/Ha
tch","Apr 19, 1899",NZP-WASH
,,,,,Transfer,"Dec 17, 1900",PRIVATE
,,,,,GO LTF,"Dec 17, 1900",PRIVATE
T1021,Male,"Apr 19, 1899",UND,UND,Birth/Ha tch,"Apr 19, 1899",NZP-WASH
,,,,,Transfer,"Feb 12, 1901",PRIVATE
,,,,,GO LTF,"Feb 12, 1901",PRIVATE
T1022,Male,"Apr 19, 1899",UND,UND,"Birth/Ha
tch","Apr 19, 1899",NZP-WASH
,,,,,Transfer,"Aug 11, 1899",PRIVATE
,,,,,GO LTF,"Aug 11, 1899",PRIVATE
T1023,Female,Undetermined,UND,UND,Birth/Ha tch,Undetermined,Undetermined
,,,,,Transfer,Undetermined,PRIVATE
,,,,,Transfer,"Jun 11, 1899",NZP-WASH
,,,,,Transfer,"Dec 31, 1899",PRIVATE
,,,,,GO LTF,"Dec 31, 1899",PRIVATE
T1024,Female,Undetermined,UND,UND,Birth/Ha tch,Undetermined,Undetermined
,,,,,Transfer,Undetermined,PRIVATE
,,,,,Transfer,"Jun 11, 1899",NZP-WASH
,,,,,Transfer,"Dec 31, 1899",PRIVATE
,,,,,GO LTF,"Dec 31, 1899",PRIVATE
T1025,Female,"Dec 05, 1899 +/- 15 day",WILD,"WIL
D","Birth/Ha
tch","Dec 05, 1899 +/- 15 day",Somalia / ~
,,,,,Wild Capture,Undetermined,Somalia / ~
,,,,,Transfer,Undetermined,PRIVATE
,,,,,Transfer,"Aug 05, 1900",NZP-WASH
,,,,,Death,"Jan 12, 1909",NZP-WASH
T1026,Male,"Dec 05, 1899 +/- 15 day",WILD,"WIL
D","Birth/Ha
tch","Dec 05, 1899 +/- 15 day",Somalia / ~
,,,,,"Wild
Capture",Undetermined,Somalia / ~
,,,,,Transfer,Undetermined,PRIVATE
,,,,,Transfer,"Aug 05, 1900",NZP-WASH
,,,,,Transfer,"Dec 31, 1901",PRIVATE
,,,,,Death,"Dec 31, 1902",PRIVATE
T1027,Female,"Dec 18, 1899 +/-
6 month",WILD,"WIL
D","Birth/Ha
tch","Dec 18, 1899 +/-
6 month",Somalia / ~
,,,,,"Wild
Capture",Undetermined,Somalia / ~
,,,,,Transfer,Undetermined,PRIVATE
,,,,,Transfer,"Dec 17, 1902",NZP-WASH
,,,,,Death,"Jun 15, 1918",NZP-WASH
T1028,Female,Undetermined,UND,UND,Birth/Ha tch,Undetermined,Undetermined
,,,,,Transfer,"Jan 01, 1901",MEMPHIS
,,,,,Transfer,"Feb 09, 1954",PRIVATE
,,,,,GO LTF,"Feb 09, 1954",PRIVATE
T1029,Female,"Apr 23, 1901",UND,"T10
10","Birth/Ha
tch","Apr 23, 1901",NZP-WASH
,,,,,Death,"Apr 26, 1901",NZP-WASH
T1030,Undeter mined,"Apr 23, 1901",UND,T10 10,Birth/Ha tch,"Apr 23, 1901",NZP-WASH
,,,,,Death,"Apr 23, 1901",NZP-WASH
T1031,Undeter mined,"Apr 23, 1901",UND,T10 10,Birth/Ha tch,"Apr 23, 1901",NZP-WASH
,,,,,Death,"Apr 23, 1901",NZP-WASH
T1032,"Undeter
mined","Apr 23, 1901",UND,"T10
10","Birth/Ha
tch","Apr 23, 1901",NZP-WASH
,,,,,Death,"Apr 23, 1901",NZP-WASH
T1033,Male,"Jan 10, 1902",T1026,T10 25,Birth/Ha tch,"Jan 10, 1902",NZP-WASH
,,,,,Death,"Jan 14, 1902",NZP-WASH
T1034,Male,"Jan 10, 1902",T1026,"T10
25","Birth/Ha
tch","Jan 10, 1902",NZP-WASH
,,,,,Death,"Jan 13, 1902",NZP-WASH
T1035,Male,"Jul 16, 1902",T1026,"T10
25","Birth/Ha
tch","Jul 16, 1902",NZP-WASH
,,,,,Death,"Jul 26, 1902",NZP-WASH
T1036,Male,Undetermined,UND,UND,"Birth/Ha
tch",Undetermined,Undetermined
,,,,,Transfer,Undetermined,PRIVATE
,,,,,Transfer,"Oct 17, 1902",NY BRONX
,,,,,Death,"Mar 30, 1903",NY BRONX
T1037,Female,Undetermined,UND,UND,"Birth/Ha
tch",Undetermined,Undetermined
,,,,,Transfer,Undetermined,PRIVATE
,,,,,Transfer,"Oct 17, 1902",NY BRONX
,,,,,Death,"Jan 03, 1904",NY BRONX
T1038,Male,Undetermined,UND,UND,Birth/Ha tch,Undetermined,Undetermined
,,,,,Transfer,Undetermined,PRIVATE
,,,,,Transfer,"Oct 17, 1902",NY BRONX
,,,,,Death,"Feb 18, 1905",NY BRONX
T1039,Male,Undetermined,UND,UND,"Birth/Ha
tch",Undetermined,Undetermined
,,,,,Transfer,Undetermined,PRIVATE
,,,,,Transfer,"Oct 17, 1902",NY BRONX
,,,,,Death,"Jun 08, 1915",NY BRONX
T1040,Female,Undetermined,UND,UND,"Birth/Ha
tch",Undetermined,Undetermined
,,,,,Transfer,Undetermined,PRIVATE
,,,,,Transfer,"Oct 17, 1902",NY BRONX
,,,,,Death,"Jun 26, 1914",NY BRONX
T1041,Female,Undetermined,UND,UND,Birth/Ha tch,Undetermined,Undetermined
,,,,,Transfer,Undetermined,PRIVATE
,,,,,Transfer,"Oct 17, 1902",NY BRONX
,,,,,Death,"Jan 31, 1908",NY BRONX
T1042,Male,"Nov 01, 1902",T1039,"T10
40","Birth/Ha
tch","Nov 01, 1902",NY BRONX
,,,,,Death,"Apr 25, 1914",NY BRONX
T1043,Male,"Dec 01, 1902",T1039,"T10
40","Birth/Ha
tch","Dec 01, 1902",NY BRONX
,,,,,Transfer,"Aug 06, 1914",PRIVATE
,,,,,GO LTF,"Aug 06, 1914",PRIVATE
T1044,Undeter mined,"Mar 28, 1903",T1038,T10 41,Birth/Ha tch,"Mar 28, 1903",NY BRONX
,,,,,Death,"Mar 30, 1903",NY BRONX
T1045,Female,"Mar 28, 1903",T1038,"T10
41","Birth/Ha
tch","Mar 28, 1903",NY BRONX
,,,,,Death,"Jun 28, 1903",NY BRONX
T1046,Male,Undetermined,WILD,"WIL
D","Birth/Ha
tch",Undetermined,Sudan / ~
,,,,,"Wild
Capture",Undetermined,Sudan / ~
,,,,,Transfer,Undetermined,PRIVATE
,,,,,Transfer,"May 30, 1903",NZP-WASH
,,,,,Death,"Aug 01, 1910",NZP-WASH
T1047,Male,"Jul 19, 1903 +/- 15 day",WILD,WIL D,Birth/Ha tch,"Jul 19, 1903 +/- 15 day",Ethiopia / ~
,,,,,Wild Capture,Undetermined,Ethiopia / ~
,,,,,Transfer,Undetermined,PRIVATE
,,,,,Transfer,"Mar 19, 1904",NZP-WASH
,,,,,Death,"Nov 13, 1906",NZP-WASH
T1048,Female,"Aug 25, 1903 +/- 15 day",WILD,"WIL
D","Birth/Ha
tch","Aug 25, 1903 +/- 15 day",Ethiopia / ~
,,,,,"Wild
Capture",Undetermined,Ethiopia / ~
,,,,,Transfer,Undetermined,PRIVATE
,,,,,Transfer,"Nov 24, 1904",NZP-WASH
,,,,,Death,"Jan 01, 1905",NZP-WASH
T1049,"Undeter
mined","Jan 29, 1904",T1039,"T10
40","Birth/Ha
tch","Jan 29, 1904",NY BRONX
,,,,,Death,"Jan 29, 1904",NY BRONX
T1050,"Undeter
mined","Jan 29, 1904",T1039,"T10
40","Birth/Ha
tch","Jan 29, 1904",NY BRONX
,,,,,Death,"Jan 29, 1904",NY BRONX
T1051,Undeter mined,"Jan 29, 1904",T1039,T10 40,Birth/Ha tch,"Jan 29, 1904",NY BRONX
,,,,,Death,"Jan 31, 1904",NY BRONX
T1052,Male,"Jun 01, 1904 +/- 15 day",WILD,WIL D,Birth/Ha tch,"Jun 01, 1904 +/- 15 day",Ethiopia / ~
,,,,,Wild Capture,Undetermined,Ethiopia / ~
,,,,,Transfer,Undetermined,PRIVATE
,,,,,Transfer,"Jan 31, 1906",NZP-WASH
,,,,,Death,"Oct 13, 1911",NZP-WASH
T1053,Undeter mined,"Jul 09, 1904",T1039,UND,Birth/Ha tch,"Jul 09, 1904",NY BRONX
,,,,,Death,"Oct 15, 1904",NY BRONX
T1054,Undeter mined,"Jul 09, 1904",T1039,T10 41,Birth/Ha tch,"Jul 09, 1904",NY BRONX
,,,,,Death,"Jul 18, 1904",NY BRONX
T1055,Female,Undetermined,UND,UND,Birth/Ha tch,Undetermined,Undetermined
,,,,,Transfer,Undetermined,PRIVATE
,,,,,Transfer,"Nov 08, 1904",NY BRONX
,,,,,Transfer,"Nov 23, 1904",NZP-WASH
,,,,,GO LTF,"Nov 23, 1904",NZP-WASH
T1056,Undeter mined,"Nov 17, 1904",UND,UND,Birth/Ha tch,"Nov 17, 1904",NY BRONX
,,,,,Death,"Nov 17, 1904",NY BRONX
T1057,"Undeter
mined","May 15, 1905",T1039,"T10
41","Birth/Ha
tch","May 15, 1905",NY BRONX
,,,,,Death,"May 15, 1905",NY BRONX
T1058,Undeter mined,"May 15, 1905",T1039,T10 41,Birth/Ha tch,"May 15, 1905",NY BRONX
,,,,,Death,"May 17, 1905",NY BRONX
T1059,"Undeter
mined","May 17, 1905",UND,"T10
40","Birth/Ha
tch","May 17, 1905",NY BRONX
,,,,,Death,"May 17, 1905",NY BRONX
T1060,"Undeter
mined","May 17, 1905",UND,"T10
40","Birth/Ha
tch","May 17, 1905",NY BRONX
,,,,,Death,"May 17, 1905",NY BRONX
T1061,Female,"Aug 01, 1905 +/- 15 day",UND,UND,"Birth/Ha
tch","Aug 01, 1905 +/- 15 day",Undetermined
,,,,,Transfer,Undetermined,PRIVATE
,,,,,Transfer,"Feb 22, 1908",MILWAUKEE
,,,,,Death,"Oct 23, 1923",MILWAUKEE
T1062,Male,"Dec 05, 1905 +/-
6 month",UND,UND,"Birth/Ha
tch","Dec 05, 1905 +/-
6 month",Undetermined
,,,,,Transfer,Undetermined,PRIVATE
,,,,,Transfer,"Dec 05, 1907",MILWAUKEE
,,,,,Death,"Mar 27, 1908",MILWAUKEE
T1063,Undeter mined,"Mar 25, 1906",T1039,T10 40,Birth/Ha tch,"Mar 25, 1906",NY BRONX
,,,,,Death,"Mar 25, 1906",NY BRONX
T1064,"Undeter
mined","Mar 25, 1906",T1039,"T10
40","Birth/Ha
tch","Mar 25, 1906",NY BRONX
,,,,,Death,"Mar 25, 1906",NY BRONX
T1065,"Undeter
mined","Mar 29, 1906",T1039,"T10
40","Birth/Ha
tch","Mar 29, 1906",NY BRONX
,,,,,Death,"Mar 29, 1906",NY BRONX
T1066,"Undeter
mined","Apr 06, 1907",T1039,"T10
40","Birth/Ha
tch","Apr 06, 1907",NY BRONX
,,,,,Death,"Apr 06, 1907",NY BRONX
T1067,"Undeter
mined","Apr 06, 1907",T1039,"T10
40","Birth/Ha
tch","Apr 06, 1907",NY BRONX
,,,,,Death,"Apr 06, 1907",NY BRONX
T1068,Undeter mined,"Apr 06, 1907",T1039,T10 41,Birth/Ha tch,"Apr 06, 1907",NY BRONX
,,,,,Death,"Apr 07, 1907",NY BRONX
T1069,Undeter mined,"Apr 06, 1907",T1039,T10 41,Birth/Ha tch,"Apr 06, 1907",NY BRONX
,,,,,Death,"Apr 07, 1907",NY BRONX
T1070,"Undeter
mined","Apr 06, 1907",T1039,"T10
41","Birth/Ha
tch","Apr 06, 1907",NY BRONX
,,,,,Death,"Apr 07, 1907",NY BRONX
T1071,"Undeter
mined","Apr 06, 1907",T1039,"T10
40","Birth/Ha
tch","Apr 06, 1907",NY BRONX
,,,,,Death,"Apr 06, 1907",NY BRONX
T1072,Female,"Jun 20, 1907 +/- 15 day",WILD,"WIL
D","Birth/Ha
tch","Jun 20, 1907 +/- 15 day",Kenya / ~
,,,,,"Wild
Capture",Undetermined,Kenya / ~
,,,,,Transfer,Undetermined,PRIVATE
,,,,,Transfer,"Dec 19, 1909",NZP-WASH
,,,,,Death,"Dec 25, 1913",NZP-WASH
T1073,Female,"Jun 20, 1907 +/- 15 day",WILD,"WIL
D","Birth/Ha
tch","Jun 20, 1907 +/- 15 day",Kenya / ~
,,,,,Wild Capture,Undetermined,Kenya / ~
,,,,,Transfer,Undetermined,PRIVATE
,,,,,Transfer,"Dec 19, 1909",NZP-WASH
,,,,,Death,"Feb 14, 1915",NZP-WASH
T1074,Female,Undetermined,UND,UND,"Birth/Ha
tch",Undetermined,Undetermined
,,,,,Transfer,Undetermined,PRIVATE
,,,,,Transfer,"Dec 05, 1907",MILWAUKEE
,,,,,Transfer,"Dec 05, 1907",PRIVATE
,,,,,GO LTF,"Dec 05, 1907",PRIVATE
T1075,Male,"Dec 20, 1907 +/-
6 month",WILD,"WIL
D","Birth/Ha
tch","Dec 20, 1907 +/-
6 month",Kenya / ~
,,,,,"Wild
Capture",Undetermined,Kenya / ~
,,,,,Transfer,Undetermined,PRIVATE
,,,,,Transfer,"Dec 19, 1909",NZP-WASH
,,,,,Death,"Jul 01, 1915",NZP-WASH
T1076,Male,"Jan 19, 1908 +/- 15 day",WILD,"WIL
D","Birth/Ha
tch","Jan 19, 1908 +/- 15 day",Kenya / ~
,,,,,"Wild
Capture",Undetermined,Kenya / ~
,,,,,Transfer,Undetermined,PRIVATE
,,,,,Transfer,"Dec 19, 1909",NZP-WASH
,,,,,Death,"Mar 01, 1914",NZP-WASH
T1077,Female,"Feb 18, 1908 +/- 15 day",WILD,"WIL
D","Birth/Ha
tch","Feb 18, 1908 +/- 15 day",Kenya / ~
,,,,,Wild Capture,Undetermined,Kenya / ~
,,,,,Transfer,Undetermined,PRIVATE
,,,,,Transfer,"Dec 19, 1909",NZP-WASH
,,,,,Death,"Mar 22, 1913",NZP-WASH
T1078,Male,Undetermined,UND,UND,"Birth/Ha
tch",Undetermined,Undetermined
,,,,,Transfer,Undetermined,PRIVATE
,,,,,Transfer,"May 31, 1908",NY BRONX
,,,,,Death,"Oct 03, 1922",NY BRONX
T1079,Male,Undetermined,UND,UND,"Birth/Ha
tch",Undetermined,Undetermined
,,,,,Transfer,Undetermined,PRIVATE
,,,,,Transfer,"May 31, 1908",NY BRONX
,,,,,Death,"Aug 18, 1909",NY BRONX
T1080,Male,Undetermined,UND,UND,"Birth/Ha
tch",Undetermined,Undetermined
,,,,,Transfer,Undetermined,PRIVATE
,,,,,Transfer,"Jun 04, 1908",MILWAUKEE
,,,,,Transfer,"Jul 29, 1915",PRIVATE
,,,,,GO LTF,"Jul 29, 1915",PRIVATE
T1081,Female,Undetermined,UND,UND,Birth/Ha tch,Undetermined,Undetermined
,,,,,Transfer,Undetermined,PRIVATE
,,,,,Transfer,"Feb 27, 1909",NZP-WASH
,,,,,Death,"Mar 14, 1914",NZP-WASH
T1082,"Undeter
mined",Undetermined,UND,UND,"Birth/Ha
tch",Undetermined,Undetermined
,,,,,Transfer,Undetermined,PRIVATE
,,,,,Transfer,"Dec 15, 1909",FORTWORTH
,,,,,Death,"Dec 31, 1909",FORTWORTH
T1083,Female,Undetermined,UND,UND,Birth/Ha tch,Undetermined,Undetermined
,,,,,Transfer,Undetermined,PRIVATE
,,,,,Transfer,"Jun 15, 1910",NY BRONX
,,,,,Death,"Oct 28, 1921",NY BRONX
T1084,Male,"Jan 01, 1913 +/-
6 month",WILD,"WIL
D","Birth/Ha
tch","Jan 01, 1913 +/-
6 month",Undetermined
,,,,,"Wild
Capture",Undetermined,Undetermined
,,,,,Transfer,Undetermined,PRIVATE
,,,,,Transfer,"Mar 14, 1914",NZP-WASH
,,,,,Death,"Aug 24, 1929",NZP-WASH
T1085,Male,"Jan 01, 1913 +/-
6 month",UND,UND,"Birth/Ha
tch","Jan 01, 1913 +/-
6 month",Undetermined
,,,,,Transfer,Undetermined,PRIVATE
,,,,,Transfer,"Mar 14, 1914",NZP-WASH
,,,,,Death,"Mar 27, 1931",NZP-WASH
T1086,Male,"Jan 01, 1914 +/-
6 month",UND,UND,Birth/Ha tch,"Jan 01, 1914 +/-
6 month",Undetermined
,,,,,Transfer,Undetermined,PRIVATE
,,,,,Transfer,"Sep 09, 1922",NY BRONX
,,,,,Death,"Jul 13, 1928",NY BRONX
T1087,Male,Undetermined,UND,UND,Birth/Ha tch,Undetermined,Undetermined
,,,,,Transfer,"Apr 26, 1915",MILWAUKEE
,,,,,Death,"Jan 30, 1922",MILWAUKEE
T1088,Female,Undetermined,UND,UND,Birth/Ha tch,Undetermined,Undetermined
,,,,,Transfer,Undetermined,PRIVATE
,,,,,Transfer,"Jun 29, 1915",NY BRONX
,,,,,Death,"Apr 13, 1922",NY BRONX
T1089,Female,"Oct 22, 1915",UND,UND,"Birth/Ha
tch","Oct 22, 1915",NY BRONX
,,,,,Transfer,"Apr 20, 1916",NZP-WASH
,,,,,Transfer,"Jun 17, 1921",BALTIMORE
,,,,,GO LTF,"Jun 17, 1921",BALTIMORE
T1090,Male,"Oct 22, 1915",UND,UND,Birth/Ha tch,"Oct 22, 1915",NY BRONX
,,,,,Transfer,"Apr 20, 1916",NZP-WASH
,,,,,Transfer,"Jun 17, 1921",BALTIMORE
,,,,,GO LTF,"Jun 17, 1921",BALTIMORE
T1091,Male,"Feb 28, 1916",UND,UND,"Birth/Ha
tch","Feb 28, 1916",MILWAUKEE
,,,,,Death,"Apr 07, 1917",MILWAUKEE
T1092,Male,"Sep 24, 1916 +/-
6 month",UND,UND,Birth/Ha tch,"Sep 24, 1916 +/-
6 month",PRIVATE
,,,,,Transfer,"Sep 23, 1922",NY BRONX
,,,,,Death,"Dec 28, 1931",NY BRONX
T1093,Female,"Jan 01, 1917 +/- 15 day",UND,UND,"Birth/Ha
tch","Jan 01, 1917 +/- 15 day",Undetermined
,,,,,Transfer,Undetermined,PRIVATE
,,,,,Transfer,"Jan 01, 1919",SANDIEGOZ
,,,,,Transfer,"Oct 09, 1925",HONOLULU
,,,,,GO LTF,"Oct 09, 1925",HONOLULU
T1094,Male,"Jan 01, 1917 +/- 15 day",UND,UND,"Birth/Ha
tch","Jan 01, 1917 +/- 15 day",Undetermined
,,,,,Transfer,Undetermined,PRIVATE
,,,,,Transfer,"Jan 01, 1919",SANDIEGOZ
,,,,,Death,"Jan 01, 1930",SANDIEGOZ
T1095,Female,"Jun 22, 1917",UND,T10 61,Birth/Ha tch,"Jun 22, 1917",MILWAUKEE
,,,,,Death,"Feb 23, 1932",MILWAUKEE
T1096,Female,"Sep 30, 1918 +/-
6 month",UND,UND,Birth/Ha tch,"Sep 30, 1918 +/-
6 month",Undetermined
,,,,,Transfer,Undetermined,PRIVATE
,,,,,Transfer,"Sep 29, 1920",NY BRONX
,,,,,Death,"Sep 15, 1929",NY BRONX
T1097,Female,"Oct 01, 1918",UND,"T10
61","Birth/Ha
tch","Oct 01, 1918",MILWAUKEE
,,,,,Death,"Oct 16, 1931",MILWAUKEE
T1098,Male,"Nov 20, 1918 +/- 15 day",UND,UND,"Birth/Ha
tch","Nov 20, 1918 +/- 15 day",Undetermined
,,,,,Transfer,Undetermined,PRIVATE
,,,,,Transfer,"May 22, 1919",NZP-WASH
,,,,,Death,"Jun 02, 1919",NZP-WASH
T1099,Female,"Jul 08, 1919 +/- 6 month",UND,UND,"Birth/Ha
tch","Jul 08, 1919 +/- 6 month",Undetermined
,,,,,Transfer,Undetermined,PRIVATE
,,,,,Transfer,"Jul 07, 1921",NZP-WASH
,,,,,Death,"Feb 20, 1930",NZP-WASH
T1100,Male,Undetermined,UND,UND,Birth/Ha tch,Undetermined,Undetermined
,,,,,Transfer,Undetermined,PRIVATE
,,,,,Transfer,"Feb 01, 1920",DALLAS
,,,,,Transfer,"Feb 28, 1938",UNDETERMI
,,,,,GO LTF,"Feb 28, 1938",UNDETERMI
T1101,Female,Undetermined,UND,UND,"Birth/Ha
tch",Undetermined,Undetermined
,,,,,Transfer,Undetermined,PRIVATE
,,,,,Transfer,"Feb 01, 1920",DALLAS
,,,,,Transfer,"Jul 18, 1938",PRIVATE
,,,,,GO LTF,"Jul 18, 1938",PRIVATE
T1102,"Undeter
mined","Mar 02, 1921",UND,UND,"Birth/Ha
tch","Mar 02, 1921",MILWAUKEE
,,,,,Transfer,"Jan 14, 1922",PRIVATE
,,,,,GO LTF,"Jan 14, 1922",PRIVATE
T1103,Undeter mined,"Mar 02, 1921",UND,UND,Birth/Ha tch,"Mar 02, 1921",MILWAUKEE
,,,,,Transfer,"Jan 14, 1922",PRIVATE
,,,,,GO LTF,"Jan 14, 1922",PRIVATE
T1104,Male,Undetermined,UND,UND,Birth/Ha tch,Undetermined,Undetermined
,,,,,Transfer,Undetermined,PRIVATE
,,,,,Transfer,"Feb 27, 1922",MILWAUKEE
,,,,,Death,"Feb 02, 1931",MILWAUKEE
T1105,Female,Undetermined,UND,UND,"Birth/Ha
tch",Undetermined,Undetermined
,,,,,Transfer,Undetermined,PRIVATE
,,,,,Transfer,"Sep 09, 1922",NY BRONX
,,,,,Death,"Jul 19, 1923",NY BRONX
T1106,Female,"Sep 10, 1922",UND,UND,"Birth/Ha
tch","Sep 10, 1922",NZP-WASH
,,,,,Death,"Oct 18, 1922",NZP-WASH
T1107,Male,Undetermined,UND,UND,"Birth/Ha
tch",Undetermined,Undetermined
,,,,,Transfer,"Jan 01, 1923",FORTWORTH
,,,,,Death,"Jan 01, 1933",FORTWORTH
T1108,Female,Undetermined,UND,UND,"Birth/Ha
tch",Undetermined,Undetermined
,,,,,Transfer,"Jan 01, 1923",FORTWORTH
,,,,,Death,"Jan 01, 1933",FORTWORTH
T1109,"Undeter
mined","Mar 02, 1923",T1094,"T10
93","Birth/Ha
tch","Mar 02, 1923",SANDIEGOZ
,,,,,Death,"Mar 02, 1923",SANDIEGOZ
T1110,"Undeter
mined","Mar 02, 1923",T1094,"T10
93","Birth/Ha
tch","Mar 02, 1923",SANDIEGOZ
,,,,,Death,"Mar 02, 1923",SANDIEGOZ
T1111,Female,"May 20, 1923",UND,UND,"Birth/Ha
tch","May 20, 1923",NZP-WASH
,,,,,Death,"Sep 08, 1924",NZP-WASH
T1112,Female,"May 20, 1923",UND,UND,Birth/Ha tch,"May 20, 1923",NZP-WASH
,,,,,Death,"Feb 20, 1925",NZP-WASH
T1113,Undeter mined,"Jun 01, 1923",T1100,T11 01,Birth/Ha tch,"Jun 01, 1923",DALLAS
,,,,,Transfer,"Mar 18, 1925",HOUSTON
,,,,,GO LTF,"Mar 18, 1925",HOUSTON
T1114,Female,"Jun 01, 1923",T1100,T11 01,Birth/Ha tch,"Jun 01, 1923",DALLAS
,,,,,Transfer,"Jun 30, 1925",PRIVATE
,,,,,GO LTF,"Jun 30, 1925",PRIVATE
T1115,Male,"Aug 23, 1923",T1094,"T10
93","Birth/Ha
tch","Aug 23, 1923",SANDIEGOZ
,,,,,Transfer,"Sep 20, 1924",CHICAGOLP
,,,,,GO LTF,"Sep 20, 1924",CHICAGOLP
T1116,Male,"Aug 23, 1923",T1094,T10 93,Birth/Ha tch,"Aug 23, 1923",SANDIEGOZ
,,,,,Death,"Oct 11, 1933",SANDIEGOZ
T1117,Female,"Oct 29, 1923 +/-
6 month",UND,UND,Birth/Ha tch,"Oct 29, 1923 +/-
6 month",Undetermined
,,,,,Transfer,Undetermined,PRIVATE
,,,,,Transfer,"Oct 26, 1933",CHICAGOBR
,,,,,Death,"Oct 26, 1934",CHICAGOBR
T1118,"Undeter
mined","Feb 02, 1924",T1100,"T11
01","Birth/Ha
tch","Feb 02, 1924",DALLAS
,,,,,Death,"Feb 28, 1925",DALLAS
T1119,Female,"Feb 02, 1924",T1100,T11 01,Birth/Ha tch,"Feb 02, 1924",DALLAS
,,,,,Death,"Jun 30, 1925",DALLAS
T1120,"Undeter
mined","Feb 02, 1924",T1100,"T11
01","Birth/Ha
tch","Feb 02, 1924",DALLAS
,,,,,Transfer,"Dec 31, 1925",UNDETERMI
,,,,,GO LTF,"Dec 31, 1925",UNDETERMI
T1121,"Undeter
mined","Feb 02, 1924",T1100,"T11
01","Birth/Ha
tch","Feb 02, 1924",DALLAS
,,,,,Transfer,"Dec 31, 1925",UNDETERMI
,,,,,GO LTF,"Dec 31, 1925",UNDETERMI
T1122,Male,"Jun 25, 1924",UND,UND,"Birth/Ha
tch","Jun 25, 1924",NZP-WASH
,,,,,Transfer,"Sep 02, 1925",PRIVATE
,,,,,GO LTF,"Sep 02, 1925",PRIVATE
T1123,Female,"Jun 25, 1924",UND,UND,Birth/Ha tch,"Jun 25, 1924",NZP-WASH
,,,,,Death,"Sep 02, 1925",NZP-WASH
T1124,"Undeter
mined","Jul 27, 1924",T1094,"T10
93","Birth/Ha
tch","Jul 27, 1924",SANDIEGOZ
,,,,,Death,"Jan 01, 1929",SANDIEGOZ
T1125,"Undeter
mined","Jul 27, 1924",T1094,"T10
93","Birth/Ha
tch","Jul 27, 1924",SANDIEGOZ
,,,,,Death,"Jan 01, 1929",SANDIEGOZ
T1126,"Undeter
mined","Jul 27, 1924",T1094,"T10
93","Birth/Ha
tch","Jul 27, 1924",SANDIEGOZ
,,,,,Death,"Jan 01, 1929",SANDIEGOZ
T1127,"Undeter
mined","Jul 27, 1924",T1094,"T10
93","Birth/Ha
tch","Jul 27, 1924",SANDIEGOZ
,,,,,Death,"Jan 01, 1929",SANDIEGOZ
T1128,Male,"Nov 20, 1924",UND,UND,Birth/Ha tch,"Nov 20, 1924",SANDIEGOZ
,,,,,Transfer,"Oct 09, 1925",HONOLULU
,,,,,GO LTF,"Oct 09, 1925",HONOLULU
T1129,Female,"Nov 20, 1924",UND,UND,"Birth/Ha
tch","Nov 20, 1924",SANDIEGOZ
,,,,,Transfer,"Jul 12, 1928",NY BRONX
,,,,,Death,"Mar 29, 1936",NY BRONX
T1130,Female,Undetermined,UND,UND,"Birth/Ha
tch",Undetermined,Undetermined
,,,,,Transfer,Undetermined,HOUSTON
,,,,,Transfer,"Mar 18, 1925",DALLAS
,,,,,Transfer,"Jan 31, 1926",UNDETERMI
,,,,,GO LTF,"Jan 31, 1926",UNDETERMI
T1131,Female,"Jul 08, 1925 +/- 6 month",UND,UND,"Birth/Ha
tch","Jul 08, 1925 +/- 6 month",Undetermined
,,,,,Transfer,Undetermined,DETROIT
,,,,,Transfer,"Jul 07, 1931",MILWAUKEE
,,,,,Death,"Jul 14, 1941",MILWAUKEE
T1132,Male,"Sep 16, 1925 +/-
6 month",UND,UND,Birth/Ha tch,"Sep 16, 1925 +/-
6 month",Undetermined
,,,,,Transfer,Undetermined,PRIVATE
,,,,,Transfer,"Sep 14, 1933",CHICAGOBR
,,,,,Death,"Sep 14, 1934",CHICAGOBR
T1133,Male,"Sep 16, 1925 +/-
6 month",UND,UND,"Birth/Ha
tch","Sep 16, 1925 +/-
6 month",Undetermined
,,,,,Transfer,Undetermined,PRIVATE
,,,,,Transfer,"Sep 14, 1933",CHICAGOBR
,,,,,Death,"Sep 14, 1934",CHICAGOBR
T1134,Male,"Nov 01, 1925 +/- 15 day",UND,UND,"Birth/Ha
tch","Nov 01, 1925 +/- 15 day",Undetermined
,,,,,Transfer,Undetermined,PRIVATE
,,,,,Transfer,"Nov 01, 1927",SANDIEGOZ
,,,,,Death,"Oct 11, 1933",SANDIEGOZ
T1135,Female,"Apr 24, 1926",T1100,T11 01,Birth/Ha tch,"Apr 24, 1926",DALLAS
,,,,,Transfer,"Dec 31, 1926",FORTWORTH
,,,,,Death,"Jan 01, 1948",FORTWORTH
T1136,Female,"Apr 24, 1926",T1100,"T11
01","Birth/Ha
tch","Apr 24, 1926",DALLAS
,,,,,Transfer,"Jun 30, 1927",PRIVATE
,,,,,GO LTF,"Jun 30, 1927",PRIVATE
T1137,Female,"Apr 24, 1926",T1100,"T11
01","Birth/Ha
tch","Apr 24, 1926",DALLAS
,,,,,Transfer,"Jun 30, 1927",PRIVATE
,,,,,GO LTF,"Jun 30, 1927",PRIVATE
T1138,Female,"Jun 26, 1926 +/- 15 day",WILD,"WIL
D","Birth/Ha
tch","Jun 26, 1926 +/- 15 day",S.AFRICA
,,,,,"Wild
Capture",Undetermined,S.AFRICA
,,,,,Transfer,Undetermined,PRIVATE
,,,,,Transfer,"Apr 27, 1927",NZP-WASH
,,,,,Death,"Feb 19, 1947",NZP-WASH
T1139,Male,"Jun 26, 1926 +/- 15 day",WILD,"WIL
D","Birth/Ha
tch","Jun 26, 1926 +/- 15 day",S.AFRICA
,,,,,Wild Capture,Undetermined,S.AFRICA
,,,,,Transfer,Undetermined,PRIVATE
,,,,,Transfer,"Apr 27, 1927",NZP-WASH
,,,,,Death,"Oct 05, 1939",NZP-WASH
T1140,Male,"Jul 09, 1926",UND,UND,"Birth/Ha
tch","Jul 09, 1926",DALLAS
,,,,,Transfer,"Jun 30, 1927",PRIVATE
,,,,,GO LTF,"Jun 30, 1927",PRIVATE
T1141,Undeter mined,"Aug 09, 1926",UND,UND,Birth/Ha tch,"Aug 09, 1926",DALLAS
,,,,,Transfer,"Nov 30, 1927",PRIVATE
,,,,,GO LTF,"Nov 30, 1927",PRIVATE
T1142,"Undeter
mined","Aug 09, 1926",UND,UND,"Birth/Ha
tch","Aug 09, 1926",DALLAS
,,,,,Death,"Oct 31, 1929",DALLAS
T1143,Female,"Oct 28, 1926 +/-
6 month",UND,UND,"Birth/Ha
tch","Oct 28, 1926 +/-
6 month",Undetermined
,,,,,Transfer,Undetermined,PRIVATE
,,,,,Transfer,"Oct 26, 1933",CHICAGOBR
,,,,,Death,"Oct 26, 1949",CHICAGOBR
T1144,Female,"Mar 01, 1927",UND,UND,"Birth/Ha
tch","Mar 01, 1927",SANDIEGOZ
,,,,,Transfer,"Apr 16, 1935",MILWAUKEE
,,,,,Death,"Mar 12, 1942",MILWAUKEE
T1145,Male,"Mar 07, 1927 +/-
6 month",UND,UND,"Birth/Ha
tch","Mar 07, 1927 +/-
6 month",Undetermined
,,,,,Transfer,Undetermined,PRIVATE
,,,,,Transfer,"Mar 06, 1929",NZP-WASH
,,,,,Death,"Feb 01, 1947",NZP-WASH
T1146,Female,"Mar 07, 1927 +/-
6 month",UND,UND,"Birth/Ha
tch","Mar 07, 1927 +/-
6 month",Undetermined
,,,,,Transfer,Undetermined,PRIVATE
,,,,,Transfer,"Mar 06, 1929",NZP-WASH
,,,,,Death,"Aug 31, 1945",NZP-WASH
T1147,Female,Undetermined,UND,UND,Birth/Ha tch,Undetermined,Undetermined
,,,,,Transfer,Undetermined,PRIVATE
,,,,,Transfer,"Jul 24, 1927",DALLAS
,,,,,Transfer,"Apr 30, 1928",PRIVATE
,,,,,GO LTF,"Apr 30, 1928",PRIVATE
T1148,"Undeter
mined","Aug 25, 1927",UND,UND,"Birth/Ha
tch","Aug 25, 1927",DALLAS
,,,,,Death,"Aug 31, 1927",DALLAS
T1149,Undeter mined,"Aug 25, 1927",UND,UND,Birth/Ha tch,"Aug 25, 1927",DALLAS
,,,,,Transfer,"May 31, 1928",PRIVATE
,,,,,GO LTF,"May 31, 1928",PRIVATE
T1150,"Undeter
mined","Aug 25, 1927",UND,UND,"Birth/Ha
tch","Aug 25, 1927",DALLAS
,,,,,Transfer,"May 31, 1928",PRIVATE
,,,,,GO LTF,"May 31, 1928",PRIVATE
T1151,"Undeter
mined","Aug 25, 1927",UND,UND,"Birth/Ha
tch","Aug 25, 1927",DALLAS
,,,,,Transfer,"May 31, 1928",PRIVATE
,,,,,GO LTF,"May 31, 1928",PRIVATE
T1152,Male,"Oct 11, 1927",UND,UND,"Birth/Ha
tch","Oct 11, 1927",MILWAUKEE
,,,,,Death,"Oct 13, 1927",MILWAUKEE
T1153,Female,"Oct 11, 1927",UND,UND,"Birth/Ha
tch","Oct 11, 1927",MILWAUKEE
,,,,,Death,"Oct 16, 1927",MILWAUKEE
T1154,"Undeter
mined","Oct 14, 1927",UND,UND,"Birth/Ha
tch","Oct 14, 1927",DALLAS
,,,,,Transfer,"Mar 31, 1928",UNDETERMI
,,,,,GO LTF,"Mar 31, 1928",UNDETERMI
T1155,"Undeter
mined","Oct 14, 1927",UND,UND,"Birth/Ha
tch","Oct 14, 1927",DALLAS
,,,,,Transfer,"Mar 31, 1928",UNDETERMI
,,,,,GO LTF,"Mar 31, 1928",UNDETERMI
T1156,Undeter mined,"Oct 14, 1927",UND,UND,Birth/Ha tch,"Oct 14, 1927",DALLAS
,,,,,Transfer,"May 31, 1928",PRIVATE
,,,,,GO LTF,"May 31, 1928",PRIVATE
T1157,"Undeter
mined","Oct 14, 1927",UND,UND,"Birth/Ha
tch","Oct 14, 1927",DALLAS
,,,,,Transfer,"May 31, 1928",PRIVATE
,,,,,GO LTF,"May 31, 1928",PRIVATE
T1158,"Undeter
mined","Apr 04, 1928",UND,UND,"Birth/Ha
tch","Apr 04, 1928",MILWAUKEE
,,,,,Death,"Apr 11, 1928",MILWAUKEE
T1159,"Undeter
mined","Apr 27, 1928",UND,UND,"Birth/Ha
tch","Apr 27, 1928",SANDIEGOZ
,,,,,Death,"Apr 27, 1928",SANDIEGOZ
T1160,Undeter mined,"Apr 27, 1928",UND,UND,Birth/Ha tch,"Apr 27, 1928",SANDIEGOZ
,,,,,Death,"Apr 27, 1928",SANDIEGOZ
T1161,"Undeter
mined","Apr 28, 1928",UND,UND,"Birth/Ha
tch","Apr 28, 1928",SANDIEGOZ
,,,,,Death,"Apr 28, 1928",SANDIEGOZ
T1162,Female,"May 12, 1928",UND,UND,"Birth/Ha
tch","May 12, 1928",DALLAS
,,,,,Transfer,"May 23, 1929",PRIVATE
,,,,,GO LTF,"May 23, 1929",PRIVATE
T1163,Female,"May 12, 1928",UND,UND,"Birth/Ha
tch","May 12, 1928",DALLAS
,,,,,Death,"Oct 31, 1931",DALLAS
T1164,Female,"May 12, 1928",UND,UND,Birth/Ha tch,"May 12, 1928",DALLAS
,,,,,Death,"Dec 31, 1932",DALLAS
T1165,Male,Undetermined,UND,UND,Birth/Ha tch,Undetermined,SANDIEGOZ
,,,,,Transfer,"Jul 12, 1928",NY BRONX
,,,,,Death,"May 26, 1933",NY BRONX
T1166,Undeter mined,"Aug 07, 1928",UND,UND,Birth/Ha tch,"Aug 07, 1928",DALLAS
,,,,,Death,"Aug 31, 1928",DALLAS
T1167,Undeter mined,"Aug 07, 1928",UND,UND,Birth/Ha tch,"Aug 07, 1928",DALLAS
,,,,,Death,"Aug 31, 1928",DALLAS
T1168,"Undeter
mined","Aug 17, 1928",UND,UND,"Birth/Ha
tch","Aug 17, 1928",MILWAUKEE
,,,,,Death,"Aug 17, 1928",MILWAUKEE
T1169,"Undeter
mined","Aug 17, 1928",UND,UND,"Birth/Ha
tch","Aug 17, 1928",MILWAUKEE
,,,,,Death,"Aug 20, 1928",MILWAUKEE
T1170,"Undeter
mined","Aug 17, 1928",UND,UND,"Birth/Ha
tch","Aug 17, 1928",MILWAUKEE
,,,,,Death,"Aug 17, 1928",MILWAUKEE
T1171,"Undeter
mined","Aug 17, 1928",UND,UND,"Birth/Ha
tch","Aug 17, 1928",MILWAUKEE
,,,,,Death,"Aug 20, 1928",MILWAUKEE
T1172,Male,"Aug 30, 1928 +/- 15 day",WILD,WIL D,Birth/Ha tch,"Aug 30, 1928 +/- 15 day","Tanzania, United Republic Of / ~"
,,,,,Wild Capture,Undetermined,"Tanzania, United Republic Of / ~"
,,,,,Transfer,Undetermined,PRIVATE
,,,,,Transfer,"Jul 01, 1929",MILWAUKEE
,,,,,Death,"Jul 06, 1943",MILWAUKEE
T1173,Female,"Sep 12, 1928 +/- 15 day",UND,UND,"Birth/Ha
tch","Sep 12, 1928 +/- 15 day",Undetermined
,,,,,Transfer,Undetermined,PRIVATE
,,,,,Transfer,"Jan 12, 1929",NZP-WASH
,,,,,Transfer,"Jun 07, 1929",PRIVATE
,,,,,GO LTF,"Jun 07, 1929",PRIVATE
T1174,Male,"Dec 25, 1928",UND,UND,"Birth/Ha
tch","Dec 25, 1928",NY BRONX
,,,,,Death,"Aug 14, 1929",NY BRONX
T1175,Female,"Dec 25, 1928",UND,UND,"Birth/Ha
tch","Dec 25, 1928",NY BRONX
,,,,,Death,"Mar 02, 1931",NY BRONX
T1176,Male,"Jan 23, 1929",UND,T10 95,Birth/Ha tch,"Jan 23, 1929",MILWAUKEE
,,,,,Death,"Feb 03, 1929",MILWAUKEE
T1177,Female,"Jan 23, 1929",UND,"T10
95","Birth/Ha
tch","Jan 23, 1929",MILWAUKEE
,,,,,Death,"Jun 18, 1934",MILWAUKEE
T1178,Male,"Jan 23, 1929",UND,"T10
95","Birth/Ha
tch","Jan 23, 1929",MILWAUKEE
,,,,,Death,"Jul 06, 1943",MILWAUKEE
T1179,Male,"Apr 11, 1929",UND,UND,"Birth/Ha
tch","Apr 11, 1929",NZP-WASH
,,,,,Death,"Apr 16, 1929",NZP-WASH
T1180,Female,"Apr 11, 1929",UND,UND,"Birth/Ha
tch","Apr 11, 1929",NZP-WASH
,,,,,Death,"Jan 17, 1930",NZP-WASH
T1181,Male,"Apr 11, 1929",UND,UND,Birth/Ha tch,"Apr 11, 1929",NZP-WASH
,,,,,Death,"Sep 22, 1931",NZP-WASH
T1182,Male,"Apr 11, 1929",UND,UND,"Birth/Ha
tch","Apr 11, 1929",NZP-WASH
,,,,,Transfer,"Dec 01, 1931",PRIVATE
,,,,,GO LTF,"Dec 01, 1931",PRIVATE
T1183,Male,"Apr 15, 1929",UND,UND,"Birth/Ha
tch","Apr 15, 1929",SANDIEGOZ
,,,,,Death,"Jan 01, 1934",SANDIEGOZ
T1184,Male,"Apr 15, 1929",UND,UND,"Birth/Ha
tch","Apr 15, 1929",SANDIEGOZ
,,,,,Death,"Jan 01, 1934",SANDIEGOZ
T1185,Undeter mined,"May 01, 1929",UND,UND,Birth/Ha tch,"May 01, 1929",DALLAS
,,,,,Transfer,"Jan 31, 1935",PRIVATE
,,,,,GO LTF,"Jan 31, 1935",PRIVATE
T1186,Male,"Sep 15, 1929",UND,UND,"Birth/Ha
tch","Sep 15, 1929",DALLAS
,,,,,Transfer,"Jan 31, 1935",PRIVATE
,,,,,GO LTF,"Jan 31, 1935",PRIVATE
T1187,Female,Undetermined,UND,UND,Birth/Ha tch,Undetermined,Undetermined
,,,,,Transfer,Undetermined,PRIVATE
,,,,,Transfer,"Sep 24, 1929",NY BRONX
,,,,,Death,"Aug 10, 1931",NY BRONX
T1188,Male,"Jan 04, 1930",T1139,"T11
38","Birth/Ha
tch","Jan 04, 1930",NZP-WASH
,,,,,Death,"Jan 10, 1933",NZP-WASH
T1189,Female,"Jan 04, 1930",T1139,T11 38,Birth/Ha tch,"Jan 04, 1930",NZP-WASH
,,,,,Death,"Jan 10, 1933",NZP-WASH
T1190,Female,"Feb 28, 1930",UND,T10 95,Birth/Ha tch,"Feb 28, 1930",MILWAUKEE
,,,,,Death,"Mar 12, 1930",MILWAUKEE
T1191,"Undeter
mined","Jul 02, 1930 +/- 15 day",UND,UND,"Birth/Ha
tch","Jul 02, 1930 +/- 15 day",Undetermined
,,,,,Transfer,Undetermined,HOUSTON
,,,,,Transfer,"Jan 23, 1931",FORTWORTH
,,,,,Death,"Jan 01, 1936",FORTWORTH
T1192,Female,"Jul 08, 1930",T1139,T11 38,Birth/Ha tch,"Jul 08, 1930",NZP-WASH
,,,,,Death,"Jul 10, 1930",NZP-WASH
T1193,Female,"Jul 08, 1930",T1139,"T11
38","Birth/Ha
tch","Jul 08, 1930",NZP-WASH
,,,,,Death,"Jul 15, 1930",NZP-WASH
T1194,Female,"Jul 08, 1930",T1139,"T11
38","Birth/Ha
tch","Jul 08, 1930",NZP-WASH
,,,,,Death,"Jan 18, 1931",NZP-WASH
T1195,"Undeter
mined","Oct 27, 1930 +/-
6 month",UND,UND,"Birth/Ha
tch","Oct 27, 1930 +/-
6 month",Undetermined
,,,,,Transfer,Undetermined,PRIVATE
,,,,,Transfer,"Oct 26, 1933",CHICAGOBR
,,,,,Death,"Oct 26, 1934",CHICAGOBR
T1196,Male,"Dec 12, 1930",T1139,"T11
38","Birth/Ha
tch","Dec 12, 1930",NZP-WASH
,,,,,Death,"Dec 23, 1930",NZP-WASH
T1197,Male,"Dec 12, 1930",T1139,T11 38,Birth/Ha tch,"Dec 12, 1930",NZP-WASH
,,,,,Death,"Feb 03, 1931",NZP-WASH
T1198,Female,"Dec 12, 1930",T1139,"T11
38","Birth/Ha
tch","Dec 12, 1930",NZP-WASH
,,,,,Death,"Feb 16, 1944",NZP-WASH
T1199,Male,"Jan 24, 1931 +/-
6 month",UND,UND,"Birth/Ha
tch","Jan 24, 1931 +/-
6 month",Undetermined
,,,,,Transfer,Undetermined,PRIVATE
,,,,,Transfer,"Jan 23, 1933",MILWAUKEE
,,,,,Death,"Dec 08, 1933",MILWAUKEE
T1200,Male,"Apr 15, 1931 +/- 15 day",UND,UND,Birth/Ha tch,"Apr 15, 1931 +/- 15 day",Undetermined
,,,,,Transfer,Undetermined,PRIVATE
,,,,,Transfer,"Sep 14, 1933",CHICAGOBR
,,,,,Transfer,"Oct 06, 1937",FRANKLINP
,,,,,GO LTF,"Oct 06, 1937",FRANKLINP
T1201,Male,"Apr 15, 1931 +/- 15 day",UND,UND,"Birth/Ha
tch","Apr 15, 1931 +/- 15 day",Undetermined
,,,,,Transfer,Undetermined,PRIVATE
,,,,,Transfer,"Sep 14, 1933",CHICAGOBR
,,,,,Transfer,"Oct 06, 1937",FRANKLINP
,,,,,GO LTF,"Oct 06, 1937",FRANKLINP
T1202,Male,"Apr 15, 1931 +/- 15 day",UND,UND,Birth/Ha tch,"Apr 15, 1931 +/- 15 day",Undetermined
,,,,,Transfer,Undetermined,PRIVATE
,,,,,Transfer,"Sep 14, 1933",CHICAGOBR
,,,,,Transfer,"Jun 21, 1934",MADISON
,,,,,GO LTF,"Jun 21, 1934",MADISON
T1203,Female,"Apr 15, 1931 +/- 15 day",UND,UND,Birth/Ha tch,"Apr 15, 1931 +/- 15 day",Undetermined
,,,,,Transfer,Undetermined,PRIVATE
,,,,,Transfer,"Sep 14, 1933",CHICAGOBR
,,,,,Death,"Sep 14, 1934",CHICAGOBR
T1204,Female,"May 11, 1931",T1139,T11 38,Birth/Ha tch,"May 11, 1931",NZP-WASH
,,,,,Death,"May 15, 1931",NZP-WASH
T1205,Male,"May 11, 1931",T1139,T11 38,Birth/Ha tch,"May 11, 1931",NZP-WASH
,,,,,Death,"Jan 10, 1933",NZP-WASH
T1206,Male,"May 11, 1931",T1139,"T11
38","Birth/Ha
tch","May 11, 1931",NZP-WASH
,,,,,Death,"Jan 31, 1936",NZP-WASH
T1207,"Undeter
mined","Jun 02, 1931",UND,UND,"Birth/Ha
tch","Jun 02, 1931",DALLAS
,,,,,Death,"Jun 30, 1931",DALLAS
T1208,"Undeter
mined","Jun 17, 1931",UND,UND,"Birth/Ha
tch","Jun 17, 1931",DALLAS
,,,,,Transfer,"Mar 31, 1933",PRIVATE
,,,,,GO LTF,"Mar 31, 1933",PRIVATE
T1209,Undeter mined,"Jun 17, 1931",UND,UND,Birth/Ha tch,"Jun 17, 1931",DALLAS
,,,,,Transfer,"Mar 31, 1933",PRIVATE
,,,,,GO LTF,"Mar 31, 1933",PRIVATE
T1210,Male,"Jul 16, 1931",T1139,"T11
38","Birth/Ha
tch","Jul 16, 1931",NZP-WASH
,,,,,Transfer,"Dec 31, 1931",PRIVATE
,,,,,GO LTF,"Dec 31, 1931",PRIVATE
T1211,Male,"Jul 16, 1931",T1139,"T11
38","Birth/Ha
tch","Jul 16, 1931",NZP-WASH
,,,,,Transfer,"Jun 30, 1932",PRIVATE
,,,,,GO LTF,"Jun 30, 1932",PRIVATE
T1212,Female,"Jul 16, 1931",T1139,"T11
38","Birth/Ha
tch","Jul 16, 1931",NZP-WASH
,,,,,Transfer,"Jun 30, 1932",PRIVATE
,,,,,GO LTF,"Jun 30, 1932",PRIVATE
T1213,"Undeter
mined","Sep 11, 1931",UND,UND,"Birth/Ha
tch","Sep 11, 1931",MILWAUKEE
,,,,,Death,"Oct 18, 1931",MILWAUKEE
T1214,Male,"Sep 11, 1931",UND,UND,Birth/Ha tch,"Sep 11, 1931",MILWAUKEE
,,,,,Death,"Jan 28, 1934",MILWAUKEE
T1215,Undeter mined,"Nov 17, 1931",UND,UND,Birth/Ha tch,"Nov 17, 1931",DALLAS
,,,,,Transfer,"Mar 31, 1933",PRIVATE
,,,,,GO LTF,"Mar 31, 1933",PRIVATE
T1216,"Undeter
mined","Nov 17, 1931",UND,UND,"Birth/Ha
tch","Nov 17, 1931",DALLAS
,,,,,Transfer,"Mar 31, 1933",PRIVATE
,,,,,GO LTF,"Mar 31, 1933",PRIVATE
T1217,Undeter mined,"Nov 17, 1931",UND,UND,Birth/Ha tch,"Nov 17, 1931",DALLAS
,,,,,Transfer,"Apr 30, 1933",PRIVATE
,,,,,GO LTF,"Apr 30, 1933",PRIVATE
T1218,Female,Undetermined,UND,UND,"Birth/Ha
tch",Undetermined,Undetermined
,,,,,Transfer,Undetermined,PRIVATE
,,,,,Transfer,"Dec 17, 1931",NY BRONX
,,,,,Death,"Oct 06, 1938",NY BRONX
T1219,Male,Undetermined,UND,UND,Birth/Ha tch,Undetermined,Undetermined
,,,,,Transfer,Undetermined,PRIVATE
,,,,,Transfer,"Dec 17, 1931",NY BRONX
,,,,,Death,"May 17, 1941",NY BRONX
T1220,Female,"Jan 01, 1932",UND,"T11
35","Birth/Ha
tch","Jan 01, 1932",FORTWORTH
,,,,,Death,"Jan 01, 1952",FORTWORTH
T1221,Male,"Jan 03, 1932",UND,T11 77,Birth/Ha tch,"Jan 03, 1932",MILWAUKEE
,,,,,Death,"Jan 07, 1932",MILWAUKEE
T1222,Female,"Jan 03, 1932",UND,T11 77,Birth/Ha tch,"Jan 03, 1932",MILWAUKEE
,,,,,Death,"Jan 07, 1932",MILWAUKEE
T1223,"Undeter
mined","Feb 17, 1932",UND,UND,"Birth/Ha
tch","Feb 17, 1932",DALLAS
,,,,,Transfer,"Apr 30, 1933",PRIVATE
,,,,,GO LTF,"Apr 30, 1933",PRIVATE
T1224,"Undeter
mined","Apr 15, 1932",UND,UND,"Birth/Ha
tch","Apr 15, 1932",NY BRONX
,,,,,Death,"Apr 18, 1932",NY BRONX
T1225,Male,"May 01, 1932 +/- 15 day",UND,UND,"Birth/Ha
tch","May 01, 1932 +/- 15 day",Undetermined
,,,,,Transfer,Undetermined,PRIVATE
,,,,,Transfer,"Oct 31, 1933",CHICAGOBR
,,,,,Transfer,"Jun 21, 1935",SOUTHBEND
,,,,,GO LTF,"Jun 21, 1935",SOUTHBEND
T1226,Male,"May 01, 1932 +/- 15 day",UND,UND,"Birth/Ha
tch","May 01, 1932 +/- 15 day",Undetermined
,,,,,Transfer,Undetermined,PRIVATE
,,,,,Transfer,"Oct 31, 1933",CHICAGOBR
,,,,,Transfer,"Jun 21, 1935",MADISON
,,,,,GO LTF,"Jun 21, 1935",MADISON
T1227,Female,"May 01, 1932 +/- 15 day",UND,UND,"Birth/Ha
tch","May 01, 1932 +/- 15 day",Undetermined
,,,,,Transfer,Undetermined,PRIVATE
,,,,,Transfer,"Oct 31, 1933",CHICAGOBR
,,,,,Transfer,"Jun 21, 1935",SOUTHBEND
,,,,,GO LTF,"Jun 21, 1935",SOUTHBEND
T1228,Male,"Jul 02, 1932 +/- 15 day",UND,UND,"Birth/Ha
tch","Jul 02, 1932 +/- 15 day",PRIVATE
,,,,,Transfer,"Jul 01, 1936 +/- 15 day",WINNIPEG
,,,,,Death,"Sep 22, 1943",WINNIPEG
T1229,Female,"Jul 31, 1932",UND,"T11
77","Birth/Ha
tch","Jul 31, 1932",MILWAUKEE
,,,,,Death,"Aug 11, 1932",MILWAUKEE
T1230,Female,"Jul 31, 1932",UND,T11 77,Birth/Ha tch,"Jul 31, 1932",MILWAUKEE
,,,,,Death,"Aug 16, 1932",MILWAUKEE
T1231,Male,"Aug 01, 1932",UND,UND,Birth/Ha tch,"Aug 01, 1932",PRIVATE
,,,,,Transfer,"Oct 22, 1932",NY BRONX
,,,,,Death,"Mar 07, 1944",NY BRONX
T1232,Undeter mined,"Aug 19, 1932",UND,UND,Birth/Ha tch,"Aug 19, 1932",DALLAS
,,,,,Transfer,"Apr 30, 1933",UNDETERMI
,,,,,GO LTF,"Apr 30, 1933",UNDETERMI
T1233,"Undeter
mined","Aug 19, 1932",UND,UND,"Birth/Ha
tch","Aug 19, 1932",DALLAS
,,,,,Transfer,"Apr 30, 1933",UNDETERMI
,,,,,GO LTF,"Apr 30, 1933",UNDETERMI
T1234,"Undeter
mined","Aug 19, 1932",UND,UND,"Birth/Ha
tch","Aug 19, 1932",DALLAS
,,,,,Transfer,"Feb 28, 1933",PRIVATE
,,,,,GO LTF,"Feb 28, 1933",PRIVATE
T1235,"Undeter
mined","Aug 19, 1932",UND,UND,"Birth/Ha
tch","Aug 19, 1932",DALLAS
,,,,,Transfer,"Feb 28, 1933",PRIVATE
,,,,,GO LTF,"Feb 28, 1933",PRIVATE
T1236,"Undeter
mined","Feb 27, 1933",UND,"T11
77","Birth/Ha
tch","Feb 27, 1933",MILWAUKEE
,,,,,Death,"Mar 06, 1933",MILWAUKEE
T1237,"Undeter
mined","Feb 27, 1933",UND,"T11
77","Birth/Ha
tch","Feb 27, 1933",MILWAUKEE
,,,,,Death,"Mar 20, 1933",MILWAUKEE
T1238,"Undeter
mined","Jul 22, 1933",UND,"T11
77","Birth/Ha
tch","Jul 22, 1933",MILWAUKEE
,,,,,Death,"Jul 22, 1933",MILWAUKEE
T1239,Male,"Jul 22, 1933",UND,T11 77,Birth/Ha tch,"Jul 22, 1933",MILWAUKEE
,,,,,Death,"Jul 26, 1933",MILWAUKEE
T1240,Female,"Jul 22, 1933",UND,T11 77,Birth/Ha tch,"Jul 22, 1933",MILWAUKEE
,,,,,Death,"Jul 30, 1933",MILWAUKEE
T1241,Undeter mined,"Sep 23, 1933",UND,T12 03,Birth/Ha tch,"Sep 23, 1933",CHICAGOBR
,,,,,Death,"Sep 26, 1933",CHICAGOBR
T1242,Male,Undetermined,UND,UND,Birth/Ha tch,Undetermined,Undetermined
,,,,,Transfer,Undetermined,PRIVATE
,,,,,Transfer,"Oct 26, 1933",CHICAGOBR
,,,,,Transfer,"Oct 17, 1935",PRIVATE
,,,,,GO LTF,"Oct 17, 1935",PRIVATE
T1243,Male,Undetermined,UND,UND,Birth/Ha tch,Undetermined,Undetermined
,,,,,Transfer,Undetermined,PRIVATE
,,,,,Transfer,"Oct 26, 1933",CHICAGOBR
,,,,,Transfer,"Oct 17, 1935",PRIVATE
,,,,,GO LTF,"Oct 17, 1935",PRIVATE
T1244,Male,Undetermined,UND,UND,Birth/Ha tch,Undetermined,Undetermined
,,,,,Transfer,Undetermined,PRIVATE
,,,,,Transfer,"Oct 26, 1933",CHICAGOBR
,,,,,Transfer,"Jun 25, 1935",MADISON
,,,,,GO LTF,"Jun 25, 1935",MADISON
T1245,Male,"Jan 01, 1964 +/-
6 month",WILD,WIL D,Birth/Ha tch,"Jan 01, 1964 +/-
6 month",Ethiopia / ~
,,,,,Wild Capture,"Jan 01, 1964 +/-
6 month",Ethiopia / ~
,,,,,Transfer,"Jan 01, 1965 +/-
6 month",PRIVATE
,,,,,Transfer,"Sep 28, 1965",MANHATTAN
,,,,,Death,"Nov 01, 1984",MANHATTAN
T1246,Female,"Jan 02, 1934 +/-
6 month",UND,UND,"Birth/Ha
tch","Jan 02, 1934 +/-
6 month",Undetermined
,,,,,Transfer,"Jan 01, 1939",RACINE
,,,,,Death,"Nov 10, 1952",RACINE
T1247,Female,"Feb 22, 1934",UND,UND,"Birth/Ha
tch","Feb 22, 1934",CHICAGOBR
,,,,,Transfer,"Mar 27, 1935",BLOOMINGT
,,,,,Transfer,"Jan 01, 1940 +/-
6 month",UNDETERMI
,,,,,GO LTF,"Jan 01, 1940 +/-
6 month",UNDETERMI
T1248,Female,"Feb 22, 1934",UND,UND,Birth/Ha tch,"Feb 22, 1934",CHICAGOBR
,,,,,Transfer,"Mar 27, 1935",BLOOMINGT
,,,,,Transfer,"Jan 01, 1940 +/-
6 month",UNDETERMI
,,,,,GO LTF,"Jan 01, 1940 +/-
6 month",UNDETERMI
T1249,Male,"Feb 22, 1934",UND,UND,Birth/Ha tch,"Feb 22, 1934",CHICAGOBR
,,,,,Transfer,"Jul 21, 1934",PRIVATE
,,,,,GO LTF,"Jul 21, 1934",PRIVATE
T1250,Male,"Feb 22, 1934",UND,UND,"Birth/Ha
tch","Feb 22, 1934",CHICAGOBR
,,,,,Transfer,"Jul 21, 1934",PRIVATE
,,,,,GO LTF,"Jul 21, 1934",PRIVATE
T1251,Female,"Mar 23, 1934",UND,UND,"Birth/Ha
tch","Mar 23, 1934",CHICAGOBR
,,,,,Transfer,"Oct 17, 1935",PRIVATE
,,,,,GO LTF,"Oct 17, 1935",PRIVATE
T1252,Male,"Mar 23, 1934",UND,UND,Birth/Ha tch,"Mar 23, 1934",CHICAGOBR
,,,,,Transfer,"Oct 17, 1935",PRIVATE
,,,,,GO LTF,"Oct 17, 1935",PRIVATE
T1253,Male,"Mar 23, 1934",UND,UND,"Birth/Ha
tch","Mar 23, 1934",CHICAGOBR
,,,,,Transfer,"Oct 17, 1935",PRIVATE
,,,,,GO LTF,"Oct 17, 1935",PRIVATE
T1254,Undeter mined,"May 09, 1934",UND,UND,Birth/Ha tch,"May 09, 1934",DALLAS
,,,,,Transfer,"May 31, 1934",PRIVATE
,,,,,GO LTF,"May 31, 1934",PRIVATE
T1255,"Undeter
mined","May 09, 1934",UND,UND,"Birth/Ha
tch","May 09, 1934",DALLAS
,,,,,Transfer,"Aug 31, 1934",UNDETERMI
,,,,,GO LTF,"Aug 31, 1934",UNDETERMI
T1256,Undeter mined,"May 09, 1934",UND,UND,Birth/Ha tch,"May 09, 1934",DALLAS
,,,,,Transfer,"May 31, 1935",UNDETERMI
,,,,,GO LTF,"May 31, 1935",UNDETERMI
T1257,Male,Undetermined,UND,UND,Birth/Ha tch,Undetermined,Undetermined
,,,,,Transfer,Undetermined,PRIVATE
,,,,,Transfer,"Jan 01, 1937",SANDIEGOZ
,,,,,Transfer,"Feb 27, 1949",UNDETERMI
,,,,,GO LTF,"Feb 27, 1949",UNDETERMI
T1258,Male,"Jan 02, 1935 +/-
6 month",UND,UND,"Birth/Ha
tch","Jan 02, 1935 +/-
6 month",Undetermined
,,,,,Transfer,"Jan 01, 1937",FORTWORTH
,,,,,Death,"Jan 01, 1957",FORTWORTH
T1259,Male,"Jan 05, 1935 +/-
6 month",UND,UND,Birth/Ha tch,"Jan 05, 1935 +/-
6 month",Undetermined
,,,,,Transfer,Undetermined,UNDETERMI
,,,,,Transfer,Undetermined,SAN ANTON
,,,,,Transfer,"Jan 01, 1950",DALLAS
,,,,,Transfer,"Jan 01, 1953",PRIVATE
,,,,,GO LTF,"Jan 01, 1953",PRIVATE
T1260,Female,"May 02, 1935 +/- 15 day",UND,UND,Birth/Ha tch,"May 02, 1935 +/- 15 day",PRIVATE
,,,,,Transfer,"Jul 01, 1935 +/- 15 day",WINNIPEG
,,,,,Death,"Apr 02, 1949 +/- 1 day",WINNIPEG
T1261,Female,"Jul 16, 1935",UND,"T11
44","Birth/Ha
tch","Jul 16, 1935",MILWAUKEE
,,,,,Death,"Dec 12, 1941",MILWAUKEE
T1262,Male,"Jul 16, 1935",UND,"T11
44","Birth/Ha
tch","Jul 16, 1935",MILWAUKEE
,,,,,Death,"May 18, 1942",MILWAUKEE
T1263,Undeter mined,"Sep 01, 1935",UND,UND,Birth/Ha tch,"Sep 01, 1935",DALLAS
,,,,,Death,"Jan 01, 1950",DALLAS
T1264,Undeter mined,"Sep 01, 1935",UND,UND,Birth/Ha tch,"Sep 01, 1935",DALLAS
,,,,,Death,"Jan 01, 1950",DALLAS
T1265,"Undeter
mined","Sep 01, 1935",UND,UND,"Birth/Ha
tch","Sep 01, 1935",DALLAS
,,,,,Death,"Jan 01, 1950",DALLAS
T1266,Female,Undetermined,UND,UND,"Birth/Ha
tch",Undetermined,Undetermined
,,,,,Transfer,Undetermined,PRIVATE
,,,,,Transfer,"Jan 11, 1936",NZP-WASH
,,,,,Transfer,"Mar 22, 1936",PRIVATE
,,,,,GO LTF,"Mar 22, 1936",PRIVATE
T1267,"Undeter
mined","Apr 01, 1936 +/- 15 day",UND,UND,"Birth/Ha
tch","Apr 01, 1936 +/- 15 day",Undetermined
,,,,,Transfer,Undetermined,PRIVATE
,,,,,Transfer,"Oct 29, 1936",DALLAS
,,,,,Transfer,"Apr 18, 1937",PRIVATE
,,,,,GO LTF,"Apr 18, 1937",PRIVATE
T1268,"Undeter
mined","Apr 01, 1936 +/- 15 day",UND,UND,"Birth/Ha
tch","Apr 01, 1936 +/- 15 day",Undetermined
,,,,,Transfer,Undetermined,PRIVATE
,,,,,Transfer,"Oct 29, 1936",DALLAS
,,,,,Transfer,"Apr 18, 1937",PRIVATE
,,,,,GO LTF,"Apr 18, 1937",PRIVATE
T1269,Male,"May 21, 1936 +/-
6 month",UND,UND,"Birth/Ha
tch","May 21, 1936 +/-
6 month",Undetermined
,,,,,Transfer,Undetermined,PRIVATE
,,,,,Transfer,"May 20, 1942",MILWAUKEE
,,,,,Death,"Dec 05, 1951",MILWAUKEE
T1270,Female,"May 21, 1936 +/-
6 month",UND,UND,Birth/Ha tch,"May 21, 1936 +/-
6 month",Undetermined
,,,,,Transfer,Undetermined,PRIVATE
,,,,,Transfer,"May 20, 1942",MILWAUKEE
,,,,,Death,"Oct 17, 1954",MILWAUKEE
T1271,Female,Undetermined,UND,UND,Birth/Ha tch,Undetermined,Undetermined
,,,,,Transfer,Undetermined,PRIVATE
,,,,,Transfer,"Jun 18, 1936",NY BRONX
,,,,,Death,"Jan 04, 1942",NY BRONX
T1272,Female,"Aug 01, 1936",UND,UND,"Birth/Ha
tch","Aug 01, 1936",DALLAS
,,,,,Death,"Dec 31, 1957",DALLAS
T1273,Undeter mined,"Sep 14, 1936",T1172,T11 44,Birth/Ha tch,"Sep 14, 1936",MILWAUKEE
,,,,,Death,"Sep 16, 1936",MILWAUKEE
T1274,Undeter mined,"Sep 14, 1936",T1172,T11 44,Birth/Ha tch,"Sep 14, 1936",MILWAUKEE
,,,,,Death,"Sep 18, 1936",MILWAUKEE
T1275,"Undeter
mined","Sep 14, 1936",T1172,"T11
44","Birth/Ha
tch","Sep 14, 1936",MILWAUKEE
,,,,,Death,"Sep 23, 1936",MILWAUKEE
T1276,Male,Undetermined,UND,UND,"Birth/Ha
tch",Undetermined,Undetermined
,,,,,Transfer,Undetermined,PRIVATE
,,,,,Transfer,"Sep 24, 1936",NY BRONX
,,,,,Death,"Apr 17, 1951",NY BRONX
T1277,Female,"Jul 12, 1937",UND,UND,"Birth/Ha
tch","Jul 12, 1937",NY BRONX
,,,,,Death,"Jan 20, 1939",NY BRONX
T1278,Female,"Jul 12, 1937",UND,UND,"Birth/Ha
tch","Jul 12, 1937",NY BRONX
,,,,,Death,"Jun 06, 1940",NY BRONX
T1279,Male,"Jul 22, 1937",UND,"T11
44","Birth/Ha
tch","Jul 22, 1937",MILWAUKEE
,,,,,Death,"May 16, 1938",MILWAUKEE
T1280,Male,"Jul 22, 1937",UND,"T11
44","Birth/Ha
tch","Jul 22, 1937",MILWAUKEE
,,,,,Death,"Jun 17, 1938",MILWAUKEE
T1281,Undeter mined,"Sep 01, 1937",UND,UND,Birth/Ha tch,"Sep 01, 1937",DALLAS
,,,,,Transfer,"Jul 18, 1938",PRIVATE
,,,,,GO LTF,"Jul 18, 1938",PRIVATE
T1282,"Undeter
mined","Sep 01, 1937",UND,UND,"Birth/Ha
tch","Sep 01, 1937",DALLAS
,,,,,Transfer,"Jul 18, 1938",PRIVATE
,,,,,GO LTF,"Jul 18, 1938",PRIVATE
T1283,"Undeter
mined","Sep 01, 1937",UND,UND,"Birth/Ha
tch","Sep 01, 1937",DALLAS
,,,,,Transfer,"Jul 18, 1938",PRIVATE
,,,,,GO LTF,"Jul 18, 1938",PRIVATE
T1284,Undeter mined,"Sep 01, 1937",UND,UND,Birth/Ha tch,"Sep 01, 1937",DALLAS
,,,,,Transfer,"Jul 18, 1938",PRIVATE
,,,,,GO LTF,"Jul 18, 1938",PRIVATE
T1285,"Undeter
mined","Oct 01, 1937",UND,UND,"Birth/Ha
tch","Oct 01, 1937",DALLAS
,,,,,Transfer,"Oct 15, 1939",PRIVATE
,,,,,GO LTF,"Oct 15, 1939",PRIVATE
T1286,Undeter mined,"Oct 01, 1937",UND,UND,Birth/Ha tch,"Oct 01, 1937",DALLAS
,,,,,Death,"Jan 01, 1950",DALLAS
T1287,"Undeter
mined","Oct 01, 1937",UND,UND,"Birth/Ha
tch","Oct 01, 1937",DALLAS
,,,,,Death,"Jan 01, 1950",DALLAS
T1288,"Undeter
mined","Oct 01, 1937",UND,UND,"Birth/Ha
tch","Oct 01, 1937",DALLAS
,,,,,Death,"Jan 01, 1950",DALLAS
T1289,"Undeter
mined","Mar 05, 1938",UND,UND,"Birth/Ha
tch","Mar 05, 1938",MILWAUKEE
,,,,,Death,"Mar 05, 1938",MILWAUKEE
T1290,"Undeter
mined","Mar 05, 1938",UND,UND,"Birth/Ha
tch","Mar 05, 1938",MILWAUKEE
,,,,,Death,"Mar 05, 1938",MILWAUKEE
T1291,Male,"Dec 21, 1938",UND,UND,Birth/Ha tch,"Dec 21, 1938",MILWAUKEE
,,,,,Death,"Oct 09, 1951",MILWAUKEE
T1292,Female,"Jan 01, 1939 +/-
6 month",UND,UND,Birth/Ha tch,"Jan 01, 1939 +/-
6 month",Undetermined
,,,,,Transfer,"Jan 01, 1940",SAN FRAN
,,,,,Death,"Feb 01, 1960",SAN FRAN
T1293,Female,"Jul 01, 1939",UND,"T12
46","Birth/Ha
tch","Jul 01, 1939",RACINE
,,,,,Death,"Jun 01, 1954",RACINE
T1294,Male,"Jul 01, 1939 +/- 1 day",UND,UND,"Birth/Ha
tch","Jul 01, 1939 +/- 1 day",Undetermined
,,,,,Transfer,Undetermined,MINOT
,,,,,Transfer,"Mar 13, 1946",RACINE
,,,,,Death,"Dec 05, 1952",RACINE
T1295,"Undeter
mined","Jul 04, 1939",UND,"T12
72","Birth/Ha
tch","Jul 04, 1939",DALLAS
,,,,,Transfer,"Sep 30, 1939",PRIVATE
,,,,,GO LTF,"Sep 30, 1939",PRIVATE
T1296,Undeter mined,"Jul 04, 1939",UND,T12 72,Birth/Ha tch,"Jul 04, 1939",DALLAS
,,,,,Transfer,"Sep 30, 1939",PRIVATE
,,,,,GO LTF,"Sep 30, 1939",PRIVATE
T1297,"Undeter
mined","Jul 04, 1939",UND,"T12
72","Birth/Ha
tch","Jul 04, 1939",DALLAS
,,,,,Transfer,"Sep 30, 1939",PRIVATE
,,,,,GO LTF,"Sep 30, 1939",PRIVATE
T1298,"Undeter
mined","Jul 04, 1939",UND,"T12
72","Birth/Ha
tch","Jul 04, 1939",DALLAS
,,,,,Transfer,"Sep 30, 1939",PRIVATE
,,,,,GO LTF,"Sep 30, 1939",PRIVATE
T1299,Male,Undetermined,UND,UND,Birth/Ha tch,Undetermined,Undetermined
,,,,,Transfer,Undetermined,PRIVATE
,,,,,Transfer,"Jan 01, 1940",OKLAHOMA
,,,,,Transfer,"Dec 02, 1959",PRIVATE
,,,,,GO LTF,"Dec 02, 1959",PRIVATE
T1300,Undeter mined,"May 25, 1940",UND,T12 72,Birth/Ha tch,"May 25, 1940",DALLAS
,,,,,Transfer,"Sep 05, 1940",PRIVATE
,,,,,GO LTF,"Sep 05, 1940",PRIVATE
T1301,"Undeter
mined","May 25, 1940",UND,"T12
72","Birth/Ha
tch","May 25, 1940",DALLAS
,,,,,Transfer,"Sep 05, 1940",PRIVATE
,,,,,GO LTF,"Sep 05, 1940",PRIVATE
T1302,Female,"May 25, 1940",UND,T12 72,Birth/Ha tch,"May 25, 1940",DALLAS
,,,,,Death,"Nov 01, 1943",DALLAS
T1303,Undeter mined,"Sep 30, 1940",UND,T12 72,Birth/Ha tch,"Sep 30, 1940",DALLAS
,,,,,Transfer,"Nov 29, 1940",PRIVATE
,,,,,GO LTF,"Nov 29, 1940",PRIVATE
T1304,"Undeter
mined","Sep 30, 1940",UND,"T12
72","Birth/Ha
tch","Sep 30, 1940",DALLAS
,,,,,Death,"Jan 01, 1950",DALLAS
T1305,Male,Undetermined,UND,UND,Birth/Ha tch,Undetermined,Undetermined
,,,,,Transfer,Undetermined,PRIVATE
,,,,,Transfer,"Nov 14, 1940",NY BRONX
,,,,,Transfer,"Feb 19, 1951",PHILADELP
,,,,,GO LTF,"Feb 19, 1951",PHILADELP
T1306,Male,Undetermined,UND,UND,"Birth/Ha
tch",Undetermined,Undetermined
,,,,,Transfer,Undetermined,PRIVATE
,,,,,Transfer,"Nov 14, 1940",NY BRONX
,,,,,Death,"Mar 18, 1944",NY BRONX
T1307,Male,Undetermined,UND,UND,"Birth/Ha
tch",Undetermined,Undetermined
,,,,,Transfer,Undetermined,PRIVATE
,,,,,Transfer,"Nov 14, 1940",NY BRONX
,,,,,Death,"Sep 21, 1943",NY BRONX
T1308,Male,Undetermined,UND,UND,Birth/Ha tch,Undetermined,Undetermined
,,,,,Transfer,Undetermined,PRIVATE
,,,,,Transfer,"Nov 14, 1940",NY BRONX
,,,,,Transfer,"Feb 19, 1951",PHILADELP
,,,,,GO LTF,"Feb 19, 1951",PHILADELP
T1309,Male,Undetermined,UND,UND,"Birth/Ha
tch",Undetermined,Undetermined
,,,,,Transfer,Undetermined,PRIVATE
,,,,,Transfer,"Nov 14, 1940",NY BRONX
,,,,,Transfer,"Feb 19, 1951",PHILADELP
,,,,,GO LTF,"Feb 19, 1951",PHILADELP
T1310,Female,"Nov 24, 1940 +/- 15 day",UND,UND,"Birth/Ha
tch","Nov 24, 1940 +/- 15 day",BUFFALO
,,,,,Transfer,"Sep 25, 1941",NY BRONX
,,,,,Death,"Feb 02, 1942",NY BRONX
T1311,Male,"Nov 24, 1940 +/- 15 day",UND,UND,"Birth/Ha
tch","Nov 24, 1940 +/- 15 day",BUFFALO
,,,,,Transfer,"Sep 25, 1941",NY BRONX
,,,,,Death,"Feb 03, 1942",NY BRONX
T1312,Female,"Nov 24, 1940 +/- 15 day",UND,UND,"Birth/Ha
tch","Nov 24, 1940 +/- 15 day",BUFFALO
,,,,,Transfer,"Sep 25, 1941",NY BRONX
,,,,,Death,"Apr 11, 1942",NY BRONX
T1313,Female,"Jan 01, 1941",UND,UND,Birth/Ha tch,"Jan 01, 1941",SANDIEGOZ
,,,,,Transfer,"Feb 27, 1949",UNDETERMI
,,,,,GO LTF,"Feb 27, 1949",UNDETERMI
T1314,Female,Undetermined,UND,UND,"Birth/Ha
tch",Undetermined,Undetermined
,,,,,Transfer,Undetermined,PRIVATE
,,,,,Transfer,"Jan 01, 1941",OKLAHOMA
,,,,,Transfer,"Mar 10, 1961",PRIVATE
,,,,,GO LTF,"Mar 10, 1961",PRIVATE
T1315,Male,Undetermined,UND,UND,Birth/Ha tch,Undetermined,ST LOUIS
,,,,,Transfer,"Feb 13, 1941",NY BRONX
,,,,,Death,"Feb 03, 1942",NY BRONX
T1316,Female,"Mar 26, 1941 +/- 15 day",UND,UND,"Birth/Ha
tch","Mar 26, 1941 +/- 15 day",Undetermined
,,,,,Transfer,Undetermined,PRIVATE
,,,,,Transfer,"May 26, 1941",NY BRONX
,,,,,Transfer,"Mar 10, 1943",PRIVATE
,,,,,GO LTF,"Mar 10, 1943",PRIVATE
T1317,Female,Undetermined,UND,UND,"Birth/Ha
tch",Undetermined,Undetermined
,,,,,Transfer,Undetermined,PRIVATE
,,,,,Transfer,"May 08, 1941",NY BRONX
,,,,,Death,"Mar 21, 1951",NY BRONX
T1323,Undeter mined,Undetermined,UND,UND,Birth/Ha tch,Undetermined,Undetermined
,,,,,Transfer,Undetermined,PRIVATE
,,,,,Transfer,"May 26, 1941",NY BRONX
,,,,,Death,"Feb 02, 1942",NY BRONX
T1324,Male,Undetermined,UND,UND,"Birth/Ha
tch",Undetermined,Undetermined
,,,,,Transfer,Undetermined,PRIVATE
,,,,,Transfer,"Jun 06, 1941",NY BRONX
,,,,,Transfer,"Feb 13, 1942",PRIVATE
,,,,,GO LTF,"Feb 13, 1942",PRIVATE
T1325,Male,"Jul 15, 1941 +/- 15 day",UND,UND,"Birth/Ha
tch","Jul 15, 1941 +/- 15 day",Undetermined
,,,,,Transfer,Undetermined,DETROIT
,,,,,Transfer,"May 27, 1953",RACINE
,,,,,Transfer,"May 09, 1960",PRIVATE
,,,,,GO LTF,"May 09, 1960",PRIVATE
T1326,Male,Undetermined,UND,UND,"Birth/Ha
tch",Undetermined,Undetermined
,,,,,Transfer,Undetermined,PRIVATE
,,,,,Transfer,"Aug 03, 1941",NY BRONX
,,,,,Transfer,"Mar 10, 1943",PRIVATE
,,,,,GO LTF,"Mar 10, 1943",PRIVATE
T1327,Male,Undetermined,UND,UND,"Birth/Ha
tch",Undetermined,Undetermined
,,,,,Transfer,Undetermined,PRIVATE
,,,,,Transfer,"Sep 12, 1941",NY BRONX
,,,,,Transfer,"Feb 13, 1942",PRIVATE
,,,,,GO LTF,"Feb 13, 1942",PRIVATE
T1328,"Undeter
mined","Oct 25, 1941",UND,"T12
72","Birth/Ha
tch","Oct 25, 1941",DALLAS
,,,,,Death,"Oct 25, 1941",DALLAS
T1329,"Undeter
mined","Oct 25, 1941",UND,"T12
72","Birth/Ha
tch","Oct 25, 1941",DALLAS
,,,,,Transfer,"Jan 01, 1950",UNDETERMI
,,,,,GO LTF,"Jan 01, 1950",UNDETERMI
T1330,"Undeter
mined","Oct 25, 1941",UND,"T12
72","Birth/Ha
tch","Oct 25, 1941",DALLAS
,,,,,Transfer,"Jan 01, 1950",UNDETERMI
,,,,,GO LTF,"Jan 01, 1950",UNDETERMI
T1331,"Undeter
mined","Oct 25, 1941",UND,"T12
72","Birth/Ha
tch","Oct 25, 1941",DALLAS
,,,,,Transfer,"Jan 01, 1950",UNDETERMI
,,,,,GO LTF,"Jan 01, 1950",UNDETERMI
T1332,"Undeter
mined","Jan 02, 1942",UND,UND,"Birth/Ha
tch","Jan 02, 1942",NY BRONX
,,,,,Transfer,"Feb 10, 1942",PRIVATE
,,,,,GO LTF,"Feb 10, 1942",PRIVATE
T1333,Female,"Apr 10, 1942",UND,UND,"Birth/Ha
tch","Apr 10, 1942",PRIVATE
,,,,,Transfer,Undetermined,PRIVATE
,,,,,Transfer,"Jul 20, 1942",NZP-WASH
,,,,,Transfer,"Dec 31, 1942",PRIVATE
,,,,,GO LTF,"Dec 31, 1942",PRIVATE
T1334,Male,"Apr 16, 1942",UND,T12 72,Birth/Ha tch,"Apr 16, 1942",DALLAS
,,,,,Transfer,"Mar 15, 1944",PRIVATE
,,,,,GO LTF,"Mar 15, 1944",PRIVATE
T1335,Male,"Apr 16, 1942",UND,"T12
72","Birth/Ha
tch","Apr 16, 1942",DALLAS
,,,,,Transfer,"Mar 20, 1944",PRIVATE
,,,,,GO LTF,"Mar 20, 1944",PRIVATE
T1336,"Undeter
mined","Apr 16, 1942",UND,"T12
72","Birth/Ha
tch","Apr 16, 1942",DALLAS
,,,,,Transfer,"Jan 01, 1950",UNDETERMI
,,,,,GO LTF,"Jan 01, 1950",UNDETERMI
T1337,"Undeter
mined","Apr 16, 1942",UND,"T12
72","Birth/Ha
tch","Apr 16, 1942",DALLAS
,,,,,Transfer,"Jan 01, 1950",UNDETERMI
,,,,,GO LTF,"Jan 01, 1950",UNDETERMI
T1338,Undeter mined,"May 06, 1942",UND,UND,Birth/Ha tch,"May 06, 1942",NY BRONX
,,,,,Death,"Jun 06, 1942",NY BRONX
T1339,Male,"May 06, 1942",UND,UND,Birth/Ha tch,"May 06, 1942",NY BRONX
,,,,,Transfer,"Mar 08, 1943",PRIVATE
,,,,,GO LTF,"Mar 08, 1943",PRIVATE
T1340,"Undeter
mined","Aug 17, 1942",UND,UND,"Birth/Ha
tch","Aug 17, 1942",MILWAUKEE
,,,,,Death,"Aug 27, 1942",MILWAUKEE
T1341,Undeter mined,"Aug 17, 1942",UND,UND,Birth/Ha tch,"Aug 17, 1942",MILWAUKEE
,,,,,Death,"Aug 28, 1942",MILWAUKEE
T1342,Male,"Aug 17, 1942",UND,UND,Birth/Ha tch,"Aug 17, 1942",MILWAUKEE
,,,,,Death,"Aug 31, 1942",MILWAUKEE
T1343,Undeter mined,"Aug 17, 1942",UND,UND,Birth/Ha tch,"Aug 17, 1942",MILWAUKEE
,,,,,Death,"Sep 16, 1942",MILWAUKEE
T1344,Undeter mined,"Oct 31, 1942",UND,UND,Birth/Ha tch,"Oct 31, 1942",NY BRONX
,,,,,Death,"Nov 02, 1942",NY BRONX
T1345,"Undeter
mined","Oct 31, 1942",UND,UND,"Birth/Ha
tch","Oct 31, 1942",NY BRONX
,,,,,Death,"Nov 02, 1942",NY BRONX
T1346,Male,"Nov 02, 1942",UND,UND,"Birth/Ha
tch","Nov 02, 1942",NY BRONX
,,,,,Death,"Nov 04, 1942",NY BRONX
T1347,"Undeter
mined","May 22, 1943",UND,UND,"Birth/Ha
tch","May 22, 1943",MILWAUKEE
,,,,,Transfer,"Jan 21, 1944",PRIVATE
,,,,,GO LTF,"Jan 21, 1944",PRIVATE
T1348,Undeter mined,"May 22, 1943",UND,UND,Birth/Ha tch,"May 22, 1943",MILWAUKEE
,,,,,Transfer,"Jan 21, 1944",PRIVATE
,,,,,GO LTF,"Jan 21, 1944",PRIVATE
T1349,Male,"Jul 02, 1943 +/- 15 day",UND,UND,"Birth/Ha
tch","Jul 02, 1943 +/- 15 day",PRIVATE
,,,,,Transfer,"Jul 01, 1945 +/- 15 day",WINNIPEG
,,,,,Death,"May 01, 1956 +/- 1 day",WINNIPEG
T1350,Female,"Jul 09, 1943 +/- 15 day",UND,UND,Birth/Ha tch,"Jul 09, 1943 +/- 15 day",Undetermined
,,,,,Transfer,Undetermined,SAN ANTON
,,,,,Transfer,"Jul 07, 1948",FORTWORTH
,,,,,Death,"Nov 01, 1962",FORTWORTH
T1351,Female,"Jan 01, 1944",UND,UND,"Birth/Ha
tch","Jan 01, 1944",FORTWORTH
,,,,,Transfer,"Jan 01, 1945",DALLAS
,,,,,Death,"Jan 01, 1950",DALLAS
T1352,Female,"Aug 03, 1944 +/-
6 month",UND,UND,Birth/Ha tch,"Aug 03, 1944 +/-
6 month",Undetermined
,,,,,Transfer,Undetermined,PRIVATE
,,,,,Transfer,"Aug 02, 1949",FRESNO
,,,,,Death,"Nov 07, 1955",FRESNO
T1353,Male,"Aug 03, 1944 +/-
6 month",UND,UND,Birth/Ha tch,"Aug 03, 1944 +/-
6 month",Undetermined
,,,,,Transfer,Undetermined,PRIVATE
,,,,,Transfer,"Aug 02, 1949",FRESNO
,,,,,Death,"Mar 17, 1955",FRESNO
T1354,Female,"Dec 22, 1944",UND,UND,"Birth/Ha
tch","Dec 22, 1944",NY BRONX
,,,,,Death,"May 14, 1945",NY BRONX
T1355,Female,"Dec 22, 1944",UND,UND,"Birth/Ha
tch","Dec 22, 1944",NY BRONX
,,,,,Death,"Sep 15, 1966",NY BRONX
T1356,Undeter mined,"Jan 01, 1945",UND,T12 72,Birth/Ha tch,"Jan 01, 1945",DALLAS
,,,,,Transfer,"Dec 31, 1945",UNDETERMI
,,,,,GO LTF,"Dec 31, 1945",UNDETERMI
T1357,Undeter mined,"Jan 01, 1945",UND,T12 72,Birth/Ha tch,"Jan 01, 1945",DALLAS
,,,,,Transfer,"Dec 31, 1945",UNDETERMI
,,,,,GO LTF,"Dec 31, 1945",UNDETERMI
T1358,Undeter mined,"Jan 01, 1945",UND,T12 72,Birth/Ha tch,"Jan 01, 1945",DALLAS
,,,,,Transfer,"Dec 31, 1945",UNDETERMI
,,,,,GO LTF,"Dec 31, 1945",UNDETERMI
T1359,Male,Undetermined,UND,UND,"Birth/Ha
tch",Undetermined,Undetermined
,,,,,Transfer,Undetermined,PRIVATE
,,,,,Transfer,"Jan 01, 1945",DALLAS
,,,,,Death,"Jan 01, 1950",DALLAS
T1360,Male,Undetermined,UND,UND,Birth/Ha tch,Undetermined,Undetermined
,,,,,Transfer,Undetermined,PRIVATE
,,,,,Transfer,"Jan 01, 1945",DALLAS
,,,,,Death,"Jan 01, 1950",DALLAS
T1361,Male,Undetermined,UND,UND,Birth/Ha tch,Undetermined,Undetermined
,,,,,Transfer,Undetermined,BALTIMORE
,,,,,Transfer,"Feb 22, 1945",NZP-WASH
,,,,,Death,"Dec 03, 1957",NZP-WASH
T1362,"Undeter
mined","Jun 03, 1945",UND,UND,"Birth/Ha
tch","Jun 03, 1945",MILWAUKEE
,,,,,Death,"Jun 03, 1945",MILWAUKEE
T1363,"Undeter
mined","Jun 03, 1945",UND,UND,"Birth/Ha
tch","Jun 03, 1945",MILWAUKEE
,,,,,Death,"Jun 12, 1945",MILWAUKEE
T1364,Female,"Sep 19, 1945 +/-
6 month",UND,UND,Birth/Ha tch,"Sep 19, 1945 +/-
6 month",Undetermined
,,,,,Transfer,Undetermined,PRIVATE
,,,,,Transfer,"Sep 18, 1948",NZP-WASH
,,,,,Death,"Dec 31, 1948",NZP-WASH
T1365,"Undeter
mined","Nov 19, 1945",UND,UND,"Birth/Ha
tch","Nov 19, 1945",MILWAUKEE
,,,,,Transfer,"Feb 27, 1946",PRIVATE
,,,,,GO LTF,"Feb 27, 1946",PRIVATE
T1366,Female,"Jan 01, 1946 +/- 15 day",UND,UND,Birth/Ha tch,"Jan 01, 1946 +/- 15 day",Undetermined
,,,,,Transfer,Undetermined,PRIVATE
,,,,,Transfer,"Oct 16, 1948",SANDIEGOZ
,,,,,Transfer,"Jan 17, 1952",PRIVATE
,,,,,GO LTF,"Jan 17, 1952",PRIVATE
T1367,Undeter mined,"Jul 14, 1946",UND,T12 72,Birth/Ha tch,"Jul 14, 1946",DALLAS
,,,,,Transfer,"Dec 31, 1946",UNDETERMI
,,,,,GO LTF,"Dec 31, 1946",UNDETERMI
T1368,Undeter mined,"Jul 14, 1946",UND,T12 72,Birth/Ha tch,"Jul 14, 1946",DALLAS
,,,,,Transfer,"Dec 31, 1946",UNDETERMI
,,,,,GO LTF,"Dec 31, 1946",UNDETERMI
T1369,Undeter mined,"Jul 14, 1946",UND,T12 72,Birth/Ha tch,"Jul 14, 1946",DALLAS
,,,,,Transfer,"Dec 31, 1946",UNDETERMI
,,,,,GO LTF,"Dec 31, 1946",UNDETERMI
T1370,Undeter mined,"Jul 14, 1946",UND,T12 72,Birth/Ha tch,"Jul 14, 1946",DALLAS
,,,,,Transfer,"Dec 31, 1946",UNDETERMI
,,,,,GO LTF,"Dec 31, 1946",UNDETERMI
T1371,Male,"Nov 08, 1946",T1294,T12 46,Birth/Ha tch,"Nov 08, 1946",RACINE
,,,,,Transfer,"Oct 17, 1947",PRIVATE
,,,,,GO LTF,"Oct 17, 1947",PRIVATE
T1372,Female,"Nov 08, 1946",T1294,"T12
46","Birth/Ha
tch","Nov 08, 1946",RACINE
,,,,,Transfer,"Oct 07, 1947",PRIVATE
,,,,,GO LTF,"Oct 07, 1947",PRIVATE
T1373,Male,"Jan 01, 1947 +/- 15 day",WILD,WIL D,Birth/Ha tch,"Jan 01, 1947 +/- 15 day",Africa
,,,,,Wild Capture,Undetermined,Africa
,,,,,Transfer,Undetermined,PRIVATE
,,,,,Transfer,"May 17, 1948",SANDIEGOZ
,,,,,Transfer,"Jan 17, 1952",PRIVATE
,,,,,GO LTF,"Jan 17, 1952",PRIVATE
T1374,Female,"Jan 02, 1947 +/-
6 month",UND,UND,"Birth/Ha
tch","Jan 02, 1947 +/-
6 month",Undetermined
,,,,,Transfer,"Jan 01, 1949",MEMPHIS
,,,,,Death,"Nov 01, 1959",MEMPHIS
T1375,Male,"Jan 14, 1947",T1258,"T12
20","Birth/Ha
tch","Jan 14, 1947",FORTWORTH
,,,,,Transfer,"Jan 01, 1948",UNDETERMI
,,,,,GO LTF,"Jan 01, 1948",UNDETERMI
T1376,Female,"Feb 13, 1947 +/- 15 day",UND,UND,Birth/Ha tch,"Feb 13, 1947 +/- 15 day",MEMPHIS
,,,,,Transfer,"Feb 12, 1951",WINNIPEG
,,,,,Death,"Nov 15, 1962",WINNIPEG
T1377,"Undeter
mined","Oct 01, 1947",UND,"T12
72","Birth/Ha
tch","Oct 01, 1947",DALLAS
,,,,,Transfer,"Dec 31, 1948",UNDETERMI
,,,,,GO LTF,"Dec 31, 1948",UNDETERMI
T1378,"Undeter
mined","Oct 01, 1947",UND,"T12
72","Birth/Ha
tch","Oct 01, 1947",DALLAS
,,,,,Transfer,"Dec 31, 1948",UNDETERMI
,,,,,GO LTF,"Dec 31, 1948",UNDETERMI
T1379,"Undeter
mined","Oct 01, 1947",UND,"T12
72","Birth/Ha
tch","Oct 01, 1947",DALLAS
,,,,,Transfer,"Dec 31, 1948",UNDETERMI
,,,,,GO LTF,"Dec 31, 1948",UNDETERMI
T1380,"Undeter
mined","Oct 01, 1947",UND,"T12
72","Birth/Ha
tch","Oct 01, 1947",DALLAS
,,,,,Transfer,"Dec 31, 1948",UNDETERMI
,,,,,GO LTF,"Dec 31, 1948",UNDETERMI
T1381,"Undeter
mined","Oct 01, 1947",UND,"T12
72","Birth/Ha
tch","Oct 01, 1947",DALLAS
,,,,,Transfer,"Dec 31, 1948",UNDETERMI
,,,,,GO LTF,"Dec 31, 1948",UNDETERMI
T1382,Female,"Jan 01, 1948",T1359,T13 51,Birth/Ha tch,"Jan 01, 1948",DALLAS
,,,,,Death,"Jun 21, 1966",DALLAS
T1383,Male,"Feb 01, 1948",T1294,T12 93,Birth/Ha tch,"Feb 01, 1948",RACINE
,,,,,Death,"May 02, 1948",RACINE
T1384,Female,"Feb 01, 1948",T1294,T12 93,Birth/Ha tch,"Feb 01, 1948",RACINE
,,,,,Transfer,"Jun 06, 1949",PRIVATE
,,,,,GO LTF,"Jun 06, 1949",PRIVATE
T1385,Female,Undetermined,UND,UND,"Birth/Ha
tch",Undetermined,Undetermined
,,,,,Transfer,Undetermined,PUBLIC
,,,,,Transfer,"Jan 01, 1949",RACINE
,,,,,Death,"May 09, 1950",RACINE
T1386,Female,Undetermined,UND,UND,Birth/Ha tch,Undetermined,Undetermined
,,,,,Transfer,Undetermined,BALTIMORE
,,,,,Transfer,"Feb 19, 1948",NZP-WASH
,,,,,Death,"Nov 28, 1957",NZP-WASH
T1387,Female,Undetermined,UND,UND,"Birth/Ha
tch",Undetermined,Undetermined
,,,,,Transfer,Undetermined,UNDETERMI
,,,,,Transfer,"Sep 01, 1962",DULUTH
,,,,,Death,"May 18, 1981",DULUTH
T1388,"Undeter
mined","Sep 14, 1948",UND,"T12
72","Birth/Ha
tch","Sep 14, 1948",DALLAS
,,,,,Transfer,"Dec 31, 1949",UNDETERMI
,,,,,GO LTF,"Dec 31, 1949",UNDETERMI
T1389,"Undeter
mined","Sep 14, 1948",UND,"T12
72","Birth/Ha
tch","Sep 14, 1948",DALLAS
,,,,,Transfer,"Dec 31, 1949",UNDETERMI
,,,,,GO LTF,"Dec 31, 1949",UNDETERMI
T1390,"Undeter
mined","Sep 14, 1948",UND,"T12
72","Birth/Ha
tch","Sep 14, 1948",DALLAS
,,,,,Transfer,"Dec 31, 1949",UNDETERMI
,,,,,GO LTF,"Dec 31, 1949",UNDETERMI
T1391,"Undeter
mined","Sep 14, 1948",UND,"T12
72","Birth/Ha
tch","Sep 14, 1948",DALLAS
,,,,,Transfer,"Dec 31, 1949",UNDETERMI
,,,,,GO LTF,"Dec 31, 1949",UNDETERMI
T1392,Female,"Jan 01, 1949 +/- 15 day",WILD,WIL D,Birth/Ha tch,"Jan 01, 1949 +/- 15 day",KINGINI R
,,,,,Wild Capture,Undetermined,KINGINI R
,,,,,Transfer,Undetermined,PRIVATE
,,,,,Transfer,"Oct 18, 1951",SANDIEGOZ
,,,,,Death,"Jan 01, 1956",SANDIEGOZ
T1393,Female,"Jan 01, 1949 +/- 15 day",WILD,"WIL
D","Birth/Ha
tch","Jan 01, 1949 +/- 15 day",KINGINI R
,,,,,"Wild
Capture",Undetermined,KINGINI R
,,,,,Transfer,Undetermined,PRIVATE
,,,,,Transfer,"Oct 18, 1951",SANDIEGOZ
,,,,,Death,"Dec 25, 1961",SANDIEGOZ
T1394,Male,"Jan 01, 1949 +/- 15 day",WILD,"WIL
D","Birth/Ha
tch","Jan 01, 1949 +/- 15 day",KINGINI R
,,,,,"Wild
Capture",Undetermined,KINGINI R
,,,,,Transfer,Undetermined,PRIVATE
,,,,,Transfer,"Oct 18, 1951",SANDIEGOZ
,,,,,Death,"Jan 01, 1956",SANDIEGOZ
T1395,Male,"Jan 01, 1949 +/-
6 month",WILD,"WIL
D","Birth/Ha
tch","Jan 01, 1949 +/-
6 month",Undetermined
,,,,,"Wild
Capture",Undetermined,Undetermined
,,,,,Transfer,Undetermined,UNDETERMI
,,,,,Transfer,"Jan 01, 1950",ABQBIOPK
,,,,,Death,"Jul 08, 1975",ABQBIOPK
T1396,Female,"Jan 01, 1949 +/-
6 month",UND,UND,"Birth/Ha
tch","Jan 01, 1949 +/-
6 month",Undetermined
,,,,,Transfer,"Jan 01, 1950",MEMPHIS
,,,,,Death,"Aug 12, 1956",MEMPHIS
T1397,Male,"Jan 12, 1949 +/-
6 month",UND,UND,Birth/Ha tch,"Jan 12, 1949 +/-
6 month",Undetermined
,,,,,Transfer,Undetermined,PRIVATE
,,,,,Transfer,"Jan 12, 1952",MILWAUKEE
,,,,,Death,"Mar 30, 1972",MILWAUKEE
T1398,Female,"Jan 12, 1949 +/-
6 month",UND,UND,"Birth/Ha
tch","Jan 12, 1949 +/-
6 month",Undetermined
,,,,,Transfer,Undetermined,PRIVATE
,,,,,Transfer,"Jan 12, 1952",MILWAUKEE
,,,,,Death,"Aug 23, 1969",MILWAUKEE
T1399,Female,"Feb 19, 1949",T1294,"T12
93","Birth/Ha
tch","Feb 19, 1949",RACINE
,,,,,Transfer,"Oct 04, 1949",WINNIPEG
,,,,,GO LTF,"Oct 04, 1949",WINNIPEG
T1400,Male,"Feb 19, 1949",T1294,"T12
93","Birth/Ha
tch","Feb 19, 1949",RACINE
,,,,,Death,"Jul 12, 1950",RACINE
T1401,Female,"Feb 19, 1949",T1294,"T12
93","Birth/Ha
tch","Feb 19, 1949",RACINE
,,,,,Transfer,"Nov 09, 1949",PRIVATE
,,,,,GO LTF,"Nov 09, 1949",PRIVATE
T1402,Male,"Feb 19, 1949",T1294,"T12
93","Birth/Ha
tch","Feb 19, 1949",RACINE
,,,,,Transfer,"Nov 09, 1949",PRIVATE
,,,,,GO LTF,"Nov 09, 1949",PRIVATE
T1403,Male,"Feb 20, 1949",UND,UND,"Birth/Ha
tch","Feb 20, 1949",CLEVELAND
,,,,,Transfer,"Nov 17, 1949",NY BRONX
,,,,,Death,"May 12, 1959",NY BRONX
T1404,Female,"Apr 01, 1949 +/- 1 day",UND,UND,"Birth/Ha
tch","Apr 01, 1949 +/- 1 day",Undetermined
,,,,,Transfer,"Jun 30, 1949",CALGARY
,,,,,Transfer,"Jul 01, 1949",WINNIPEG
,,,,,Death,"Jul 01, 1950 +/- 15 day",WINNIPEG
T1405,Male,"May 02, 1949 +/-
6 month",UND,UND,"Birth/Ha
tch","May 02, 1949 +/-
6 month",Undetermined
,,,,,Transfer,Undetermined,PRIVATE
,,,,,Transfer,"May 01, 1955",FRESNO
,,,,,Death,"Jan 01, 1960",FRESNO
T1406,Male,"May 20, 1949",UND,UND,"Birth/Ha
tch","May 20, 1949",DALLAS
,,,,,Transfer,Undetermined,PRIVATE
,,,,,Transfer,"Nov 16, 1949",NY BRONX
,,,,,Transfer,"May 21, 1959",BUFFALO
,,,,,Death,"Aug 16, 1965",BUFFALO
T1407,Male,"May 20, 1949",UND,UND,"Birth/Ha
tch","May 20, 1949",DALLAS
,,,,,Transfer,Undetermined,PRIVATE
,,,,,Transfer,"Nov 16, 1949",NY BRONX
,,,,,Transfer,"Jun 17, 1959",PRIVATE
,,,,,GO LTF,"Jun 17, 1959",PRIVATE
T1408,Male,"May 20, 1949",UND,UND,"Birth/Ha
tch","May 20, 1949",DALLAS
,,,,,Transfer,Undetermined,PRIVATE
,,,,,Transfer,"Nov 16, 1949",NY BRONX
,,,,,Transfer,"May 21, 1959",PRIVATE
,,,,,GO LTF,"May 21, 1959",PRIVATE
T1409,Male,"Jul 01, 1949",UND,UND,"Birth/Ha
tch","Jul 01, 1949",DALLAS
,,,,,Transfer,Undetermined,PRIVATE
,,,,,Transfer,"Nov 16, 1949",NY BRONX
,,,,,Transfer,"Jun 04, 1959",PRIVATE
,,,,,GO LTF,"Jun 04, 1959",PRIVATE
T1410,Male,"Jul 01, 1949",UND,UND,"Birth/Ha
tch","Jul 01, 1949",DALLAS
,,,,,Transfer,Undetermined,PRIVATE
,,,,,Transfer,"Nov 16, 1949",NY BRONX
,,,,,Death,"Nov 06, 1956",NY BRONX
T1411,Male,"Jul 01, 1949",UND,UND,Birth/Ha tch,"Jul 01, 1949",DALLAS
,,,,,Transfer,Undetermined,PRIVATE
,,,,,Transfer,"Nov 16, 1949",NY BRONX
,,,,,Death,"Feb 28, 1966",NY BRONX
T1412,Male,Undetermined,UND,UND,Birth/Ha tch,Undetermined,Undetermined
,,,,,Transfer,Undetermined,PRIVATE
,,,,,Transfer,"Oct 26, 1949",MEMPHIS
,,,,,Death,"Nov 03, 1959",MEMPHIS
T1413,Male,Undetermined,UND,UND,"Birth/Ha
tch",Undetermined,Undetermined
,,,,,Transfer,Undetermined,PRIVATE
,,,,,Transfer,"Nov 04, 1949",NZP-WASH
,,,,,Death,"Jan 23, 1957",NZP-WASH
T1414,"Undeter
mined","Nov 21, 1949",T1360,"T12
72","Birth/Ha
tch","Nov 21, 1949",DALLAS
,,,,,Transfer,"Dec 31, 1950",UNDETERMI
,,,,,GO LTF,"Dec 31, 1950",UNDETERMI
T1415,Male,"Nov 21, 1949",T1360,"T12
72","Birth/Ha
tch","Nov 21, 1949",DALLAS
,,,,,Death,"Nov 20, 1968",DALLAS
T1416,Female,"Jul 01, 1950",T1294,T12 93,Birth/Ha tch,"Jul 01, 1950",RACINE
,,,,,Death,"Feb 11, 1955",RACINE
T1417,Male,"Jul 01, 1950",T1294,T12 93,Birth/Ha tch,"Jul 01, 1950",RACINE
,,,,,Transfer,"May 13, 1953",PRIVATE
,,,,,GO LTF,"May 13, 1953",PRIVATE
T1418,"Undeter
mined","Nov 02, 1950",UND,UND,"Birth/Ha
tch","Nov 02, 1950",NZP-WASH
,,,,,Death,"Nov 05, 1950",NZP-WASH
T1419,"Undeter
mined","Nov 02, 1950",UND,UND,"Birth/Ha
tch","Nov 02, 1950",NZP-WASH
,,,,,Death,"Nov 23, 1950",NZP-WASH
T1420,"Undeter
mined","Dec 01, 1950 +/- 15 day",UND,UND,"Birth/Ha
tch","Dec 01, 1950 +/- 15 day",Undetermined
,,,,,Transfer,Undetermined,PRIVATE
,,,,,Transfer,"Jun 02, 1951",NZP-WASH
,,,,,Transfer,"Dec 31, 1951",PRIVATE
,,,,,GO LTF,"Dec 31, 1951",PRIVATE
T1421,"Undeter
mined","Dec 01, 1950 +/- 15 day",UND,UND,"Birth/Ha
tch","Dec 01, 1950 +/- 15 day",Undetermined
,,,,,Transfer,Undetermined,PRIVATE
,,,,,Transfer,"Jun 02, 1951",NZP-WASH
,,,,,Transfer,"Dec 31, 1951",PRIVATE
,,,,,GO LTF,"Dec 31, 1951",PRIVATE
T1422,"Undeter
mined","Mar 27, 1951",UND,UND,"Birth/Ha
tch","Mar 27, 1951",NZP-WASH
,,,,,Death,"Apr 03, 1951",NZP-WASH
T1423,"Undeter
mined","Mar 27, 1951",UND,UND,"Birth/Ha
tch","Mar 27, 1951",NZP-WASH
,,,,,Death,"Apr 14, 1951",NZP-WASH
T1424,"Undeter
mined","Mar 27, 1951",UND,UND,"Birth/Ha
tch","Mar 27, 1951",NZP-WASH
,,,,,Death,"Jun 16, 1951",NZP-WASH
T1425,Male,"Jul 23, 1951 +/- 15 day",UND,UND,"Birth/Ha
tch","Jul 23, 1951 +/- 15 day",Undetermined
,,,,,Transfer,Undetermined,PRIVATE
,,,,,Transfer,"Jan 22, 1952",NZP-WASH
,,,,,Transfer,"Feb 11, 1952",PRIVATE
,,,,,GO LTF,"Feb 11, 1952",PRIVATE
T1426,Male,"Aug 09, 1951 +/-
6 month",UND,UND,"Birth/Ha
tch","Aug 09, 1951 +/-
6 month",Undetermined
,,,,,Transfer,Undetermined,PRIVATE
,,,,,Transfer,"Aug 08, 1955",ST PAUL
,,,,,Death,"May 12, 1966",ST PAUL
T1427,Male,"Aug 09, 1951 +/-
6 month",UND,UND,"Birth/Ha
tch","Aug 09, 1951 +/-
6 month",Undetermined
,,,,,Transfer,Undetermined,PRIVATE
,,,,,Transfer,"Aug 08, 1955",ST PAUL
,,,,,Death,"Dec 03, 1965",ST PAUL
T1428,Male,"Aug 16, 1951",T1361,T13 86,Birth/Ha tch,"Aug 16, 1951",NZP-WASH
,,,,,Death,"Apr 12, 1959",NZP-WASH
T1429,Undeter mined,"Aug 16, 1951",T1361,T13 86,Birth/Ha tch,"Aug 16, 1951",NZP-WASH
,,,,,Death,"Aug 18, 1951",NZP-WASH
T1430,Undeter mined,"Aug 16, 1951",T1361,T13 86,Birth/Ha tch,"Aug 16, 1951",NZP-WASH
,,,,,Death,"Aug 18, 1951",NZP-WASH
T1431,"Undeter
mined","Aug 29, 1951",UND,UND,"Birth/Ha
tch","Aug 29, 1951",SANDIEGOZ
,,,,,Death,"Aug 30, 1951",SANDIEGOZ
T1432,"Undeter
mined","Aug 29, 1951",UND,UND,"Birth/Ha
tch","Aug 29, 1951",SANDIEGOZ
,,,,,Death,"Aug 30, 1951",SANDIEGOZ
T1433,Male,Undetermined,UND,UND,"Birth/Ha
tch",Undetermined,Undetermined
,,,,,Transfer,Undetermined,PRIVATE
,,,,,Transfer,"Nov 16, 1951",NZP-WASH
,,,,,Transfer,"Dec 31, 1951",PRIVATE
,,,,,GO LTF,"Dec 31, 1951",PRIVATE
T1434,"Undeter
mined","Mar 20, 1952",UND,UND,"Birth/Ha
tch","Mar 20, 1952",NZP-WASH
,,,,,Death,"Mar 27, 1952",NZP-WASH
T1435,"Undeter
mined","Mar 20, 1952",UND,UND,"Birth/Ha
tch","Mar 20, 1952",NZP-WASH
,,,,,Death,"Mar 28, 1952",NZP-WASH
T1436,Male,"Apr 22, 1952 +/-
6 month",UND,UND,"Birth/Ha
tch","Apr 22, 1952 +/-
6 month",PRIVATE
,,,,,Transfer,"Apr 23, 1969",LOUISVILL
,,,,,Death,"Mar 22, 1977",LOUISVILL
T1437,Male,"May 07, 1952",T1349,"T13
76","Birth/Ha
tch","May 07, 1952",WINNIPEG
,,,,,Transfer,"Oct 23, 1952",GRANBY
,,,,,GO LTF,"Oct 23, 1952",GRANBY
T1438,Male,"May 07, 1952",T1349,"T13
76","Birth/Ha
tch","May 07, 1952",WINNIPEG
,,,,,Transfer,"Oct 15, 1953 +/- 15 day",PRIVATE
,,,,,Transfer,"Nov 15, 1953 +/- 15 day",SEATTLE
,,,,,GO LTF,"Nov 15, 1953 +/- 15 day",SEATTLE
T1439,Female,"May 07, 1952",T1349,T13 76,Birth/Ha tch,"May 07, 1952",WINNIPEG
,,,,,Transfer,"Oct 15, 1953 +/- 15 day",PRIVATE
,,,,,Transfer,"Nov 15, 1953 +/- 15 day",SEATTLE
,,,,,GO LTF,"Nov 15, 1953 +/- 15 day",SEATTLE
T1440,"Undeter
mined","Jun 18, 1952",T1259,"T12
72","Birth/Ha
tch","Jun 18, 1952",DALLAS
,,,,,Transfer,"Dec 31, 1952",UNDETERMI
,,,,,GO LTF,"Dec 31, 1952",UNDETERMI
T1441,Undeter mined,"Jun 18, 1952",T1259,T12 72,Birth/Ha tch,"Jun 18, 1952",DALLAS
,,,,,Transfer,"Dec 31, 1952",UNDETERMI
,,,,,GO LTF,"Dec 31, 1952",UNDETERMI
T1442,Undeter mined,"Jun 19, 1952",T1415,T13 82,Birth/Ha tch,"Jun 19, 1952",DALLAS
,,,,,Death,"Dec 31, 1952",DALLAS
T1443,"Undeter
mined","Jun 19, 1952",T1415,"T13
82","Birth/Ha
tch","Jun 19, 1952",DALLAS
,,,,,Death,"Dec 31, 1952",DALLAS
T1444,"Undeter
mined","Jun 19, 1952",T1415,"T13
82","Birth/Ha
tch","Jun 19, 1952",DALLAS
,,,,,Transfer,"Dec 31, 1952",UNDETERMI
,,,,,GO LTF,"Dec 31, 1952",UNDETERMI
T1445,"Undeter
mined","Jun 19, 1952",T1415,"T13
82","Birth/Ha
tch","Jun 19, 1952",DALLAS
,,,,,Transfer,"Dec 31, 1952",UNDETERMI
,,,,,GO LTF,"Dec 31, 1952",UNDETERMI
T1446,"Undeter
mined","Jun 19, 1952",T1415,"T13
82","Birth/Ha
tch","Jun 19, 1952",DALLAS
,,,,,Transfer,"Dec 31, 1952",UNDETERMI
,,,,,GO LTF,"Dec 31, 1952",UNDETERMI
T1447,Male,"Jul 16, 1952 +/- 15 day",WILD,WIL D,Birth/Ha tch,"Jul 16, 1952 +/- 15 day",Kenya / ~
,,,,,"Wild
Capture",Undetermined,Kenya / ~
,,,,,Transfer,Undetermined,PRIVATE
,,,,,Transfer,"Jul 15, 1956",WINNIPEG
,,,,,Death,"Mar 29, 1963",WINNIPEG
T1448,Male,"Aug 01, 1952 +/- 15 day",UND,UND,"Birth/Ha
tch","Aug 01, 1952 +/- 15 day",Undetermined
,,,,,Transfer,Undetermined,HOUSTON
,,,,,Transfer,"Aug 01, 1953",FORTWORTH
,,,,,Transfer,"Jan 01, 1964",PRIVATE
,,,,,GO LTF,"Jan 01, 1964",PRIVATE
T1449,"Undeter
mined","Aug 16, 1952",T1361,"T13
86","Birth/Ha
tch","Aug 16, 1952",NZP-WASH
,,,,,Death,"Apr 21, 1953",NZP-WASH
T1450,"Undeter
mined","Aug 16, 1952",T1361,"T13
86","Birth/Ha
tch","Aug 16, 1952",NZP-WASH
,,,,,Death,"Dec 31, 1954",NZP-WASH
T1451,"Undeter
mined","Aug 16, 1952",T1361,"T13
86","Birth/Ha
tch","Aug 16, 1952",NZP-WASH
,,,,,Death,"Mar 15, 1956",NZP-WASH
T1452,Male,"Aug 27, 1952",T5025,"T12
92","Birth/Ha
tch","Aug 27, 1952",SAN FRAN
,,,,,Death,"Jun 21, 1974",SAN FRAN
T1453,Male,"Aug 27, 1952",T5025,T12 92,Birth/Ha tch,"Aug 27, 1952",SAN FRAN
,,,,,Death,"Oct 04, 1968",SAN FRAN
T1454,Male,"Sep 13, 1952",T1397,"T13
98","Birth/Ha
tch","Sep 13, 1952",MILWAUKEE
,,,,,Transfer,"Mar 05, 1954",PRIVATE
,,,,,GO LTF,"Mar 05, 1954",PRIVATE
T1455,Male,"Sep 13, 1952",T1397,"T13
98","Birth/Ha
tch","Sep 13, 1952",MILWAUKEE
,,,,,Transfer,"Mar 05, 1954",PRIVATE
,,,,,GO LTF,"Mar 05, 1954",PRIVATE
T1456,Female,"Sep 13, 1952",T1397,"T13
98","Birth/Ha
tch","Sep 13, 1952",MILWAUKEE
,,,,,Transfer,"Mar 05, 1954",PRIVATE
,,,,,GO LTF,"Mar 05, 1954",PRIVATE
T1457,Female,"Dec 31, 1952 +/-
6 month",UND,UND,"Birth/Ha
tch","Dec 31, 1952 +/-
6 month",Undetermined
,,,,,Transfer,"Jan 01, 1970",MANHATTAN
,,,,,Transfer,"Nov 01, 1984",LINCOLN C
,,,,,Transfer,"Nov 23, 1984",PRIVATE
,,,,,GO LTF,"Nov 23, 1984",PRIVATE
T1458,Male,"Dec 31, 1952 +/-
6 month",UND,UND,"Birth/Ha
tch","Dec 31, 1952 +/-
6 month",Undetermined
,,,,,Transfer,Undetermined,PRIVATE
,,,,,Transfer,"Jan 01, 1962",KNOXVILLE
,,,,,Death,"May 26, 1976",KNOXVILLE
T1459,Female,"Jan 07, 1953",T1294,"T12
93","Birth/Ha
tch","Jan 07, 1953",RACINE
,,,,,Death,"Oct 14, 1955",RACINE
T1460,Female,"Jan 07, 1953",T1294,"T12
93","Birth/Ha
tch","Jan 07, 1953",RACINE
,,,,,Transfer,"Jun 06, 1954",PRIVATE
,,,,,GO LTF,"Jun 06, 1954",PRIVATE
T1461,Undeter mined,"Jan 08, 1953",T1394,UND,Birth/Ha tch,"Jan 08, 1953",SANDIEGOZ
,,,,,Death,"Jan 08, 1953",SANDIEGOZ
T1462,"Undeter
mined","Jan 08, 1953",T1394,UND,"Birth/Ha
tch","Jan 08, 1953",SANDIEGOZ
,,,,,Death,"Jan 08, 1953",SANDIEGOZ
T1463,"Undeter
mined","Jan 08, 1953",T1394,UND,"Birth/Ha
tch","Jan 08, 1953",SANDIEGOZ
,,,,,Death,"Jan 08, 1953",SANDIEGOZ
T1464,"Undeter
mined","Jan 15, 1953",T1394,UND,"Birth/Ha
tch","Jan 15, 1953",SANDIEGOZ
,,,,,Death,"Jan 15, 1953",SANDIEGOZ
T1465,Undeter mined,"Jan 15, 1953",T1394,UND,Birth/Ha tch,"Jan 15, 1953",SANDIEGOZ
,,,,,Death,"Jan 15, 1953",SANDIEGOZ
T1466,Male,"Jan 19, 1953 +/-
6 month",UND,UND,Birth/Ha tch,"Jan 19, 1953 +/-
6 month",GLEN OAK
,,,,,Transfer,Undetermined,PRIVATE
,,,,,Transfer,"Jan 19, 1955",RACINE
,,,,,Death,"Nov 15, 1974",RACINE
T1467,"Undeter
mined","Mar 10, 1953",UND,"T12
72","Birth/Ha
tch","Mar 10, 1953",DALLAS
,,,,,Transfer,"Dec 31, 1953",UNDETERMI
,,,,,GO LTF,"Dec 31, 1953",UNDETERMI
T1468,"Undeter
mined","Mar 10, 1953",UND,"T12
72","Birth/Ha
tch","Mar 10, 1953",DALLAS
,,,,,Transfer,"Dec 31, 1953",UNDETERMI
,,,,,GO LTF,"Dec 31, 1953",UNDETERMI
T1469,Undeter mined,"Mar 15, 1953",T1415,T13 82,Birth/Ha tch,"Mar 15, 1953",DALLAS
,,,,,Death,"Mar 15, 1953",DALLAS
T1470,Female,"Apr 01, 1953 +/- 15 day",T5043,T50 44,Birth/Ha tch,"Apr 01, 1953 +/- 15 day",COLO SPRG
,,,,,Transfer,"Mar 09, 1961",OKLAHOMA
,,,,,Death,"Apr 25, 1961",OKLAHOMA
T1471,Male,Undetermined,UND,UND,"Birth/Ha
tch",Undetermined,Undetermined
,,,,,Transfer,Undetermined,PRIVATE
,,,,,Transfer,"Jun 14, 1953",NZP-WASH
,,,,,Transfer,"Jun 30, 1953",PRIVATE
,,,,,GO LTF,"Jun 30, 1953",PRIVATE
T1472,Female,Undetermined,UND,UND,"Birth/Ha
tch",Undetermined,Undetermined
,,,,,Transfer,Undetermined,PRIVATE
,,,,,Transfer,"Jun 14, 1953",NZP-WASH
,,,,,Transfer,"Jun 30, 1953",PRIVATE
,,,,,GO LTF,"Jun 30, 1953",PRIVATE
T1473,Undeter mined,"Jul 06, 1953",T1394,UND,Birth/Ha tch,"Jul 06, 1953",SANDIEGOZ
,,,,,Death,"Jul 06, 1953",SANDIEGOZ
T1474,"Undeter
mined","Jul 06, 1953",T1394,UND,"Birth/Ha
tch","Jul 06, 1953",SANDIEGOZ
,,,,,Death,"Jul 06, 1953",SANDIEGOZ
T1475,"Undeter
mined","Jul 06, 1953",T1394,UND,"Birth/Ha
tch","Jul 06, 1953",SANDIEGOZ
,,,,,Death,"Jul 06, 1953",SANDIEGOZ
T1476,Male,"Jul 25, 1953",T1394,UND,"Birth/Ha
tch","Jul 25, 1953",SANDIEGOZ
,,,,,Death,"Aug 01, 1953",SANDIEGOZ
T1477,"Undeter
mined","Jul 25, 1953",T1394,UND,"Birth/Ha
tch","Jul 25, 1953",SANDIEGOZ
,,,,,Death,"Aug 07, 1953",SANDIEGOZ
T1478,Undeter mined,"Jul 25, 1953",T1394,UND,Birth/Ha tch,"Jul 25, 1953",SANDIEGOZ
,,,,,Death,"Jan 01, 1958",SANDIEGOZ
T1479,"Undeter
mined","Jul 25, 1953",T1394,UND,"Birth/Ha
tch","Jul 25, 1953",SANDIEGOZ
,,,,,Death,"Jan 01, 1958",SANDIEGOZ
T1480,"Undeter
mined","Aug 03, 1953",UND,UND,"Birth/Ha
tch","Aug 03, 1953",NZP-WASH
,,,,,Transfer,"May 04, 1956",ERIE
,,,,,GO LTF,"May 04, 1956",ERIE
T1481,"Undeter
mined","Aug 03, 1953",UND,UND,"Birth/Ha
tch","Aug 03, 1953",NZP-WASH
,,,,,Transfer,"May 04, 1956",ERIE
,,,,,GO LTF,"May 04, 1956",ERIE
T1482,"Undeter
mined","Aug 03, 1953",UND,UND,"Birth/Ha
tch","Aug 03, 1953",NZP-WASH
,,,,,Transfer,"May 04, 1956",ERIE
,,,,,GO LTF,"May 04, 1956",ERIE
T1483,Male,"Aug 22, 1953 +/- 15 day",UND,UND,"Birth/Ha
tch","Aug 22, 1953 +/- 15 day",Undetermined
,,,,,Transfer,Undetermined,DALLAS
,,,,,Transfer,"Oct 22, 1954",MEMPHIS
,,,,,Transfer,"Mar 03, 1961",LITTLEROC
,,,,,Transfer,"Mar 26, 1962",MEMPHIS
,,,,,Transfer,"Mar 10, 1966",PRIVATE
,,,,,GO LTF,"Mar 10, 1966",PRIVATE
T1484,"Undeter
mined","Sep 05, 1953",UND,"T12
72","Birth/Ha
tch","Sep 05, 1953",DALLAS
,,,,,Transfer,"Dec 31, 1953",UNDETERMI
,,,,,GO LTF,"Dec 31, 1953",UNDETERMI
T1485,Male,"Sep 26, 1953",T1415,"T13
82","Birth/Ha
tch","Sep 26, 1953",DALLAS
,,,,,Transfer,"Dec 31, 1953",JACKSONVL
,,,,,GO LTF,"Dec 31, 1953",JACKSONVL
T1486,Female,"Sep 26, 1953",T1415,T13 82,Birth/Ha tch,"Sep 26, 1953",DALLAS
,,,,,Transfer,"Dec 31, 1953",JACKSONVL
,,,,,GO LTF,"Dec 31, 1953",JACKSONVL
T1487,Male,"Sep 26, 1953",T1415,"T13
82","Birth/Ha
tch","Sep 26, 1953",DALLAS
,,,,,Transfer,"Nov 30, 1954",MEMPHIS
,,,,,GO LTF,"Nov 30, 1954",MEMPHIS
T1488,Female,"Sep 26, 1953",T1415,"T13
82","Birth/Ha
tch","Sep 26, 1953",DALLAS
,,,,,Transfer,"Dec 31, 1954",MEMPHIS
,,,,,GO LTF,"Dec 31, 1954",MEMPHIS
T1489,Female,Undetermined,UND,UND,"Birth/Ha
tch",Undetermined,Undetermined
,,,,,Transfer,Undetermined,PRIVATE
,,,,,Transfer,"Nov 13, 1953",NZP-WASH
,,,,,Death,"Jan 04, 1973",NZP-WASH
T1490,Male,Undetermined,UND,UND,Birth/Ha tch,Undetermined,Undetermined
,,,,,Transfer,Undetermined,PRIVATE
,,,,,Transfer,"Nov 13, 1953",NZP-WASH
,,,,,Death,"Sep 10, 1968",NZP-WASH
T1491,Undeter mined,"Dec 27, 1953",T1394,UND,Birth/Ha tch,"Dec 27, 1953",SANDIEGOZ
,,,,,Death,"Dec 28, 1953",SANDIEGOZ
T1492,Male,"Dec 27, 1953",T1394,UND,"Birth/Ha
tch","Dec 27, 1953",SANDIEGOZ
,,,,,Death,"Jul 09, 1954",SANDIEGOZ
T1493,"Undeter
mined","Dec 27, 1953",T1394,UND,"Birth/Ha
tch","Dec 27, 1953",SANDIEGOZ
,,,,,Death,"Jan 01, 1958",SANDIEGOZ
T1494,Female,"Feb 18, 1954",T1349,"T13
76","Birth/Ha
tch","Feb 18, 1954",WINNIPEG
,,,,,Transfer,"Jul 01, 1955 +/- 15 day",PRIVATE
,,,,,GO LTF,"Jul 01, 1955 +/- 15 day",PRIVATE
T1495,Male,"Feb 18, 1954",T1349,T13 76,Birth/Ha tch,"Feb 18, 1954",WINNIPEG
,,,,,Transfer,"Jul 01, 1955 +/- 15 day",PRIVATE
,,,,,GO LTF,"Jul 01, 1955 +/- 15 day",PRIVATE
T1496,Female,"Feb 22, 1954",UND,"T12
72","Birth/Ha
tch","Feb 22, 1954",DALLAS
,,,,,Transfer,"Dec 31, 1954",UNDETERMI
,,,,,GO LTF,"Dec 31, 1954",UNDETERMI
T1497,Male,"Mar 25, 1954 +/- 15 day",UND,UND,"Birth/Ha
tch","Mar 25, 1954 +/- 15 day",Undetermined
,,,,,Transfer,Undetermined,PRIVATE
,,,,,Transfer,"Jan 24, 1955",NZP-WASH
,,,,,Transfer,"Mar 28, 1973",PRIVATE
,,,,,Death,"Apr 30, 1973",PRIVATE
T1498,Male,"Jun 06, 1954",T1490,"T14
89","Birth/Ha
tch","Jun 06, 1954",NZP-WASH
,,,,,Death,"Dec 31, 1954",NZP-WASH
T1499,Female,"Jun 06, 1954",T1490,"T14
89","Birth/Ha
tch","Jun 06, 1954",NZP-WASH
,,,,,Death,"Dec 31, 1954",NZP-WASH
T1500,Female,"Jun 06, 1954",T1490,T14 89,Birth/Ha tch,"Jun 06, 1954",NZP-WASH
,,,,,Death,"Dec 31, 1954",NZP-WASH
T1501,Female,"Jun 06, 1954",T1490,T14 89,Birth/Ha tch,"Jun 06, 1954",NZP-WASH
,,,,,Death,"Dec 31, 1954",NZP-WASH
T1502,Male,"Aug 08, 1954",T1394,UND,"Birth/Ha
tch","Aug 08, 1954",SANDIEGOZ
,,,,,Transfer,"Mar 04, 1955",PRIVATE
,,,,,GO LTF,"Mar 04, 1955",PRIVATE
T1503,Female,"Aug 08, 1954",T1394,UND,"Birth/Ha
tch","Aug 08, 1954",SANDIEGOZ
,,,,,Death,"Sep 24, 1956",SANDIEGOZ
T1504,Female,"Aug 08, 1954",T1394,UND,"Birth/Ha
tch","Aug 08, 1954",SANDIEGOZ
,,,,,Transfer,"Jan 11, 1960",PRIVATE
,,,,,GO LTF,"Jan 11, 1960",PRIVATE
T1505,Male,"Aug 26, 1954",T1397,"T13
98","Birth/Ha
tch","Aug 26, 1954",MILWAUKEE
,,,,,Transfer,"Oct 25, 1954",PRIVATE
,,,,,GO LTF,"Oct 25, 1954",PRIVATE
T1506,Female,"Aug 26, 1954",T1397,"T13
98","Birth/Ha
tch","Aug 26, 1954",MILWAUKEE
,,,,,Transfer,"May 02, 1955",MADISON
,,,,,GO LTF,"May 02, 1955",MADISON
T1507,Male,"Aug 26, 1954",T1397,T13 98,Birth/Ha tch,"Aug 26, 1954",MILWAUKEE
,,,,,Transfer,"May 02, 1955",MADISON
,,,,,GO LTF,"May 02, 1955",MADISON
T1508,Male,"Aug 26, 1954",T1397,"T13
98","Birth/Ha
tch","Aug 26, 1954",MILWAUKEE
,,,,,Transfer,"May 02, 1955",MADISON
,,,,,GO LTF,"May 02, 1955",MADISON
T1509,Male,"Sep 06, 1954",T1353,T13 52,Birth/Ha tch,"Sep 06, 1954",FRESNO
,,,,,Transfer,"Apr 30, 1955",PRIVATE
,,,,,GO LTF,"Apr 30, 1955",PRIVATE
T1510,Male,"Sep 06, 1954",T1353,T13 52,Birth/Ha tch,"Sep 06, 1954",FRESNO
,,,,,Transfer,"Apr 30, 1955",PRIVATE
,,,,,GO LTF,"Apr 30, 1955",PRIVATE
T1511,Female,"Sep 10, 1954",UND,"T12
72","Birth/Ha
tch","Sep 10, 1954",DALLAS
,,,,,Transfer,"Dec 31, 1954",UNDETERMI
,,,,,GO LTF,"Dec 31, 1954",UNDETERMI
T1512,Male,"Sep 23, 1954",T5054,"T12
92","Birth/Ha
tch","Sep 23, 1954",SAN FRAN
,,,,,Death,"Jun 01, 1969",SAN FRAN
T1513,Male,"Sep 23, 1954",T5054,"T12
92","Birth/Ha
tch","Sep 23, 1954",SAN FRAN
,,,,,Death,"Mar 21, 1965",SAN FRAN
T1514,Male,"Dec 01, 1954 +/- 15 day",UND,UND,Birth/Ha tch,"Dec 01, 1954 +/- 15 day",Undetermined
,,,,,Transfer,Undetermined,PRIVATE
,,,,,Transfer,"Jan 01, 1955",OKLAHOMA
,,,,,Transfer,"Dec 04, 1970",PRIVATE
,,,,,GO LTF,"Dec 04, 1970",PRIVATE
T1515,Undeter mined,"Dec 07, 1954",T1394,UND,Birth/Ha tch,"Dec 07, 1954",SANDIEGOZ
,,,,,Death,"Dec 07, 1954",SANDIEGOZ
T1516,Undeter mined,"Dec 07, 1954",T1394,UND,Birth/Ha tch,"Dec 07, 1954",SANDIEGOZ
,,,,,Death,"Dec 07, 1954",SANDIEGOZ
T1517,"Undeter
mined","Dec 07, 1954",T1394,UND,"Birth/Ha
tch","Dec 07, 1954",SANDIEGOZ
,,,,,Death,"Dec 07, 1954",SANDIEGOZ
T1518,"Undeter
mined","Dec 19, 1954",T1490,"T14
89","Birth/Ha
tch","Dec 19, 1954",NZP-WASH
,,,,,Death,"Dec 31, 1954",NZP-WASH
T1519,"Undeter
mined","Dec 19, 1954",T1490,"T14
89","Birth/Ha
tch","Dec 19, 1954",NZP-WASH
,,,,,Death,"Dec 31, 1954",NZP-WASH
T1520,Undeter mined,"Dec 20, 1954",T1490,T14 89,Birth/Ha tch,"Dec 20, 1954",NZP-WASH
,,,,,Death,"Dec 31, 1954",NZP-WASH
T1521,Female,"Jan 02, 1955 +/- 15 day",UND,UND,"Birth/Ha
tch","Jan 02, 1955 +/- 15 day",SAN FRAN
,,,,,Transfer,"Mar 02, 1956",FRESNO
,,,,,Death,"May 02, 1957",FRESNO
T1522,Female,"Jan 02, 1955 +/- 15 day",UND,UND,"Birth/Ha
tch","Jan 02, 1955 +/- 15 day",SAN FRAN
,,,,,Transfer,"Mar 02, 1956",FRESNO
,,,,,Death,"May 02, 1957",FRESNO
T1523,Male,"Feb 12, 1955 +/- 15 day",UND,UND,Birth/Ha tch,"Feb 12, 1955 +/- 15 day",Undetermined
,,,,,Transfer,Undetermined,PRIVATE
,,,,,Transfer,"Jun 13, 1958",SAN FRAN
,,,,,Transfer,"Mar 02, 1965",PRIVATE
,,,,,GO LTF,"Mar 02, 1965",PRIVATE
T1524,Female,"Feb 12, 1955 +/- 15 day",UND,UND,"Birth/Ha
tch","Feb 12, 1955 +/- 15 day",Undetermined
,,,,,Transfer,Undetermined,PRIVATE
,,,,,Transfer,"Jun 13, 1958",SAN FRAN
,,,,,Transfer,"Mar 02, 1965",PRIVATE
,,,,,GO LTF,"Mar 02, 1965",PRIVATE
T1525,Male,"Apr 07, 1955",UND,T12 72,Birth/Ha tch,"Apr 07, 1955",DALLAS
,,,,,Transfer,"Jun 18, 1955",PRIVATE
,,,,,GO LTF,"Jun 18, 1955",PRIVATE
T1526,"Undeter
mined","Apr 17, 1955",T1490,"T14
89","Birth/Ha
tch","Apr 17, 1955",NZP-WASH
,,,,,Death,"Dec 31, 1955",NZP-WASH
T1527,Female,"Apr 25, 1955",UND,UND,"Birth/Ha
tch","Apr 25, 1955",SANDIEGOZ
,,,,,Transfer,"Aug 17, 1955",PRIVATE
,,,,,GO LTF,"Aug 17, 1955",PRIVATE
T1528,Undeter mined,"May 14, 1955",T1490,T14 89,Birth/Ha tch,"May 14, 1955",NZP-WASH
,,,,,Death,"May 24, 1955",NZP-WASH
T1529,Undeter mined,"May 14, 1955",T1490,T14 89,Birth/Ha tch,"May 14, 1955",NZP-WASH
,,,,,Death,"May 24, 1955",NZP-WASH
T1530,"Undeter
mined","May 14, 1955",T1490,"T14
89","Birth/Ha
tch","May 14, 1955",NZP-WASH
,,,,,Transfer,"Sep 30, 1955",BALTIMORE
,,,,,GO LTF,"Sep 30, 1955",BALTIMORE
T1531,"Undeter
mined","May 14, 1955",T1490,"T14
89","Birth/Ha
tch","May 14, 1955",NZP-WASH
,,,,,Transfer,"May 06, 1956",PRIVATE
,,,,,GO LTF,"May 06, 1956",PRIVATE
T1532,Undeter mined,"Jul 01, 1955",T1349,T13 76,Birth/Ha tch,"Jul 01, 1955",WINNIPEG
,,,,,Transfer,"Jul 01, 1956 +/- 15 day",UNDETERMI
,,,,,GO LTF,"Jul 01, 1956 +/- 15 day",UNDETERMI
T1533,"Undeter
mined","Jul 01, 1955",T1349,"T13
76","Birth/Ha
tch","Jul 01, 1955",WINNIPEG
,,,,,Transfer,"Jul 01, 1956 +/- 15 day",UNDETERMI
,,,,,GO LTF,"Jul 01, 1956 +/- 15 day",UNDETERMI
T1534,"Undeter
mined","Jul 01, 1955",T1349,"T13
76","Birth/Ha
tch","Jul 01, 1955",WINNIPEG
,,,,,Death,"Jul 01, 1956 +/- 15 day",WINNIPEG
T1535,"Undeter
mined","Jul 01, 1955",T1349,"T13
76","Birth/Ha
tch","Jul 01, 1955",WINNIPEG
,,,,,Death,"Jul 01, 1956 +/- 15 day",WINNIPEG
T1536,"Undeter
mined","Aug 16, 1955",UND,UND,"Birth/Ha
tch","Aug 16, 1955",ST PAUL
,,,,,Death,"Dec 31, 1955",ST PAUL
T1537,"Undeter
mined","Aug 16, 1955",UND,UND,"Birth/Ha
tch","Aug 16, 1955",ST PAUL
,,,,,Death,"Dec 31, 1955",ST PAUL
T1538,Male,"Aug 22, 1955",T1415,T13 82,Birth/Ha tch,"Aug 22, 1955",DALLAS
,,,,,Transfer,"Dec 31, 1955",PRIVATE
,,,,,GO LTF,"Dec 31, 1955",PRIVATE
T1539,Male,"Aug 22, 1955",T1415,"T13
82","Birth/Ha
tch","Aug 22, 1955",DALLAS
,,,,,Transfer,"Dec 31, 1955",UNDETERMI
,,,,,GO LTF,"Dec 31, 1955",UNDETERMI
T1540,Female,"Aug 22, 1955",T1415,"T13
82","Birth/Ha
tch","Aug 22, 1955",DALLAS
,,,,,Transfer,"Dec 31, 1955",UNDETERMI
,,,,,GO LTF,"Dec 31, 1955",UNDETERMI
T1541,Female,"Aug 22, 1955",T1415,"T13
82","Birth/Ha
tch","Aug 22, 1955",DALLAS
,,,,,Transfer,"Dec 31, 1955",UNDETERMI
,,,,,GO LTF,"Dec 31, 1955",UNDETERMI
T1542,Female,"Aug 25, 1955",UND,UND,"Birth/Ha
tch","Aug 25, 1955",SANDIEGOZ
,,,,,Death,"Aug 25, 1955",SANDIEGOZ
T1543,Male,"Aug 25, 1955",UND,UND,"Birth/Ha
tch","Aug 25, 1955",SANDIEGOZ
,,,,,Transfer,"Sep 03, 1955",PRIVATE
,,,,,GO LTF,"Sep 03, 1955",PRIVATE
T1544,Male,"Aug 25, 1955",UND,UND,"Birth/Ha
tch","Aug 25, 1955",SANDIEGOZ
,,,,,Death,"Jan 01, 1960",SANDIEGOZ
T1545,Male,"Aug 29, 1955",T1397,"T13
98","Birth/Ha
tch","Aug 29, 1955",MILWAUKEE
,,,,,Transfer,"May 08, 1956",OMAHA
,,,,,GO LTF,"May 08, 1956",OMAHA
T1546,Female,"Aug 29, 1955",T1397,"T13
98","Birth/Ha
tch","Aug 29, 1955",MILWAUKEE
,,,,,Death,"Oct 06, 1956",MILWAUKEE
T1547,Female,"Aug 29, 1955",T1397,T13 98,Birth/Ha tch,"Aug 29, 1955",MILWAUKEE
,,,,,Death,"Oct 06, 1956",MILWAUKEE
T1548,Female,"Aug 29, 1955",T1397,T13 98,Birth/Ha tch,"Aug 29, 1955",MILWAUKEE
,,,,,Death,"Oct 06, 1956",MILWAUKEE
T1549,"Undeter
mined","Sep 01, 1955",T1361,"T13
86","Birth/Ha
tch","Sep 01, 1955",NZP-WASH
,,,,,Transfer,"May 04, 1956",CHICAGOLP
,,,,,GO LTF,"May 04, 1956",CHICAGOLP
T1550,Female,"Sep 23, 1955",UND,UND,"Birth/Ha
tch","Sep 23, 1955",SANDIEGOZ
,,,,,Death,"Oct 05, 1955",SANDIEGOZ
T1551,Male,"Sep 23, 1955",UND,UND,"Birth/Ha
tch","Sep 23, 1955",SANDIEGOZ
,,,,,Transfer,"Nov 29, 1955",PRIVATE
,,,,,GO LTF,"Nov 29, 1955",PRIVATE
T1552,Male,"Sep 23, 1955",UND,UND,"Birth/Ha
tch","Sep 23, 1955",SANDIEGOZ
,,,,,Transfer,"Nov 29, 1955",PRIVATE
,,,,,GO LTF,"Nov 29, 1955",PRIVATE
T1553,Female,"Jan 01, 1956 +/- 15 day",UND,UND,"Birth/Ha
tch","Jan 01, 1956 +/- 15 day",Undetermined
,,,,,Transfer,Undetermined,PORTLAND
,,,,,Transfer,"May 13, 1958",SANDIEGOZ
,,,,,Transfer,"Sep 20, 1961",PRIVATE
,,,,,GO LTF,"Sep 20, 1961",PRIVATE
T1554,Male,"Jan 01, 1956 +/- 15 day",UND,UND,"Birth/Ha
tch","Jan 01, 1956 +/- 15 day",Undetermined
,,,,,Transfer,Undetermined,PORTLAND
,,,,,Transfer,"May 13, 1958",SANDIEGOZ
,,,,,Death,"May 20, 1959",SANDIEGOZ
T1555,Male,"Jan 03, 1956 +/-
6 month",UND,UND,"Birth/Ha
tch","Jan 03, 1956 +/-
6 month",Undetermined
,,,,,Transfer,"Aug 01, 1959",BUFFALO
,,,,,Transfer,"Nov 04, 1964",ERIE
,,,,,Death,"Jan 20, 1966",ERIE
T1556,Male,"Jan 03, 1956 +/-
6 month",UND,UND,Birth/Ha tch,"Jan 03, 1956 +/-
6 month",Undetermined
,,,,,Transfer,"Jan 01, 1964 +/-
6 month",EVANSVLLE
,,,,,Death,"Oct 26, 1965",EVANSVLLE
T1557,Female,"Jan 03, 1956 +/-
6 month",UND,UND,"Birth/Ha
tch","Jan 03, 1956 +/-
6 month",Undetermined
,,,,,Transfer,"Jan 01, 1964 +/-
6 month",EVANSVLLE
,,,,,Death,"Jul 19, 1964",EVANSVLLE
T1558,"Undeter
mined","Feb 05, 1956",UND,UND,"Birth/Ha
tch","Feb 05, 1956",NZP-WASH
,,,,,Death,"Dec 31, 1956",NZP-WASH
T1559,"Undeter
mined","Feb 05, 1956",UND,UND,"Birth/Ha
tch","Feb 05, 1956",NZP-WASH
,,,,,Death,"Dec 31, 1956",NZP-WASH
T1560,Female,"Feb 06, 1956",UND,UND,"Birth/Ha
tch","Feb 06, 1956",SANDIEGOZ
,,,,,Death,"Feb 07, 1956",SANDIEGOZ
T1561,Male,"Feb 06, 1956",UND,UND,Birth/Ha tch,"Feb 06, 1956",SANDIEGOZ
,,,,,Transfer,"Feb 27, 1956",PRIVATE
,,,,,GO LTF,"Feb 27, 1956",PRIVATE
T1562,Male,"Feb 06, 1956",UND,UND,"Birth/Ha
tch","Feb 06, 1956",SANDIEGOZ
,,,,,Transfer,"Mar 23, 1956",PRIVATE
,,,,,GO LTF,"Mar 23, 1956",PRIVATE
T1563,Female,"Feb 06, 1956",UND,UND,Birth/Ha tch,"Feb 06, 1956",SANDIEGOZ
,,,,,Transfer,"Apr 16, 1956",PRIVATE
,,,,,GO LTF,"Apr 16, 1956",PRIVATE
T1564,Male,"Feb 15, 1956",UND,UND,Birth/Ha tch,"Feb 15, 1956",SANDIEGOZ
,,,,,Transfer,"Mar 23, 1956",PRIVATE
,,,,,GO LTF,"Mar 23, 1956",PRIVATE
T1565,Male,"Mar 14, 1956 +/-
6 month",UND,UND,Birth/Ha tch,"Mar 14, 1956 +/-
6 month",Undetermined
,,,,,Transfer,Undetermined,PRIVATE
,,,,,Transfer,"Mar 16, 1957",TOPEKA
,,,,,Transfer,"Jan 24, 1968",KANSASCTY
,,,,,GO LTF,"Jan 24, 1968",KANSASCTY
T1566,Male,"Apr 01, 1956 +/- 1 day",UND,UND,"Birth/Ha
tch","Apr 01, 1956 +/- 1 day",Undetermined
,,,,,Transfer,Undetermined,SEATTLE
,,,,,Transfer,"Oct 24, 1957",LODI
,,,,,Death,"Oct 01, 1975",LODI
T1567,Female,"Jun 02, 1956 +/-
6 month",UND,UND,"Birth/Ha
tch","Jun 02, 1956 +/-
6 month",TULSA
,,,,,Transfer,"Jun 01, 1961",OKLAHOMA
,,,,,Death,"Oct 18, 1961",OKLAHOMA
T1568,Male,"Jun 11, 1956",UND,UND,Birth/Ha tch,"Jun 11, 1956",SANDIEGOZ
,,,,,Transfer,"Jul 26, 1956",PRIVATE
,,,,,GO LTF,"Jul 26, 1956",PRIVATE
T1569,Male,"Jun 11, 1956",UND,UND,"Birth/Ha
tch","Jun 11, 1956",SANDIEGOZ
,,,,,Transfer,"Jul 26, 1956",PRIVATE
,,,,,GO LTF,"Jul 26, 1956",PRIVATE
T1570,Female,"Jun 18, 1956",UND,UND,"Birth/Ha
tch","Jun 18, 1956",SANDIEGOZ
,,,,,Transfer,"Jan 11, 1960",PRIVATE
,,,,,GO LTF,"Jan 11, 1960",PRIVATE
T1571,Female,"Jul 05, 1956",UND,UND,"Birth/Ha
tch","Jul 05, 1956",CHICAGOBR
,,,,,Death,"Oct 15, 1970",CHICAGOBR
T1572,Male,"Aug 01, 1956 +/-
6 month",UND,UND,"Birth/Ha
tch","Aug 01, 1956 +/-
6 month",Undetermined
,,,,,Transfer,Undetermined,PRIVATE
,,,,,Transfer,"Jul 30, 1966",ST PAUL
,,,,,Death,"Dec 07, 1967",ST PAUL
T1573,Male,"Aug 01, 1956",T1415,T13 82,Birth/Ha tch,"Aug 01, 1956",DALLAS
,,,,,Death,"Dec 31, 1956",DALLAS
T1574,Male,"Aug 01, 1956",T1415,T13 82,Birth/Ha tch,"Aug 01, 1956",DALLAS
,,,,,Transfer,"Dec 31, 1956",UNDETERMI
,,,,,GO LTF,"Dec 31, 1956",UNDETERMI
T1575,Male,"Aug 01, 1956",T1415,"T13
82","Birth/Ha
tch","Aug 01, 1956",DALLAS
,,,,,Transfer,"Dec 31, 1956",UNDETERMI
,,,,,GO LTF,"Dec 31, 1956",UNDETERMI
T1576,Female,"Aug 01, 1956",T1415,"T13
82","Birth/Ha
tch","Aug 01, 1956",DALLAS
,,,,,Transfer,"Dec 31, 1956",UNDETERMI
,,,,,GO LTF,"Dec 31, 1956",UNDETERMI
T1577,"Undeter
mined","Aug 08, 1956",UND,UND,"Birth/Ha
tch","Aug 08, 1956",ST PAUL
,,,,,Transfer,"Dec 31, 1957",UNDETERMI
,,,,,GO LTF,"Dec 31, 1957",UNDETERMI
T1578,"Undeter
mined","Aug 08, 1956",UND,UND,"Birth/Ha
tch","Aug 08, 1956",ST PAUL
,,,,,Transfer,"Dec 31, 1957",UNDETERMI
,,,,,GO LTF,"Dec 31, 1957",UNDETERMI
T1579,Female,"Oct 13, 1956",UND,UND,"Birth/Ha
tch","Oct 13, 1956",SANDIEGOZ
,,,,,Transfer,"Oct 13, 1956",PRIVATE
,,,,,GO LTF,"Oct 13, 1956",PRIVATE
T1580,Male,"Oct 19, 1956",UND,UND,Birth/Ha tch,"Oct 19, 1956",SANDIEGOZ
,,,,,Transfer,"Oct 19, 1956",PRIVATE
,,,,,GO LTF,"Oct 19, 1956",PRIVATE
T1581,Undeter mined,"Nov 15, 1956 +/- 1 day",T1447,T13 76,Birth/Ha tch,"Nov 15, 1956 +/- 1 day",WINNIPEG
,,,,,Death,"Dec 15, 1956 +/- 1 day",WINNIPEG
T1582,Undeter mined,"Nov 15, 1956 +/- 1 day",T1447,T13 76,Birth/Ha tch,"Nov 15, 1956 +/- 1 day",WINNIPEG
,,,,,Death,"Dec 15, 1956 +/- 1 day",WINNIPEG
T1583,Male,"Nov 15, 1956",T1447,"T13
76","Birth/Ha
tch","Nov 15, 1956",WINNIPEG
,,,,,Death,"Jan 28, 1957",WINNIPEG
T1584,Male,"Mar 06, 1957",UND,UND,"Birth/Ha
tch","Mar 06, 1957",SANDIEGOZ
,,,,,Death,"Jan 01, 1962",SANDIEGOZ
T1585,Female,"Mar 06, 1957",UND,UND,"Birth/Ha
tch","Mar 06, 1957",SANDIEGOZ
,,,,,Death,"May 28, 1957",SANDIEGOZ
T1586,Female,"Mar 07, 1957",UND,UND,"Birth/Ha
tch","Mar 07, 1957",SANDIEGOZ
,,,,,Death,"May 28, 1957",SANDIEGOZ
T1587,Male,"Mar 07, 1957",UND,UND,Birth/Ha tch,"Mar 07, 1957",SANDIEGOZ
,,,,,Death,"Jan 01, 1962",SANDIEGOZ
T1588,Undeter mined,"Mar 07, 1957",UND,UND,Birth/Ha tch,"Mar 07, 1957",SANDIEGOZ
,,,,,Death,"Jan 01, 1962",SANDIEGOZ
T1589,"Undeter
mined","Mar 07, 1957",UND,UND,"Birth/Ha
tch","Mar 07, 1957",SANDIEGOZ
,,,,,Death,"Jan 01, 1962",SANDIEGOZ
T1590,"Undeter
mined","Mar 15, 1957 +/- 1 day",T1447,"T13
76","Birth/Ha
tch","Mar 15, 1957 +/- 1 day",WINNIPEG
,,,,,Death,"Apr 15, 1957 +/- 1 day",WINNIPEG
T1591,"Undeter
mined","Mar 15, 1957 +/- 1 day",T1447,"T13
76","Birth/Ha
tch","Mar 15, 1957 +/- 1 day",WINNIPEG
,,,,,Transfer,"Sep 01, 1957 +/- 15 day",UNDETERMI
,,,,,GO LTF,"Sep 01, 1957 +/- 15 day",UNDETERMI
T1592,Undeter mined,"Mar 15, 1957 +/- 1 day",T1447,T13 76,Birth/Ha tch,"Mar 15, 1957 +/- 1 day",WINNIPEG
,,,,,Transfer,"Sep 01, 1957 +/- 15 day",UNDETERMI
,,,,,GO LTF,"Sep 01, 1957 +/- 15 day",UNDETERMI
T1593,Undeter mined,"Mar 15, 1957 +/- 1 day",T1447,T13 76,Birth/Ha tch,"Mar 15, 1957 +/- 1 day",WINNIPEG
,,,,,Transfer,"Sep 01, 1957 +/- 15 day",UNDETERMI
,,,,,GO LTF,"Sep 01, 1957 +/- 15 day",UNDETERMI
T1594,Male,"Apr 02, 1957",UND,T15 21,Birth/Ha tch,"Apr 02, 1957",FRESNO
,,,,,Transfer,"Jun 01, 1957",PRIVATE
,,,,,GO LTF,"Jun 01, 1957",PRIVATE
T1595,Female,"Apr 21, 1957",T1490,"T14
89","Birth/Ha
tch","Apr 21, 1957",NZP-WASH
,,,,,Transfer,"Sep 19, 1958",SANDIEGOZ
,,,,,Transfer,"Sep 20, 1961",PRIVATE
,,,,,GO LTF,"Sep 20, 1961",PRIVATE
T1596,Male,"Apr 21, 1957",T1490,"T14
89","Birth/Ha
tch","Apr 21, 1957",NZP-WASH
,,,,,Transfer,"Oct 14, 1957",BALTIMORE
,,,,,GO LTF,"Oct 14, 1957",BALTIMORE
T1597,Female,"Apr 21, 1957",T1490,"T14
89","Birth/Ha
tch","Apr 21, 1957",NZP-WASH
,,,,,Transfer,"Jul 25, 1958",BALTIMORE
,,,,,GO LTF,"Jul 25, 1958",BALTIMORE
T1598,Male,"Apr 28, 1957",UND,UND,Birth/Ha tch,"Apr 28, 1957",SANDIEGOZ
,,,,,Death,"Apr 28, 1957",SANDIEGOZ
T1599,Male,"Apr 28, 1957",UND,UND,"Birth/Ha
tch","Apr 28, 1957",SANDIEGOZ
,,,,,Death,"May 07, 1957",SANDIEGOZ
T1600,Male,"Apr 28, 1957",UND,UND,"Birth/Ha
tch","Apr 28, 1957",SANDIEGOZ
,,,,,Death,"Jan 01, 1962",SANDIEGOZ
T1601,Male,"Apr 28, 1957",UND,UND,Birth/Ha tch,"Apr 28, 1957",SANDIEGOZ
,,,,,Death,"Jan 01, 1962",SANDIEGOZ
T1602,Female,"Apr 28, 1957",UND,UND,Birth/Ha tch,"Apr 28, 1957",SANDIEGOZ
,,,,,Death,"Jan 01, 1962",SANDIEGOZ
T1603,Male,"May 19, 1957 +/- 15 day",UND,UND,"Birth/Ha
tch","May 19, 1957 +/- 15 day",COLO SPRG
,,,,,Transfer,"Jun 18, 1958",FRESNO
,,,,,Death,"Jan 01, 1960",FRESNO
T1604,Female,"Jun 29, 1957",T1397,"T13
98","Birth/Ha
tch","Jun 29, 1957",MILWAUKEE
,,,,,Transfer,"Jun 03, 1958",BUFFALO
,,,,,GO LTF,"Jun 03, 1958",BUFFALO
T1605,Female,"Jun 29, 1957",T1397,T13 98,Birth/Ha tch,"Jun 29, 1957",MILWAUKEE
,,,,,Transfer,"Jun 03, 1958",BUFFALO
,,,,,GO LTF,"Jun 03, 1958",BUFFALO
T1606,Male,"Jun 29, 1957",T1397,"T13
98","Birth/Ha
tch","Jun 29, 1957",MILWAUKEE
,,,,,Transfer,"Jun 03, 1958",BUFFALO
,,,,,GO LTF,"Jun 03, 1958",BUFFALO
T1607,Female,"Jul 29, 1957",UND,UND,Birth/Ha tch,"Jul 29, 1957",ST PAUL
,,,,,Transfer,"Nov 30, 1957",UNDETERMI
,,,,,GO LTF,"Nov 30, 1957",UNDETERMI
T1608,Undeter mined,"Jul 29, 1957",UND,UND,Birth/Ha tch,"Jul 29, 1957",ST PAUL
,,,,,Transfer,"Nov 30, 1957",UNDETERMI
,,,,,GO LTF,"Nov 30, 1957",UNDETERMI
T1609,Undeter mined,"Jul 29, 1957",UND,UND,Birth/Ha tch,"Jul 29, 1957",ST PAUL
,,,,,Transfer,"Nov 30, 1957",UNDETERMI
,,,,,GO LTF,"Nov 30, 1957",UNDETERMI
T1610,Undeter mined,"Jul 29, 1957",UND,UND,Birth/Ha tch,"Jul 29, 1957",ST PAUL
,,,,,Transfer,"Nov 30, 1957",UNDETERMI
,,,,,GO LTF,"Nov 30, 1957",UNDETERMI
T1611,Undeter mined,"Jul 29, 1957",UND,UND,Birth/Ha tch,"Jul 29, 1957",ST PAUL
,,,,,Death,"Nov 30, 1957",ST PAUL
T1612,Female,"Aug 01, 1957 +/- 15 day",UND,UND,Birth/Ha tch,"Aug 01, 1957 +/- 15 day",Undetermined
,,,,,Transfer,Undetermined,PRIVATE
,,,,,Transfer,"Apr 02, 1958",TOPEKA
,,,,,Transfer,"Dec 14, 1966",ST LOUIS
,,,,,GO LTF,"Dec 14, 1966",ST LOUIS
T1613,Female,Undetermined,UND,UND,Birth/Ha tch,Undetermined,GRND PRAI
,,,,,Transfer,"Aug 01, 1972 +/- 15 day",WINSTON
,,,,,Death,"Mar 04, 1988",WINSTON
T1614,Male,Undetermined,UND,UND,"Birth/Ha
tch",Undetermined,GRND PRAI
,,,,,Transfer,"Aug 30, 1972",WINSTON
,,,,,Death,"May 25, 1990",WINSTON
T1615,Female,"Sep 05, 1957 +/-
6 month",UND,UND,"Birth/Ha
tch","Sep 05, 1957 +/-
6 month",Undetermined
,,,,,Transfer,Undetermined,LOUISVILL
,,,,,Transfer,"Sep 06, 1970",EVANSVLLE
,,,,,Transfer,"Aug 20, 1975",PRIVATE
,,,,,GO LTF,"Aug 20, 1975",PRIVATE
T1616,Female,"Sep 20, 1957",UND,UND,Birth/Ha tch,"Sep 20, 1957",SANDIEGOZ
,,,,,Transfer,"Sep 20, 1957",PRIVATE
,,,,,GO LTF,"Sep 20, 1957",PRIVATE
T1617,Male,"Nov 10, 1957 +/-
6 month",WILD,"WIL
D","Birth/Ha
tch","Nov 10, 1957 +/-
6 month",Undetermined
,,,,,Wild Capture,Undetermined,Undetermined
,,,,,Transfer,Undetermined,PRIVATE
,,,,,Transfer,"Nov 08, 1967",FRESNO
,,,,,Death,"Jan 25, 1978",FRESNO
T1618,Female,"Dec 03, 1957 +/- 15 day",UND,UND,"Birth/Ha
tch","Dec 03, 1957 +/- 15 day",Undetermined
,,,,,Transfer,"Apr 04, 1958",CHICAGOLP
,,,,,Death,"May 13, 1977",CHICAGOLP
T1619,Male,"Dec 05, 1957 +/- 15 day",UND,UND,Birth/Ha tch,"Dec 05, 1957 +/- 15 day",Undetermined
,,,,,Transfer,"Jun 06, 1958",CHICAGOLP
,,,,,Death,"Aug 15, 1978",CHICAGOLP
T1620,Male,"Jan 01, 1958 +/- 15 day",UND,UND,"Birth/Ha
tch","Jan 01, 1958 +/- 15 day",Undetermined
,,,,,Transfer,Undetermined,CALGARY
,,,,,Transfer,"Mar 10, 1960",SANDIEGOZ
,,,,,Transfer,"Jun 01, 1960",PRIVATE
,,,,,GO LTF,"Jun 01, 1960",PRIVATE
T1621,Male,"Jan 01, 1958 +/- 15 day",UND,UND,"Birth/Ha
tch","Jan 01, 1958 +/- 15 day",Undetermined
,,,,,Transfer,Undetermined,CALGARY
,,,,,Transfer,"Mar 10, 1960",SANDIEGOZ
,,,,,Transfer,"Jun 04, 1960",PRIVATE
,,,,,GO LTF,"Jun 04, 1960",PRIVATE
T1622,Female,"Jan 01, 1958 +/- 15 day",UND,UND,"Birth/Ha
tch","Jan 01, 1958 +/- 15 day",Undetermined
,,,,,Transfer,Undetermined,CALGARY
,,,,,Transfer,"Mar 10, 1960",SANDIEGOZ
,,,,,Transfer,"Jul 01, 1960",PRIVATE
,,,,,GO LTF,"Jul 01, 1960",PRIVATE
T1623,Female,"Jan 01, 1958",UND,UND,"Birth/Ha
tch","Jan 01, 1958",SAN ANTON
,,,,,Death,"Nov 21, 1979",SAN ANTON
T1624,Male,"Feb 16, 1958 +/-
6 month",UND,UND,"Birth/Ha
tch","Feb 16, 1958 +/-
6 month",Undetermined
,,,,,Transfer,Undetermined,PRIVATE
,,,,,Transfer,"Feb 15, 1963 +/- 15 day",PHOENIX
,,,,,Transfer,"Jun 19, 1971",PRIVATE
,,,,,GO LTF,"Jun 19, 1971",PRIVATE
T1625,Male,"Mar 22, 1958",UND,UND,Birth/Ha tch,"Mar 22, 1958",SANDIEGOZ
,,,,,Death,"Apr 29, 1958",SANDIEGOZ
T1626,Female,"Mar 22, 1958",UND,UND,Birth/Ha tch,"Mar 22, 1958",SANDIEGOZ
,,,,,Death,"May 11, 1958",SANDIEGOZ
T1627,Male,"Mar 26, 1958",UND,UND,"Birth/Ha
tch","Mar 26, 1958",ST PAUL
,,,,,Death,"Dec 31, 1958",ST PAUL
T1628,Male,"Mar 26, 1958",UND,UND,"Birth/Ha
tch","Mar 26, 1958",ST PAUL
,,,,,Death,"Dec 31, 1958",ST PAUL
T1629,Female,"Mar 26, 1958",UND,UND,"Birth/Ha
tch","Mar 26, 1958",ST PAUL
,,,,,Death,"Dec 31, 1958",ST PAUL
T1630,Female,"Mar 27, 1958",T5055,T14 70,Birth/Ha tch,"Mar 27, 1958",COLO SPRG
,,,,,Transfer,"Aug 26, 1966",TOPEKA
,,,,,Death,"Aug 15, 1967",TOPEKA
T1631,"Undeter
mined","Apr 03, 1958",UND,UND,"Birth/Ha
tch","Apr 03, 1958",SANDIEGOZ
,,,,,Death,"Apr 03, 1958",SANDIEGOZ
T1632,Male,"Apr 19, 1958",UND,UND,"Birth/Ha
tch","Apr 19, 1958",SEATTLE
,,,,,Transfer,"Jan 17, 1959",NY BRONX
,,,,,Death,"Jan 14, 1960",NY BRONX
T1633,Male,"Apr 19, 1958",UND,UND,Birth/Ha tch,"Apr 19, 1958",SEATTLE
,,,,,Transfer,"Jan 17, 1959",NY BRONX
,,,,,Transfer,"Mar 19, 1960",PRIVATE
,,,,,GO LTF,"Mar 19, 1960",PRIVATE
T1634,Undeter mined,"May 31, 1958",UND,UND,Birth/Ha tch,"May 31, 1958",SANDIEGOZ
,,,,,Death,"May 31, 1958",SANDIEGOZ
T1635,Female,"Jun 14, 1958",UND,UND,Birth/Ha tch,"Jun 14, 1958",PITTSBURG
,,,,,Transfer,Undetermined,PRIVATE
,,,,,Transfer,"May 06, 1959",BALTIMORE
,,,,,Death,"Aug 10, 1979",BALTIMORE
T1636,Male,"Aug 08, 1958",UND,UND,"Birth/Ha
tch","Aug 08, 1958",SEATTLE
,,,,,Transfer,"Jan 17, 1959",NY BRONX
,,,,,Death,"Aug 15, 1959",NY BRONX
T1637,Male,"Aug 15, 1958 +/- 15 day",T1447,T13 76,Birth/Ha tch,"Aug 15, 1958 +/- 15 day",WINNIPEG
,,,,,Transfer,"May 20, 1959",PRIVATE
,,,,,GO LTF,"May 20, 1959",PRIVATE
T1638,Female,"Aug 15, 1958 +/- 15 day",T1447,"T13
76","Birth/Ha
tch","Aug 15, 1958 +/- 15 day",WINNIPEG
,,,,,Transfer,"Apr 27, 1964",PRIVATE
,,,,,GO LTF,"Apr 27, 1964",PRIVATE
T1639,Male,"Aug 26, 1958",T1490,T14 89,Birth/Ha tch,"Aug 26, 1958",NZP-WASH
,,,,,Transfer,"Jan 21, 1959",NY BRONX
,,,,,Death,"Sep 11, 1959",NY BRONX
T1640,Male,"Aug 26, 1958",T1490,"T14
89","Birth/Ha
tch","Aug 26, 1958",NZP-WASH
,,,,,Transfer,"Jan 21, 1959",NY BRONX
,,,,,Death,"Apr 08, 1977",NY BRONX
T1641,Female,"Aug 26, 1958",T1490,T14 89,Birth/Ha tch,"Aug 26, 1958",NZP-WASH
,,,,,Transfer,"Jan 05, 1959",PRIVATE
,,,,,GO LTF,"Jan 05, 1959",PRIVATE
T1642,Female,"Aug 26, 1958",T1490,"T14
89","Birth/Ha
tch","Aug 26, 1958",NZP-WASH
,,,,,Transfer,"Jan 05, 1959",PRIVATE
,,,,,GO LTF,"Jan 05, 1959",PRIVATE
T1645,Female,"Oct 24, 1958 +/- 15 day",UND,UND,Birth/Ha tch,"Oct 24, 1958 +/- 15 day",Undetermined
,,,,,Transfer,Undetermined,PRIVATE
,,,,,Transfer,"Apr 24, 1962",FORTWORTH
,,,,,Transfer,"Jan 02, 1969",PRIVATE
,,,,,GO LTF,"Jan 02, 1969",PRIVATE
T1646,Male,"Nov 16, 1958",UND,UND,"Birth/Ha
tch","Nov 16, 1958",SANDIEGOZ
,,,,,Death,"Jan 01, 1963",SANDIEGOZ
T1647,Female,"Nov 16, 1958",UND,UND,Birth/Ha tch,"Nov 16, 1958",SANDIEGOZ
,,,,,Death,"Jan 01, 1963",SANDIEGOZ
T1648,Male,"Dec 17, 1958",UND,UND,Birth/Ha tch,"Dec 17, 1958",SANDIEGOZ
,,,,,Death,"Dec 17, 1958",SANDIEGOZ
T1649,Female,"Jan 01, 1959 +/- 15 day",UND,UND,"Birth/Ha
tch","Jan 01, 1959 +/- 15 day",Undetermined
,,,,,Transfer,Undetermined,PRIVATE
,,,,,Transfer,"Apr 19, 1961",SANDIEGOZ
,,,,,Death,"Dec 24, 1961",SANDIEGOZ
T1650,Male,"Jan 01, 1959 +/- 15 day",UND,UND,Birth/Ha tch,"Jan 01, 1959 +/- 15 day",Undetermined
,,,,,Transfer,Undetermined,PRIVATE
,,,,,Transfer,"Apr 19, 1961",SANDIEGOZ
,,,,,Death,"Dec 27, 1961",SANDIEGOZ
T1651,Male,"Jan 01, 1959 +/- 15 day",UND,UND,"Birth/Ha
tch","Jan 01, 1959 +/- 15 day",Undetermined
,,,,,Transfer,Undetermined,CALGARY
,,,,,Transfer,"May 09, 1961",SANDIEGOZ
,,,,,Transfer,"Aug 04, 1961",PRIVATE
,,,,,GO LTF,"Aug 04, 1961",PRIVATE
T1652,Male,"Jan 28, 1959",UND,UND,"Birth/Ha
tch","Jan 28, 1959",ST PAUL
,,,,,Death,"Dec 31, 1959",ST PAUL
T1653,Male,"Jan 28, 1959",UND,UND,"Birth/Ha
tch","Jan 28, 1959",ST PAUL
,,,,,Death,"Dec 31, 1959",ST PAUL
T1654,Male,"Jan 28, 1959",UND,UND,Birth/Ha tch,"Jan 28, 1959",ST PAUL
,,,,,Death,"Dec 31, 1959",ST PAUL
T1655,Female,"Jan 28, 1959",UND,UND,"Birth/Ha
tch","Jan 28, 1959",ST PAUL
,,,,,Death,"Dec 31, 1959",ST PAUL
T1656,Female,"Jan 28, 1959",UND,UND,"Birth/Ha
tch","Jan 28, 1959",ST PAUL
,,,,,Death,"Dec 31, 1959",ST PAUL
T1657,"Undeter
mined","Feb 06, 1959",UND,UND,"Birth/Ha
tch","Feb 06, 1959",MILWAUKEE
,,,,,Death,"Dec 02, 1959",MILWAUKEE
T1658,"Undeter
mined","Feb 06, 1959",UND,UND,"Birth/Ha
tch","Feb 06, 1959",MILWAUKEE
,,,,,Death,"Dec 01, 1959",MILWAUKEE
T1659,Female,"Mar 07, 1959",UND,UND,Birth/Ha tch,"Mar 07, 1959",SANDIEGOZ
,,,,,Transfer,"Jan 11, 1960",PRIVATE
,,,,,GO LTF,"Jan 11, 1960",PRIVATE
T1660,Female,"Mar 07, 1959",UND,UND,"Birth/Ha
tch","Mar 07, 1959",SANDIEGOZ
,,,,,Transfer,"Jan 11, 1960",PRIVATE
,,,,,GO LTF,"Jan 11, 1960",PRIVATE
T1661,Female,"Apr 27, 1959 +/-
6 month",UND,UND,"Birth/Ha
tch","Apr 27, 1959 +/-
6 month",TULSA
,,,,,Transfer,"Apr 26, 1961",OKLAHOMA
,,,,,Transfer,"Jun 01, 1961",TULSA
,,,,,GO LTF,"Jun 01, 1961",TULSA
T1662,Female,"May 21, 1959 +/-
6 month",UND,UND,"Birth/Ha
tch","May 21, 1959 +/-
6 month",Undetermined
,,,,,Transfer,Undetermined,PRIVATE
,,,,,Transfer,"May 21, 1960",NY BRONX
,,,,,Death,"Sep 12, 1975",NY BRONX
T1663,Male,"May 23, 1959",UND,UND,"Birth/Ha
tch","May 23, 1959",SANDIEGOZ
,,,,,Death,"May 31, 1959",SANDIEGOZ
T1664,Male,"May 23, 1959",UND,UND,Birth/Ha tch,"May 23, 1959",SANDIEGOZ
,,,,,Transfer,"Sep 23, 1959",PRIVATE
,,,,,GO LTF,"Sep 23, 1959",PRIVATE
T1666,"Undeter
mined","Sep 20, 1959",T1447,"T13
76","Birth/Ha
tch","Sep 20, 1959",WINNIPEG
,,,,,Death,"Sep 29, 1959",WINNIPEG
T1667,"Undeter
mined","Sep 20, 1959",T1447,"T13
76","Birth/Ha
tch","Sep 20, 1959",WINNIPEG
,,,,,Death,"Sep 29, 1959",WINNIPEG
T1668,Male,"Sep 20, 1959",T1447,T13 76,Birth/Ha tch,"Sep 20, 1959",WINNIPEG
,,,,,Death,"Nov 11, 1959",WINNIPEG
T1669,Male,"Sep 20, 1959",T1447,T13 76,Birth/Ha tch,"Sep 20, 1959",WINNIPEG
,,,,,Death,"Dec 23, 1959 +/- 1 day",WINNIPEG
T1670,Male,"Sep 20, 1959",T1447,"T13
76","Birth/Ha
tch","Sep 20, 1959",WINNIPEG
,,,,,Transfer,"Jun 09, 1960",PRIVATE
,,,,,GO LTF,"Jun 09, 1960",PRIVATE
T1671,Male,"Oct 15, 1959 +/-
6 month",UND,UND,"Birth/Ha
tch","Oct 15, 1959 +/-
6 month",Undetermined
,,,,,Transfer,Undetermined,PRIVATE
,,,,,Transfer,"Oct 15, 1969",OMAHA
,,,,,Transfer,"Sep 25, 1974",PRIVATE
,,,,,GO LTF,"Sep 25, 1974",PRIVATE
T1672,Male,"Oct 23, 1959",UND,UND,"Birth/Ha
tch","Oct 23, 1959",ST PAUL
,,,,,Death,"Dec 31, 1959",ST PAUL
T1673,Female,"Oct 23, 1959",UND,UND,Birth/Ha tch,"Oct 23, 1959",ST PAUL
,,,,,Transfer,"Dec 31, 1959",UNDETERMI
,,,,,GO LTF,"Dec 31, 1959",UNDETERMI
T1674,Female,"Oct 23, 1959",UND,UND,Birth/Ha tch,"Oct 23, 1959",ST PAUL
,,,,,Transfer,"Dec 31, 1959",UNDETERMI
,,,,,GO LTF,"Dec 31, 1959",UNDETERMI
T1675,Female,"Oct 23, 1959",UND,UND,Birth/Ha tch,"Oct 23, 1959",ST PAUL
,,,,,Transfer,"Dec 31, 1959",UNDETERMI
,,,,,GO LTF,"Dec 31, 1959",UNDETERMI
T1676,Male,"Nov 19, 1959",UND,UND,Birth/Ha tch,"Nov 19, 1959",SANDIEGOZ
,,,,,Transfer,"Mar 02, 1960",PRIVATE
,,,,,GO LTF,"Mar 02, 1960",PRIVATE
T1677,Female,Undetermined,UND,UND,"Birth/Ha
tch",Undetermined,Undetermined
,,,,,Transfer,Undetermined,PRIVATE
,,,,,Transfer,"Dec 04, 1959",NY BRONX
,,,,,Transfer,"Mar 19, 1960",PRIVATE
,,,,,GO LTF,"Mar 19, 1960",PRIVATE
T1678,Male,"Jan 01, 1960 +/- 15 day",UND,UND,"Birth/Ha
tch","Jan 01, 1960 +/- 15 day",Undetermined
,,,,,Transfer,Undetermined,SAN ANTON
,,,,,Transfer,"Jan 10, 1962",SANDIEGOZ
,,,,,Death,"Dec 04, 1965",SANDIEGOZ
T1679,Female,"Jan 01, 1960 +/- 15 day",UND,UND,Birth/Ha tch,"Jan 01, 1960 +/- 15 day",Undetermined
,,,,,Transfer,Undetermined,SAN ANTON
,,,,,Transfer,"Jan 10, 1962",SANDIEGOZ
,,,,,Death,"Aug 23, 1972",SANDIEGOZ
T1680,Female,Undetermined,UND,UND,Birth/Ha tch,Undetermined,Undetermined
,,,,,Transfer,"Jan 01, 1960",SAN ANTON
,,,,,Death,"Jul 06, 1970",SAN ANTON
T1681,Female,"Mar 29, 1960",UND,UND,"Birth/Ha
tch","Mar 29, 1960",MILWAUKEE
,,,,,Transfer,"Dec 05, 1960",RACINE
,,,,,Death,"May 01, 1976",RACINE
T1682,Female,"Mar 29, 1960",UND,UND,"Birth/Ha
tch","Mar 29, 1960",MILWAUKEE
,,,,,Transfer,"Dec 05, 1960",RACINE
,,,,,Death,"Aug 08, 1975",RACINE
T1683,Male,"Mar 29, 1960",UND,UND,"Birth/Ha
tch","Mar 29, 1960",MILWAUKEE
,,,,,Transfer,"Jul 06, 1960",UNDETERMI
,,,,,GO LTF,"Jul 06, 1960",UNDETERMI
T1684,Male,"Apr 02, 1960 +/- 15 day",UND,UND,Birth/Ha tch,"Apr 02, 1960 +/- 15 day",Undetermined
,,,,,Transfer,Undetermined,ST LOUIS
,,,,,Transfer,"Mar 03, 1961",MEMPHIS
,,,,,Transfer,"Jun 01, 1962",LITTLEROC
,,,,,Transfer,"Mar 22, 1965",PRIVATE
,,,,,GO LTF,"Mar 22, 1965",PRIVATE
T1685,Female,"Aug 17, 1967",UND,"T20
27","Birth/Ha
tch","Aug 17, 1967",MEMPHIS
,,,,,Transfer,"Apr 12, 1969",LOUISVILL
,,,,,Transfer,"Apr 30, 1980",PRIVATE
,,,,,GO LTF,"Apr 30, 1980",PRIVATE
T1686,Female,Undetermined,UND,UND,"Birth/Ha
tch",Undetermined,Undetermined
,,,,,Transfer,"Apr 12, 1960",BUFFALO
,,,,,Transfer,"Nov 04, 1964",ERIE
,,,,,GO LTF,"Nov 04, 1964",ERIE
T1687,Male,"May 21, 1960",UND,UND,"Birth/Ha
tch","May 21, 1960",SANDIEGOZ
,,,,,Death,"Nov 15, 1960",SANDIEGOZ
T1688,Female,"May 21, 1960",UND,UND,"Birth/Ha
tch","May 21, 1960",SANDIEGOZ
,,,,,Transfer,"Jan 27, 1961",LOSANGELE
,,,,,GO LTF,"Jan 27, 1961",LOSANGELE
T1689,Female,"May 21, 1960",UND,UND,Birth/Ha tch,"May 21, 1960",SANDIEGOZ
,,,,,Transfer,"Jan 27, 1961",LOSANGELE
,,,,,GO LTF,"Jan 27, 1961",LOSANGELE
T1690,"Undeter
mined","May 22, 1960",UND,UND,"Birth/Ha
tch","May 22, 1960",SANDIEGOZ
,,,,,Death,"May 22, 1960",SANDIEGOZ
T1691,Female,"Jun 04, 1960",UND,UND,"Birth/Ha
tch","Jun 04, 1960",SANDIEGOZ
,,,,,Death,"Jun 12, 1960",SANDIEGOZ
T1692,Male,"Jun 04, 1960",UND,UND,"Birth/Ha
tch","Jun 04, 1960",SANDIEGOZ
,,,,,Transfer,"Aug 16, 1960",PRIVATE
,,,,,GO LTF,"Aug 16, 1960",PRIVATE
T1693,Male,"Jun 04, 1960",UND,UND,Birth/Ha tch,"Jun 04, 1960",SANDIEGOZ
,,,,,Transfer,"Aug 16, 1960",PRIVATE
,,,,,GO LTF,"Aug 16, 1960",PRIVATE
T1694,Female,"Jul 04, 1960",T1490,"T14
89","Birth/Ha
tch","Jul 04, 1960",NZP-WASH
,,,,,Transfer,"Aug 05, 1962",CINCINNAT
,,,,,GO LTF,"Aug 05, 1962",CINCINNAT
T1695,Female,"Jul 04, 1960",T1490,T14 89,Birth/Ha tch,"Jul 04, 1960",NZP-WASH
,,,,,Transfer,"Aug 05, 1962",CINCINNAT
,,,,,GO LTF,"Aug 05, 1962",CINCINNAT
T1697,Male,"Jul 17, 1960 +/- 6 month",UND,UND,"Birth/Ha
tch","Jul 17, 1960 +/- 6 month",Undetermined
,,,,,Transfer,Undetermined,PRIVATE
,,,,,Transfer,"Jul 19, 1967",BUFFALO
,,,,,Transfer,"Jun 30, 1969",PRIVATE
,,,,,GO LTF,"Jun 30, 1969",PRIVATE
T1698,Male,"Aug 28, 1960 +/-
6 month",UND,UND,"Birth/Ha
tch","Aug 28, 1960 +/-
6 month",PRIVATE
,,,,,Transfer,"Aug 28, 1976",NZP-WASH
,,,,,Death,"Dec 30, 1980",NZP-WASH
T1699,Female,"Sep 01, 1960 +/-
6 month",UND,UND,Birth/Ha tch,"Sep 01, 1960 +/-
6 month",Undetermined
,,,,,Transfer,Undetermined,TACOMA
,,,,,Transfer,"May 14, 1980",PRIVATE
,,,,,GO LTF,"May 14, 1980",PRIVATE
T1700,Male,"Sep 20, 1960 +/- 15 day",UND,UND,"Birth/Ha
tch","Sep 20, 1960 +/- 15 day",Undetermined
,,,,,Transfer,Undetermined,PORTLAND
,,,,,Transfer,"Apr 21, 1961",MEMPHIS
,,,,,Transfer,"Mar 10, 1966",PRIVATE
,,,,,GO LTF,"Mar 10, 1966",PRIVATE
T1701,Male,"Sep 27, 1960",T1397,"T13
98","Birth/Ha
tch","Sep 27, 1960",MILWAUKEE
,,,,,Transfer,"Sep 26, 1970",PRIVATE
,,,,,GO LTF,"Sep 26, 1970",PRIVATE
T1702,Male,"Sep 27, 1960",T1397,T13 98,Birth/Ha tch,"Sep 27, 1960",MILWAUKEE
,,,,,Transfer,"Sep 26, 1970",PRIVATE
,,,,,GO LTF,"Sep 26, 1970",PRIVATE
T1703,Female,"Oct 01, 1960 +/-
6 month",UND,UND,"Birth/Ha
tch","Oct 01, 1960 +/-
6 month",Undetermined
,,,,,Transfer,Undetermined,PRIVATE
,,,,,Transfer,"Oct 01, 1961",OKLAHOMA
,,,,,Transfer,"Dec 04, 1970",PRIVATE
,,,,,GO LTF,"Dec 04, 1970",PRIVATE
T1704,Male,"Oct 09, 1960 +/- 15 day",UND,UND,"Birth/Ha
tch","Oct 09, 1960 +/- 15 day",CLEVELAND
,,,,,Transfer,"Feb 08, 1961",MILWAUKEE
,,,,,Transfer,"Nov 18, 1965",PRIVATE
,,,,,GO LTF,"Nov 18, 1965",PRIVATE
T1705,Undeter mined,"Oct 09, 1960",T1447,T13 76,Birth/Ha tch,"Oct 09, 1960",WINNIPEG
,,,,,Death,"Oct 23, 1960",WINNIPEG
T1706,Female,"Oct 16, 1960",UND,UND,Birth/Ha tch,"Oct 16, 1960",SANDIEGOZ
,,,,,Death,"May 09, 1961",SANDIEGOZ
T1707,Male,"Dec 12, 1960",T1514,UND,Birth/Ha tch,"Dec 12, 1960",OKLAHOMA
,,,,,Death,"Dec 12, 1962",OKLAHOMA
T1708,Female,"Dec 12, 1960",T1514,UND,Birth/Ha tch,"Dec 12, 1960",OKLAHOMA
,,,,,Death,"Mar 19, 1961",OKLAHOMA
T1709,Female,"Dec 30, 1960 +/-
6 month",UND,UND,"Birth/Ha
tch","Dec 30, 1960 +/-
6 month",Undetermined
,,,,,Transfer,Undetermined,SEATTLE
,,,,,Transfer,"Jul 01, 1963 +/- 6 month",CALGARY
,,,,,Death,"Apr 06, 1979",CALGARY
T1711,Female,"Dec 31, 1960 +/-
6 month",WILD,WIL D,Birth/Ha tch,"Dec 31, 1960 +/-
6 month",Kenya / ~
,,,,,"Wild
Capture",Undetermined,Kenya / ~
,,,,,Transfer,Undetermined,PRIVATE
,,,,,Transfer,"Jan 01, 1962",CHICAGOLP
,,,,,Transfer,"Jul 01, 1972",PRIVATE
,,,,,GO LTF,"Jul 01, 1972",PRIVATE
T1712,Male,"Dec 31, 1960 +/-
6 month",WILD,WIL D,Birth/Ha tch,"Dec 31, 1960 +/-
6 month",Kenya / ~
,,,,,"Wild
Capture",Undetermined,Kenya / ~
,,,,,Transfer,Undetermined,PRIVATE
,,,,,Transfer,"Jan 01, 1962",CHICAGOLP
,,,,,Transfer,"Jul 01, 1972",PRIVATE
,,,,,GO LTF,"Jul 01, 1972",PRIVATE
T1713,Female,"Jan 01, 1961 +/- 15 day",UND,UND,"Birth/Ha
tch","Jan 01, 1961 +/- 15 day",Undetermined
,,,,,Transfer,Undetermined,CALGARY
,,,,,Transfer,"Aug 16, 1963",SANDIEGOZ
,,,,,Transfer,"Feb 25, 1964",PRIVATE
,,,,,GO LTF,"Feb 25, 1964",PRIVATE
T1714,Female,"Jan 01, 1961 +/- 15 day",UND,UND,"Birth/Ha
tch","Jan 01, 1961 +/- 15 day",Undetermined
,,,,,Transfer,Undetermined,DALLAS
,,,,,Transfer,"Dec 26, 1963",SANDIEGOZ
,,,,,Transfer,"Feb 15, 1964",PRIVATE
,,,,,GO LTF,"Feb 15, 1964",PRIVATE
T1715,Male,"Jan 01, 1961",UND,UND,"Birth/Ha
tch","Jan 01, 1961",CHICAGOLP
,,,,,Transfer,Undetermined,PRIVATE
,,,,,Transfer,"Jan 01, 1965",OMAHA
,,,,,Transfer,"Oct 26, 1967",PRIVATE
,,,,,GO LTF,"Oct 26, 1967",PRIVATE
T1716,Female,"Jan 01, 1961 +/-
6 month",UND,UND,"Birth/Ha
tch","Jan 01, 1961 +/-
6 month",Undetermined
,,,,,Transfer,Undetermined,PRIVATE
,,,,,Transfer,"Jan 01, 1965",OMAHA
,,,,,Transfer,"Oct 26, 1967",PRIVATE
,,,,,GO LTF,"Oct 26, 1967",PRIVATE
T1717,Male,"Jan 10, 1961",UND,UND,"Birth/Ha
tch","Jan 10, 1961",ST PAUL
,,,,,Transfer,"May 27, 1961",BUFFALO
,,,,,Transfer,"Aug 18, 1961",CLEVELAND
,,,,,GO LTF,"Aug 18, 1961",CLEVELAND
T1718,Male,"Feb 01, 1961 +/- 15 day",UND,UND,"Birth/Ha
tch","Feb 01, 1961 +/- 15 day",Undetermined
,,,,,Transfer,Undetermined,PRIVATE
,,,,,Transfer,"Feb 01, 1962",FORTWORTH
,,,,,Death,"Dec 21, 1968",FORTWORTH
T1719,Male,"Feb 13, 1961",T1447,"T13
76","Birth/Ha
tch","Feb 13, 1961",WINNIPEG
,,,,,Transfer,"Apr 19, 1961",PRIVATE
,,,,,GO LTF,"Apr 19, 1961",PRIVATE
T1720,Female,"Feb 13, 1961",T1447,"T13
76","Birth/Ha
tch","Feb 13, 1961",WINNIPEG
,,,,,Death,"Apr 05, 1961",WINNIPEG
T1721,Female,"Feb 13, 1961",T1447,"T13
76","Birth/Ha
tch","Feb 13, 1961",WINNIPEG
,,,,,Transfer,"Apr 19, 1961",PRIVATE
,,,,,GO LTF,"Apr 19, 1961",PRIVATE
T1722,Male,Undetermined,UND,UND,Birth/Ha tch,Undetermined,Undetermined
,,,,,Transfer,Undetermined,PRIVATE
,,,,,Transfer,"Apr 25, 1961",MEMPHIS
,,,,,Death,"Oct 20, 1977",MEMPHIS
T1723,Female,"May 03, 1961",UND,"T13
98","Birth/Ha
tch","May 03, 1961",MILWAUKEE
,,,,,Death,"Oct 09, 1961",MILWAUKEE
T1724,Female,"May 03, 1961",UND,"T13
98","Birth/Ha
tch","May 03, 1961",MILWAUKEE
,,,,,Death,"Oct 09, 1961",MILWAUKEE
T1725,Female,"May 10, 1961",UND,UND,Birth/Ha tch,"May 10, 1961",PHILADELP
,,,,,Death,"Mar 08, 1983",PHILADELP
T1726,Male,"May 16, 1961",UND,UND,Birth/Ha tch,"May 16, 1961",ST PAUL
,,,,,Transfer,"Aug 10, 1961",PRIVATE
,,,,,GO LTF,"Aug 10, 1961",PRIVATE
T1727,Female,"May 16, 1961",UND,UND,"Birth/Ha
tch","May 16, 1961",ST PAUL
,,,,,Death,"May 20, 1961",ST PAUL
T1728,Female,"Jun 08, 1961",UND,UND,"Birth/Ha
tch","Jun 08, 1961",SANDIEGOZ
,,,,,Transfer,"Oct 24, 1961",PRIVATE
,,,,,GO LTF,"Oct 24, 1961",PRIVATE
T1729,Female,"Jun 08, 1961",UND,UND,Birth/Ha tch,"Jun 08, 1961",SANDIEGOZ
,,,,,Transfer,"Oct 24, 1961",PRIVATE
,,,,,GO LTF,"Oct 24, 1961",PRIVATE
T1730,Female,"Jun 08, 1961",UND,UND,"Birth/Ha
tch","Jun 08, 1961",SANDIEGOZ
,,,,,Transfer,"Oct 24, 1961",PRIVATE
,,,,,GO LTF,"Oct 24, 1961",PRIVATE
T1731,Undeter mined,"Jun 29, 1961",T1447,T13 76,Birth/Ha tch,"Jun 29, 1961",WINNIPEG
,,,,,Death,"Oct 09, 1961",WINNIPEG
T1732,Undeter mined,"Jun 29, 1961",T1447,T13 76,Birth/Ha tch,"Jun 29, 1961",WINNIPEG
,,,,,Death,"Oct 16, 1961",WINNIPEG
T1733,Undeter mined,"Jun 29, 1961",T1447,T13 76,Birth/Ha tch,"Jun 29, 1961",WINNIPEG
,,,,,Death,"Oct 03, 1961",WINNIPEG
T1734,Female,"Jul 16, 1961",T1514,UND,"Birth/Ha
tch","Jul 16, 1961",OKLAHOMA
,,,,,Death,"Feb 19, 1962",OKLAHOMA
T1735,Male,"Jul 26, 1961",UND,UND,"Birth/Ha
tch","Jul 26, 1961",SANDIEGOZ
,,,,,Death,"Jul 26, 1961",SANDIEGOZ
T1736,Male,"Oct 02, 1961",T1619,"T16
18","Birth/Ha
tch","Oct 02, 1961",CHICAGOLP
,,,,,Transfer,"Aug 06, 1962",PRIVATE
,,,,,GO LTF,"Aug 06, 1962",PRIVATE
T1737,Female,"Oct 02, 1961",T1619,T16 18,Birth/Ha tch,"Oct 02, 1961",CHICAGOLP
,,,,,Transfer,"Aug 06, 1962",PRIVATE
,,,,,GO LTF,"Aug 06, 1962",PRIVATE
T1738,Male,"Nov 04, 1961 +/-
6 month",UND,UND,"Birth/Ha
tch","Nov 04, 1961 +/-
6 month",Undetermined
,,,,,Transfer,Undetermined,PRIVATE
,,,,,Transfer,"Nov 05, 1971",WILMINGTN
,,,,,Death,"Jan 09, 1986",WILMINGTN
T1739,Male,"May 10, 1961",UND,UND,Birth/Ha tch,"May 10, 1961",PHILADELP
,,,,,Transfer,"Nov 14, 1961",NZP-WASH
,,,,,Transfer,"Dec 01, 1961",PRIVATE
,,,,,GO LTF,"Dec 01, 1961",PRIVATE
T1740,Female,"Nov 26, 1961",UND,UND,Birth/Ha tch,"Nov 26, 1961",ST PAUL
,,,,,Death,"Jan 17, 1962",ST PAUL
T1741,Female,"Jan 01, 1962 +/- 15 day",UND,UND,Birth/Ha tch,"Jan 01, 1962 +/- 15 day",Undetermined
,,,,,Transfer,Undetermined,CALGARY
,,,,,Transfer,"Feb 07, 1964",SANDIEGOZ
,,,,,Transfer,"Apr 22, 1964",PRIVATE
,,,,,GO LTF,"Apr 22, 1964",PRIVATE
T1742,Male,"Jan 01, 1962",UND,UND,"Birth/Ha
tch","Jan 01, 1962",PRIVATE
,,,,,Transfer,Undetermined,PRIVATE
,,,,,Transfer,"Aug 29, 1962",DETROIT
,,,,,Transfer,"Jun 25, 1982",PRIVATE
,,,,,GO LTF,"Jun 25, 1982",PRIVATE
T1744,Female,"Jan 01, 1962 +/-
6 month",UND,UND,"Birth/Ha
tch","Jan 01, 1962 +/-
6 month",Undetermined
,,,,,Transfer,Undetermined,PRIVATE
,,,,,Transfer,"Jan 01, 1965",KNOXVILLE
,,,,,Transfer,"Mar 17, 1978",PRIVATE
,,,,,GO LTF,"Mar 17, 1978",PRIVATE
T1745,"Undeter
mined","Jan 13, 1962",T1447,"T16
38","Birth/Ha
tch","Jan 13, 1962",WINNIPEG
,,,,,Death,"Jan 14, 1962",WINNIPEG
T1746,Female,"Jan 13, 1962",T1447,"T16
38","Birth/Ha
tch","Jan 13, 1962",WINNIPEG
,,,,,Transfer,"Apr 29, 1962",CHICAGOBR
,,,,,GO LTF,"Apr 29, 1962",CHICAGOBR
T1747,Male,Undetermined,UND,UND,Birth/Ha tch,Undetermined,Undetermined
,,,,,Transfer,Undetermined,PRIVATE
,,,,,Transfer,"Jan 15, 1964 +/- 1 day",TACOMA
,,,,,Transfer,"Apr 18, 1979",PRIVATE
,,,,,GO LTF,"Apr 18, 1979",PRIVATE
T1748,Female,"Jan 29, 1962",UND,UND,Birth/Ha tch,"Jan 29, 1962",NY BRONX
,,,,,Transfer,"May 15, 1963",PRIVATE
,,,,,GO LTF,"May 15, 1963",PRIVATE
T1749,Female,"Feb 08, 1962",T1514,UND,"Birth/Ha
tch","Feb 08, 1962",OKLAHOMA
,,,,,Death,"Feb 24, 1962",OKLAHOMA
T1750,Female,"Feb 25, 1962",T1619,T16 18,Birth/Ha tch,"Feb 25, 1962",CHICAGOLP
,,,,,Transfer,"Mar 19, 1962",FRANKLINP
,,,,,GO LTF,"Mar 19, 1962",FRANKLINP
T1751,Male,"Feb 25, 1962",T1619,"T16
18","Birth/Ha
tch","Feb 25, 1962",CHICAGOLP
,,,,,Transfer,"Aug 28, 1962",PRIVATE
,,,,,GO LTF,"Aug 28, 1962",PRIVATE
T1752,Female,"Feb 25, 1962",T1619,"T16
18","Birth/Ha
tch","Feb 25, 1962",CHICAGOLP
,,,,,Transfer,"Aug 28, 1962",PRIVATE
,,,,,GO LTF,"Aug 28, 1962",PRIVATE
T1753,Male,"Mar 13, 1962",T1514,T17 03,Birth/Ha tch,"Mar 13, 1962",OKLAHOMA
,,,,,Death,"Mar 14, 1962",OKLAHOMA
T1754,Female,"Mar 13, 1962",T1514,"T17
03","Birth/Ha
tch","Mar 13, 1962",OKLAHOMA
,,,,,Death,"Mar 20, 1962",OKLAHOMA
T1755,Male,"Mar 26, 1962",T1490,"T14
89","Birth/Ha
tch","Mar 26, 1962",NZP-WASH
,,,,,Transfer,"May 13, 1962",PRIVATE
,,,,,GO LTF,"May 13, 1962",PRIVATE
T1756,Male,"Mar 26, 1962",T1490,T14 89,Birth/Ha tch,"Mar 26, 1962",NZP-WASH
,,,,,Transfer,"Aug 15, 1962",PRIVATE
,,,,,GO LTF,"Aug 15, 1962",PRIVATE
T1757,Female,"Mar 26, 1962",T1490,"T14
89","Birth/Ha
tch","Mar 26, 1962",NZP-WASH
,,,,,Transfer,"Apr 05, 1963",PRIVATE
,,,,,GO LTF,"Apr 05, 1963",PRIVATE
T1758,Female,"Mar 26, 1962",T1490,T14 89,Birth/Ha tch,"Mar 26, 1962",NZP-WASH
,,,,,Transfer,"May 05, 1964",PRIVATE
,,,,,GO LTF,"May 05, 1964",PRIVATE
T1759,Female,"Apr 01, 1962 +/- 15 day",UND,UND,"Birth/Ha
tch","Apr 01, 1962 +/- 15 day",Undetermined
,,,,,Transfer,Undetermined,PRIVATE
,,,,,Transfer,"Nov 08, 1963",GARDENCTY
,,,,,Death,"Jan 01, 1977 +/-
6 month",GARDENCTY
T1760,Female,"Apr 02, 1962",T1447,"T13
76","Birth/Ha
tch","Apr 02, 1962",WINNIPEG
,,,,,Death,"Apr 12, 1962",WINNIPEG
T1761,Male,"May 04, 1962 +/-
6 month",UND,UND,"Birth/Ha
tch","May 04, 1962 +/-
6 month",Undetermined
,,,,,Transfer,"May 04, 1969",DULUTH
,,,,,Death,"Aug 31, 1988",DULUTH
T1762,Male,"May 22, 1962 +/-
6 month",UND,UND,Birth/Ha tch,"May 22, 1962 +/-
6 month",Undetermined
,,,,,Transfer,Undetermined,PRIVATE
,,,,,Transfer,"May 23, 1968",CHICAGOBR
,,,,,Death,"Mar 21, 1980",CHICAGOBR
T1763,Female,"Jun 04, 1962",UND,UND,"Birth/Ha
tch","Jun 04, 1962",SANDIEGOZ
,,,,,Death,"Jun 06, 1962",SANDIEGOZ
T1764,Male,"Jun 04, 1962",UND,UND,Birth/Ha tch,"Jun 04, 1962",SANDIEGOZ
,,,,,Death,"Jun 07, 1962",SANDIEGOZ
T1765,Female,"Jun 04, 1962",UND,UND,Birth/Ha tch,"Jun 04, 1962",SANDIEGOZ
,,,,,Death,"Dec 30, 1962",SANDIEGOZ
T1766,Male,"Jun 04, 1962",UND,UND,Birth/Ha tch,"Jun 04, 1962",SANDIEGOZ
,,,,,Transfer,"Jan 01, 1967",PRIVATE
,,,,,GO LTF,"Jan 01, 1967",PRIVATE
T1767,Male,"Jun 09, 1962",T1514,UND,"Birth/Ha
tch","Jun 09, 1962",OKLAHOMA
,,,,,Transfer,"Dec 31, 1962",GARDENCTY
,,,,,GO LTF,"Dec 31, 1962",GARDENCTY
T1768,Female,"Jun 09, 1962",T1514,UND,Birth/Ha tch,"Jun 09, 1962",OKLAHOMA
,,,,,Death,"Jan 01, 1966",OKLAHOMA
T1769,Male,"Jun 21, 1962 +/-
6 month",UND,UND,Birth/Ha tch,"Jun 21, 1962 +/-
6 month",Undetermined
,,,,,Transfer,Undetermined,LOSANGELE
,,,,,Transfer,"Jun 20, 1966",PHOENIX
,,,,,Death,"Jul 22, 1969",PHOENIX
T1770,Male,"Jul 07, 1962",T1619,"T16
18","Birth/Ha
tch","Jul 07, 1962",CHICAGOLP
,,,,,Death,"Oct 02, 1962",CHICAGOLP
T1771,Female,"Jul 07, 1962",T1619,"T16
18","Birth/Ha
tch","Jul 07, 1962",CHICAGOLP
,,,,,Transfer,"Nov 05, 1962",PRIVATE
,,,,,GO LTF,"Nov 05, 1962",PRIVATE
T1772,Male,"Jul 26, 1962",T1514,UND,Birth/Ha tch,"Jul 26, 1962",OKLAHOMA
,,,,,Death,"Jul 26, 1962",OKLAHOMA
T1773,Female,"Jul 26, 1962",T1514,UND,"Birth/Ha
tch","Jul 26, 1962",OKLAHOMA
,,,,,Death,"Aug 17, 1962",OKLAHOMA
T1774,Male,"Jul 26, 1962",T1514,UND,"Birth/Ha
tch","Jul 26, 1962",OKLAHOMA
,,,,,Death,"Aug 01, 1962",OKLAHOMA
T1775,Female,"Jul 28, 1962",T1447,"T16
38","Birth/Ha
tch","Jul 28, 1962",WINNIPEG
,,,,,Transfer,"Oct 02, 1962",PRIVATE
,,,,,GO LTF,"Oct 02, 1962",PRIVATE
T1776,Female,"Sep 01, 1962",T1514,UND,Birth/Ha tch,"Sep 01, 1962",OKLAHOMA
,,,,,Transfer,"May 25, 1978",PRIVATE
,,,,,GO LTF,"May 25, 1978",PRIVATE
T1777,Female,"Sep 23, 1962",UND,UND,"Birth/Ha
tch","Sep 23, 1962",ST PAUL
,,,,,Death,"Sep 29, 1962",ST PAUL
T1778,Female,"Oct 01, 1962",UND,UND,"Birth/Ha
tch","Oct 01, 1962",ST PAUL
,,,,,Transfer,"Dec 31, 1962",PRIVATE
,,,,,Transfer,"Jan 01, 1963",ST PAUL
,,,,,Transfer,"Mar 11, 1963",PRIVATE
,,,,,GO LTF,"Mar 11, 1963",PRIVATE
T1779,Female,"Oct 03, 1962",T1447,"T13
76","Birth/Ha
tch","Oct 03, 1962",WINNIPEG
,,,,,Death,"Oct 19, 1962",WINNIPEG
T1780,Male,"Oct 11, 1962",UND,UND,"Birth/Ha
tch","Oct 11, 1962",SANDIEGOZ
,,,,,Death,"Oct 12, 1962",SANDIEGOZ
T1781,Female,"Oct 11, 1962",UND,UND,"Birth/Ha
tch","Oct 11, 1962",SANDIEGOZ
,,,,,Death,"Oct 12, 1962",SANDIEGOZ
T1782,Male,"Oct 11, 1962",UND,UND,Birth/Ha tch,"Oct 11, 1962",SANDIEGOZ
,,,,,Death,"Oct 12, 1962",SANDIEGOZ
T1783,Female,"Oct 11, 1962",UND,UND,Birth/Ha tch,"Oct 11, 1962",SANDIEGOZ
,,,,,Death,"Oct 12, 1962",SANDIEGOZ
T1784,Male,"Oct 27, 1962 +/-
6 month",UND,UND,"Birth/Ha
tch","Oct 27, 1962 +/-
6 month",PRIVATE
,,,,,Transfer,Undetermined,PRIVATE
,,,,,Transfer,"Oct 28, 1971",WNCNATCTR
,,,,,Transfer,"May 14, 1974",WNCNATCTR
,,,,,GO LTF,"May 14, 1974",WNCNATCTR
T1785,"Undeter
mined","Nov 07, 1962",T1397,"T13
98","Birth/Ha
tch","Nov 07, 1962",MILWAUKEE
,,,,,Death,"Nov 10, 1962",MILWAUKEE
T1786,"Undeter
mined","Nov 07, 1962",T1397,"T13
98","Birth/Ha
tch","Nov 07, 1962",MILWAUKEE
,,,,,Transfer,"Mar 12, 1963",CINCINNAT
,,,,,GO LTF,"Mar 12, 1963",CINCINNAT
T1787,Undeter mined,"Nov 07, 1962",T1397,T13 98,Birth/Ha tch,"Nov 07, 1962",MILWAUKEE
,,,,,Transfer,"Mar 12, 1963",CINCINNAT
,,,,,GO LTF,"Mar 12, 1963",CINCINNAT
T1788,"Undeter
mined","Nov 07, 1962",T1397,"T13
98","Birth/Ha
tch","Nov 07, 1962",MILWAUKEE
,,,,,Transfer,"Mar 12, 1963",CINCINNAT
,,,,,GO LTF,"Mar 12, 1963",CINCINNAT
T1789,Male,"Nov 19, 1962",T1619,"T16
18","Birth/Ha
tch","Nov 19, 1962",CHICAGOLP
,,,,,Transfer,"Feb 07, 1963",PRIVATE
,,,,,GO LTF,"Feb 07, 1963",PRIVATE
T1790,Male,"Nov 19, 1962",T1619,"T16
18","Birth/Ha
tch","Nov 19, 1962",CHICAGOLP
,,,,,Transfer,"Feb 18, 1963",PRIVATE
,,,,,GO LTF,"Feb 18, 1963",PRIVATE
T1791,Male,"Nov 29, 1962",UND,UND,"Birth/Ha
tch","Nov 29, 1962",NY BRONX
,,,,,Transfer,"May 15, 1963",PRIVATE
,,,,,GO LTF,"May 15, 1963",PRIVATE
T1792,Female,"Dec 10, 1962 +/-
6 month",UND,UND,"Birth/Ha
tch","Dec 10, 1962 +/-
6 month",Undetermined
,,,,,Transfer,Undetermined,HONOLULU
,,,,,Transfer,"Dec 09, 1966",PHOENIX
,,,,,Death,"Aug 18, 1977",PHOENIX
T1793,Male,"Jan 06, 1963 +/- 1 day",UND,UND,"Birth/Ha
tch","Jan 06, 1963 +/- 1 day",PRIVATE
,,,,,Transfer,Undetermined,PRIVATE
,,,,,Transfer,"Mar 08, 1963",METROZOO
,,,,,Death,"Apr 01, 1980",METROZOO
T1794,Male,"Jan 28, 1963",T1447,T16 38,Birth/Ha tch,"Jan 28, 1963",WINNIPEG
,,,,,Death,"Mar 31, 1963",WINNIPEG
T1796,Male,"Mar 02, 1963 +/- 15 day",UND,UND,"Birth/Ha
tch","Mar 02, 1963 +/- 15 day",Undetermined
,,,,,Transfer,Undetermined,PRIVATE
,,,,,Transfer,"Nov 01, 1963",SAN FRAN
,,,,,Death,"Apr 27, 1968",SAN FRAN
T1798,Female,"Mar 31, 1963",UND,UND,Birth/Ha tch,"Mar 31, 1963",ST PAUL
,,,,,Death,"Apr 02, 1963",ST PAUL
T1799,Male,"Apr 14, 1963",T1619,T16 18,Birth/Ha tch,"Apr 14, 1963",CHICAGOLP
,,,,,Transfer,"Oct 08, 1963",PRIVATE
,,,,,GO LTF,"Oct 08, 1963",PRIVATE
T1800,Female,"Apr 14, 1963",T1619,"T16
18","Birth/Ha
tch","Apr 14, 1963",CHICAGOLP
,,,,,Transfer,"Jun 06, 1963",CHICAGOBR
,,,,,GO LTF,"Jun 06, 1963",CHICAGOBR
T1801,Female,"Apr 14, 1963",T1619,"T16
18","Birth/Ha
tch","Apr 14, 1963",CHICAGOLP
,,,,,Transfer,"Sep 25, 1963",PRIVATE
,,,,,GO LTF,"Sep 25, 1963",PRIVATE
T1802,Female,"May 12, 1963 +/- 15 day",UND,UND,Birth/Ha tch,"May 12, 1963 +/- 15 day",Undetermined
,,,,,Transfer,Undetermined,CALGARY
,,,,,Transfer,"Sep 10, 1963",PHOENIX
,,,,,Death,"Jun 18, 1966",PHOENIX
T1803,Male,"Jun 01, 1963",T1490,"T14
89","Birth/Ha
tch","Jun 01, 1963",NZP-WASH
,,,,,Transfer,"Oct 09, 1963",PRIVATE
,,,,,GO LTF,"Oct 09, 1963",PRIVATE
T1804,Male,"Jun 01, 1963",T1490,"T14
89","Birth/Ha
tch","Jun 01, 1963",NZP-WASH
,,,,,Transfer,"Oct 09, 1963",PRIVATE
,,,,,GO LTF,"Oct 09, 1963",PRIVATE
T1805,Female,"Jun 01, 1963",T1490,"T14
89","Birth/Ha
tch","Jun 01, 1963",NZP-WASH
,,,,,Transfer,"Oct 09, 1963",PRIVATE
,,,,,GO LTF,"Oct 09, 1963",PRIVATE
T1806,Female,"Jun 01, 1963",T1490,"T14
89","Birth/Ha
tch","Jun 01, 1963",NZP-WASH
,,,,,Transfer,"Sep 03, 1963",PRIVATE
,,,,,GO LTF,"Sep 03, 1963",PRIVATE
T1807,Male,"Jun 10, 1963",UND,UND,"Birth/Ha
tch","Jun 10, 1963",BIRMINGHM
,,,,,Death,"Jun 28, 1975",BIRMINGHM
T1808,Female,"Jun 13, 1963 +/-
6 month",UND,UND,Birth/Ha tch,"Jun 13, 1963 +/-
6 month",Undetermined
,,,,,Transfer,Undetermined,PRIVATE
,,,,,Transfer,"Jun 12, 1964",JACKSONVL
,,,,,Transfer,"Aug 04, 1975",PRIVATE
,,,,,GO LTF,"Aug 04, 1975",PRIVATE
T1809,Female,"Jun 27, 1963 +/-
6 month",UND,UND,"Birth/Ha
tch","Jun 27, 1963 +/-
6 month",Undetermined
,,,,,Transfer,"Jun 27, 1964",SAN ANTON
,,,,,Death,"Feb 26, 1974",SAN ANTON
T1810,Male,Undetermined,UND,UND,"Birth/Ha
tch",Undetermined,Undetermined
,,,,,Transfer,"Jul 01, 1963 +/- 6 month",CALGARY
,,,,,Transfer,"Jun 19, 1966",UNDETERMI
,,,,,GO LTF,"Jun 19, 1966",UNDETERMI
T1811,Female,"Jul 07, 1963 +/- 6 month",UND,UND,"Birth/Ha
tch","Jul 07, 1963 +/- 6 month",Undetermined
,,,,,Transfer,Undetermined,LOSANGELE
,,,,,Transfer,"Jul 07, 1966",SACRAMNTO
,,,,,Death,"Jun 29, 1983",SACRAMNTO
T1812,Male,"Jul 09, 1963",T1447,"T16
38","Birth/Ha
tch","Jul 09, 1963",WINNIPEG
,,,,,Transfer,"Oct 02, 1963",PRIVATE
,,,,,GO LTF,"Oct 02, 1963",PRIVATE
T1813,Female,"Jul 09, 1963",T1447,"T16
38","Birth/Ha
tch","Jul 09, 1963",WINNIPEG
,,,,,Transfer,"Oct 02, 1963",PRIVATE
,,,,,GO LTF,"Oct 02, 1963",PRIVATE
T1814,Female,"Jul 09, 1963",T1447,"T16
38","Birth/Ha
tch","Jul 09, 1963",WINNIPEG
,,,,,Transfer,"Oct 02, 1963",PRIVATE
,,,,,GO LTF,"Oct 02, 1963",PRIVATE
T1815,Male,"Jul 29, 1963",UND,UND,"Birth/Ha
tch","Jul 29, 1963",SANDIEGOZ
,,,,,Transfer,"May 12, 1964",PRIVATE
,,,,,GO LTF,"May 12, 1964",PRIVATE
T1816,Female,"Jul 29, 1963",UND,UND,Birth/Ha tch,"Jul 29, 1963",SANDIEGOZ
,,,,,Transfer,"May 12, 1964",PRIVATE
,,,,,GO LTF,"May 12, 1964",PRIVATE
T1817,Female,"Jul 29, 1963",UND,UND,"Birth/Ha
tch","Jul 29, 1963",SANDIEGOZ
,,,,,Death,"May 10, 1966",SANDIEGOZ
T1818,Female,"Aug 01, 1963",UND,UND,"Birth/Ha
tch","Aug 01, 1963",NY BRONX
,,,,,Death,"Sep 10, 1964",NY BRONX
T1819,Male,"Aug 01, 1963",UND,UND,Birth/Ha tch,"Aug 01, 1963",NY BRONX
,,,,,Transfer,"Jun 21, 1967",PRIVATE
,,,,,GO LTF,"Jun 21, 1967",PRIVATE
T1820,Female,"Aug 27, 1963 +/-
6 month",UND,UND,"Birth/Ha
tch","Aug 27, 1963 +/-
6 month",PRIVATE
,,,,,Transfer,"Aug 28, 1976",NZP-WASH
,,,,,Death,"Sep 16, 1988",NZP-WASH
T1821,Female,"Sep 03, 1963",T1619,T16 18,Birth/Ha tch,"Sep 03, 1963",CHICAGOLP
,,,,,Transfer,"Nov 01, 1963",PRIVATE
,,,,,GO LTF,"Nov 01, 1963",PRIVATE
T1822,Male,"Sep 03, 1963",T1619,"T16
18","Birth/Ha
tch","Sep 03, 1963",CHICAGOLP
,,,,,Transfer,"Nov 27, 1963",PRIVATE
,,,,,GO LTF,"Nov 27, 1963",PRIVATE
T1823,Male,"Sep 03, 1963",T1619,"T16
18","Birth/Ha
tch","Sep 03, 1963",CHICAGOLP
,,,,,Transfer,"Nov 01, 1963",PRIVATE
,,,,,GO LTF,"Nov 01, 1963",PRIVATE
T1824,Male,"Oct 02, 1963",T1466,T16 81,Birth/Ha tch,"Oct 02, 1963",RACINE
,,,,,Transfer,"Sep 12, 1966",PRIVATE
,,,,,GO LTF,"Sep 12, 1966",PRIVATE
T1825,Female,"Oct 11, 1963",UND,UND,Birth/Ha tch,"Oct 11, 1963",BIRMINGHM
,,,,,Death,"Jul 04, 1977",BIRMINGHM
T1826,Female,"Nov 11, 1963",T1523,T15 24,Birth/Ha tch,"Nov 11, 1963",SAN FRAN
,,,,,Death,"Mar 28, 1986",SAN FRAN
T1827,Male,"Nov 29, 1963",UND,UND,"Birth/Ha
tch","Nov 29, 1963",RACINE
,,,,,Transfer,"Dec 17, 1963",CHICAGOLP
,,,,,Death,"Dec 18, 1963",CHICAGOLP
T1828,Male,"Nov 29, 1963",UND,UND,"Birth/Ha
tch","Nov 29, 1963",RACINE
,,,,,Transfer,"Dec 17, 1963",CHICAGOLP
,,,,,Transfer,"Feb 28, 1964",PRIVATE
,,,,,GO LTF,"Feb 28, 1964",PRIVATE
T1831,Male,"Dec 23, 1963",T1810,"T17
09","Birth/Ha
tch","Dec 23, 1963",CALGARY
,,,,,Transfer,"Feb 06, 1964",CHICAGOLP
,,,,,Transfer,"Feb 28, 1964",PRIVATE
,,,,,GO LTF,"Feb 28, 1964",PRIVATE
T1832,Male,"Dec 23, 1963",T1810,T17 09,Birth/Ha tch,"Dec 23, 1963",CALGARY
,,,,,Transfer,"Feb 06, 1964",CHICAGOLP
,,,,,Transfer,"Feb 24, 1964",PRIVATE
,,,,,GO LTF,"Feb 24, 1964",PRIVATE
T1833,Female,"Dec 23, 1963",T1810,"T17
09","Birth/Ha
tch","Dec 23, 1963",CALGARY
,,,,,Transfer,"Jul 01, 1964 +/- 6 month",PRIVATE
,,,,,GO LTF,"Jul 01, 1964 +/- 6 month",PRIVATE
T1836,Female,"Jan 01, 1964 +/- 15 day",UND,UND,"Birth/Ha
tch","Jan 01, 1964 +/- 15 day",Undetermined
,,,,,Transfer,Undetermined,ABILENE
,,,,,Transfer,"Dec 30, 1966",SANDIEGOZ
,,,,,Death,"Jan 05, 1967",SANDIEGOZ
T1837,Male,"Jan 25, 1964",T1619,"T16
18","Birth/Ha
tch","Jan 25, 1964",CHICAGOLP
,,,,,Death,"Feb 02, 1964",CHICAGOLP
T1838,Male,"Jan 25, 1964",T1619,T16 18,Birth/Ha tch,"Jan 25, 1964",CHICAGOLP
,,,,,Transfer,"Apr 28, 1964",PRIVATE
,,,,,GO LTF,"Apr 28, 1964",PRIVATE
T1839,Female,"Jan 25, 1964",T1619,"T16
18","Birth/Ha
tch","Jan 25, 1964",CHICAGOLP
,,,,,Transfer,"Apr 28, 1964",PRIVATE
,,,,,GO LTF,"Apr 28, 1964",PRIVATE
T1840,Male,"Feb 12, 1964",UND,UND,Birth/Ha tch,"Feb 12, 1964",DALLAS
,,,,,Transfer,"May 13, 1964",PHILADELP
,,,,,Death,"Feb 22, 1985",PHILADELP
T1841,Male,"Feb 24, 1964",UND,UND,"Birth/Ha
tch","Feb 24, 1964",ST PAUL
,,,,,Transfer,"Feb 11, 1965",PRIVATE
,,,,,GO LTF,"Feb 11, 1965",PRIVATE
T1842,Male,"Feb 24, 1964",UND,UND,"Birth/Ha
tch","Feb 24, 1964",ST PAUL
,,,,,Death,"Mar 12, 1964",ST PAUL
T1843,Male,"Feb 24, 1964 +/-
6 month",UND,UND,Birth/Ha tch,"Feb 24, 1964 +/-
6 month",Undetermined
,,,,,Transfer,Undetermined,PRIVATE
,,,,,Transfer,"Feb 24, 1967",ST PAUL
,,,,,Death,"Jan 01, 1976",ST PAUL
T1844,Male,"Apr 01, 1964",UND,UND,"Birth/Ha
tch","Apr 01, 1964",ROCHESTER
,,,,,Transfer,"Oct 01, 1964",UTICA
,,,,,Transfer,"Dec 29, 1977",W PALM BE
,,,,,GO LTF,"Dec 29, 1977",W PALM BE
T1845,Male,"Apr 02, 1964 +/-
6 month",UND,UND,"Birth/Ha
tch","Apr 02, 1964 +/-
6 month",Undetermined
,,,,,Transfer,Undetermined,PRIVATE
,,,,,Transfer,"Apr 02, 1967",SAN FRAN
,,,,,Transfer,"Jun 06, 1972",PRIVATE
,,,,,GO LTF,"Jun 06, 1972",PRIVATE
T1847,Female,"Apr 28, 1964",T1490,T14 89,Birth/Ha tch,"Apr 28, 1964",NZP-WASH
,,,,,Transfer,"May 11, 1964",STONEHAM
,,,,,GO LTF,"May 11, 1964",STONEHAM
T1848,Female,"Apr 28, 1964",T1490,"T14
89","Birth/Ha
tch","Apr 28, 1964",NZP-WASH
,,,,,Transfer,"May 11, 1964",STONEHAM
,,,,,GO LTF,"May 11, 1964",STONEHAM
T1849,Female,"Apr 28, 1964",T1490,"T14
89","Birth/Ha
tch","Apr 28, 1964",NZP-WASH
,,,,,Transfer,"Jul 25, 1964",PRIVATE
,,,,,GO LTF,"Jul 25, 1964",PRIVATE
T1850,Female,"May 27, 1964 +/-
6 month",UND,UND,Birth/Ha tch,"May 27, 1964 +/-
6 month",Undetermined
,,,,,Transfer,Undetermined,PRIVATE
,,,,,Transfer,"May 28, 1965",ABQBIOPK
,,,,,Death,"Feb 05, 1985",ABQBIOPK
T1851,"Undeter
mined","Jun 01, 1964",T1718,"T16
45","Birth/Ha
tch","Jun 01, 1964",FORTWORTH
,,,,,Transfer,"Aug 01, 1964",UNDETERMI
,,,,,GO LTF,"Aug 01, 1964",UNDETERMI
T1852,Undeter mined,"Jun 01, 1964",T1718,T16 45,Birth/Ha tch,"Jun 01, 1964",FORTWORTH
,,,,,Transfer,"Aug 01, 1964",UNDETERMI
,,,,,GO LTF,"Aug 01, 1964",UNDETERMI
T1853,Undeter mined,"Jun 01, 1964",T1718,T16 45,Birth/Ha tch,"Jun 01, 1964",FORTWORTH
,,,,,Death,"Jun 01, 1964",FORTWORTH
T1854,"Undeter
mined","Jun 10, 1964 +/- 15 day",T1556,"T15
57","Birth/Ha
tch","Jun 10, 1964 +/- 15 day",EVANSVLLE
,,,,,Death,"Jun 11, 1964",EVANSVLLE
T1855,"Undeter
mined","Jun 10, 1964 +/- 15 day",T1556,"T15
57","Birth/Ha
tch","Jun 10, 1964 +/- 15 day",EVANSVLLE
,,,,,Death,"Jun 11, 1964",EVANSVLLE
T1856,Male,"Jun 13, 1964",T1619,T16 18,Birth/Ha tch,"Jun 13, 1964",CHICAGOLP
,,,,,Transfer,"Oct 06, 1964",PRIVATE
,,,,,GO LTF,"Oct 06, 1964",PRIVATE
T1857,Male,"Jun 13, 1964",T1619,"T16
18","Birth/Ha
tch","Jun 13, 1964",CHICAGOLP
,,,,,Transfer,"Oct 06, 1964",PRIVATE
,,,,,GO LTF,"Oct 06, 1964",PRIVATE
T1858,Female,"Jun 13, 1964",T1619,"T16
18","Birth/Ha
tch","Jun 13, 1964",CHICAGOLP
,,,,,Transfer,"Oct 06, 1964",PRIVATE
,,,,,GO LTF,"Oct 06, 1964",PRIVATE
T1859,Male,"Jun 15, 1964 +/- 1 day",UND,UND,Birth/Ha tch,"Jun 15, 1964 +/- 1 day",Undetermined
,,,,,Transfer,Undetermined,SEATTLE
,,,,,Transfer,"Apr 11, 1965",ST PAUL
,,,,,Transfer,"Oct 31, 1966",PRIVATE
,,,,,GO LTF,"Oct 31, 1966",PRIVATE
T1860,Male,"Jun 16, 1964",UND,UND,"Birth/Ha
tch","Jun 16, 1964",CINCINNAT
,,,,,Transfer,"Nov 10, 1964",BUFFALO
,,,,,Death,"Dec 07, 1984",BUFFALO
T1861,Female,"Jun 30, 1964 +/-
6 month",UND,UND,"Birth/Ha
tch","Jun 30, 1964 +/-
6 month",Undetermined
,,,,,Transfer,Undetermined,PRIVATE
,,,,,Transfer,"Jul 01, 1974",TORONTO
,,,,,Death,"Jun 05, 1978",TORONTO
T1862,Male,"Jun 30, 1964 +/-
6 month",UND,UND,"Birth/Ha
tch","Jun 30, 1964 +/-
6 month",Undetermined
,,,,,Transfer,Undetermined,PRIVATE
,,,,,Transfer,"Jul 01, 1974",TORONTO
,,,,,Death,"Jun 05, 1978",TORONTO
T1863,Male,Undetermined,UND,UND,Birth/Ha tch,Undetermined,Undetermined
,,,,,Transfer,"Jul 01, 1964 +/- 6 month",CALGARY
,,,,,Transfer,"Jun 19, 1966",UNDETERMI
,,,,,GO LTF,"Jun 19, 1966",UNDETERMI
T1864,Female,"Jul 01, 1964 +/- 15 day",UND,UND,Birth/Ha tch,"Jul 01, 1964 +/- 15 day",Undetermined
,,,,,Transfer,Undetermined,PRIVATE
,,,,,Transfer,"Dec 01, 1965",FRESNO
,,,,,Death,"Nov 15, 1979",FRESNO
T1865,Female,"Jul 05, 1964 +/- 15 day",UND,UND,"Birth/Ha
tch","Jul 05, 1964 +/- 15 day",SEATTLE
,,,,,Transfer,"Apr 11, 1965",ST PAUL
,,,,,Death,"Nov 04, 1977",ST PAUL
T1866,Undeter mined,"Jul 17, 1964",T1556,T15 57,Birth/Ha tch,"Jul 17, 1964",EVANSVLLE
,,,,,Death,"Sep 01, 1964",EVANSVLLE
T1867,Undeter mined,"Jul 17, 1964",T1556,T15 57,Birth/Ha tch,"Jul 17, 1964",EVANSVLLE
,,,,,Transfer,"Dec 05, 1968",PRIVATE
,,,,,GO LTF,"Dec 05, 1968",PRIVATE
T1868,Female,"Jul 17, 1964",T1556,"T15
57","Birth/Ha
tch","Jul 17, 1964",EVANSVLLE
,,,,,Transfer,"Sep 08, 1970",PRIVATE
,,,,,GO LTF,"Sep 08, 1970",PRIVATE
T1869,Male,"Jul 29, 1964",T1514,T17 68,Birth/Ha tch,"Jul 29, 1964",OKLAHOMA
,,,,,Death,"Aug 06, 1964",OKLAHOMA
T1870,Male,"Jul 29, 1964",T1514,T17 68,Birth/Ha tch,"Jul 29, 1964",OKLAHOMA
,,,,,Death,"Aug 11, 1964",OKLAHOMA
T1871,Male,"Jul 29, 1964",T1514,"T17
68","Birth/Ha
tch","Jul 29, 1964",OKLAHOMA
,,,,,Death,"Aug 11, 1964",OKLAHOMA
T1872,Female,"Aug 01, 1964",UND,UND,"Birth/Ha
tch","Aug 01, 1964",PORTLAND
,,,,,Transfer,"Nov 18, 1964",BUFFALO
,,,,,Death,"Nov 26, 1981",BUFFALO
T1873,Female,"Aug 18, 1964 +/- 15 day",UND,UND,Birth/Ha tch,"Aug 18, 1964 +/- 15 day",NY BRONX
,,,,,Transfer,Undetermined,PRIVATE
,,,,,Transfer,"Jul 19, 1965",ERIE
,,,,,Death,"May 20, 1978",ERIE
T1874,Male,"Aug 23, 1964 +/-
6 month",WILD,"WIL
D","Birth/Ha
tch","Aug 23, 1964 +/-
6 month",NAIR ORPH
,,,,,"Wild
Capture",Undetermined,NAIR ORPH
,,,,,Transfer,Undetermined,PRIVATE
,,,,,Transfer,"Aug 24, 1965",DALLAS
,,,,,Death,"Dec 24, 1981",DALLAS
T1875,Female,"Aug 25, 1964",T1466,T16 82,Birth/Ha tch,"Aug 25, 1964",RACINE
,,,,,Death,"Oct 05, 1964",RACINE
T1876,Female,"Aug 28, 1964",UND,UND,"Birth/Ha
tch","Aug 28, 1964",PRIVATE
,,,,,Transfer,Undetermined,PRIVATE
,,,,,Transfer,"Dec 09, 1964",NY BRONX
,,,,,Transfer,"Dec 17, 1964",TORONTO
,,,,,GO LTF,"Dec 17, 1964",TORONTO
T1877,Male,"Sep 18, 1964",UND,UND,"Birth/Ha
tch","Sep 18, 1964",TOPEKA
,,,,,Transfer,"Oct 22, 1965",LITTLEROC
,,,,,GO LTF,"Oct 22, 1965",LITTLEROC
T1878,Female,"Sep 18, 1964",UND,UND,"Birth/Ha
tch","Sep 18, 1964",TOPEKA
,,,,,Transfer,"Dec 28, 1965",SCOTTSBLU
,,,,,GO LTF,"Dec 28, 1965",SCOTTSBLU
T1879,Female,"Oct 01, 1964 +/- 15 day",UND,UND,"Birth/Ha
tch","Oct 01, 1964 +/- 15 day",DULUTH
,,,,,Transfer,"Sep 01, 1965",ST PAUL
,,,,,Death,"Mar 01, 1978",ST PAUL
T1880,Female,"Oct 03, 1964 +/- 15 day",WILD,"WIL
D","Birth/Ha
tch","Oct 03, 1964 +/- 15 day",Africa
,,,,,Wild Capture,Undetermined,Africa
,,,,,Transfer,Undetermined,FERNDALE
,,,,,Transfer,"May 05, 1965",BUSCH TAM
,,,,,Death,"Apr 28, 1982",BUSCH TAM
T1881,Female,"Oct 03, 1964 +/- 15 day",WILD,"WIL
D","Birth/Ha
tch","Oct 03, 1964 +/- 15 day",Africa
,,,,,"Wild
Capture","Oct 03, 1964 +/- 15 day",Africa
,,,,,Transfer,Undetermined,FERNDALE
,,,,,Transfer,"May 05, 1965",BUSCH TAM
,,,,,Death,"Dec 10, 1986",BUSCH TAM
T1882,Male,"Dec 01, 1964",T1397,T13 98,Birth/Ha tch,"Dec 01, 1964",MILWAUKEE
,,,,,Transfer,"Nov 18, 1965",PRIVATE
,,,,,GO LTF,"Nov 18, 1965",PRIVATE
T1883,Female,"Dec 01, 1964",T1397,"T13
98","Birth/Ha
tch","Dec 01, 1964",MILWAUKEE
,,,,,Transfer,"Sep 24, 1965",PRIVATE
,,,,,GO LTF,"Sep 24, 1965",PRIVATE
T1884,Male,"Dec 01, 1964",T1397,T13 98,Birth/Ha tch,"Dec 01, 1964",MILWAUKEE
,,,,,Death,"Aug 03, 1965",MILWAUKEE
T1885,Male,"Dec 01, 1964",T1397,"T13
98","Birth/Ha
tch","Dec 01, 1964",MILWAUKEE
,,,,,Death,"Jul 20, 1965",MILWAUKEE
T1887,Female,"Jan 01, 1965 +/- 15 day",UND,UND,"Birth/Ha
tch","Jan 01, 1965 +/- 15 day",Undetermined
,,,,,Transfer,Undetermined,SEATTLE
,,,,,Transfer,"Feb 03, 1967",SANDIEGOZ
,,,,,Death,"Jul 24, 1971",SANDIEGOZ
T1888,Female,"Jan 01, 1965 +/- 15 day",UND,UND,Birth/Ha tch,"Jan 01, 1965 +/- 15 day",Undetermined
,,,,,Transfer,Undetermined,ABQBIOPK
,,,,,Transfer,"Mar 09, 1967",SANDIEGOZ
,,,,,Transfer,"Nov 29, 1967",PRIVATE
,,,,,GO LTF,"Nov 29, 1967",PRIVATE
T1890,Female,"Jan 01, 1965",UND,UND,Birth/Ha tch,"Jan 01, 1965",OKLAHOMA
,,,,,Transfer,Undetermined,PRIVATE
,,,,,Transfer,"Sep 26, 1972",LODI
,,,,,Transfer,"Mar 15, 1976",PRIVATE
,,,,,GO LTF,"Mar 15, 1976",PRIVATE
T1892,Male,"Feb 08, 1965 +/-
6 month",UND,UND,Birth/Ha tch,"Feb 08, 1965 +/-
6 month",HOGLE
,,,,,Transfer,Undetermined,PRIVATE
,,,,,Transfer,"Feb 08, 1969",CALDWELL
,,,,,Death,"Aug 19, 1981",CALDWELL
T1893,Female,"Feb 12, 1965",T1718,"T16
45","Birth/Ha
tch","Feb 12, 1965",FORTWORTH
,,,,,Transfer,"May 25, 1966",PRIVATE
,,,,,GO LTF,"May 25, 1966",PRIVATE
T1894,Female,"Feb 13, 1965 +/-
6 month",UND,UND,"Birth/Ha
tch","Feb 13, 1965 +/-
6 month",Undetermined
,,,,,Transfer,"Feb 13, 1969",CALDWELL
,,,,,Death,"Jan 23, 1984",CALDWELL
T1895,Male,"Mar 06, 1965 +/- 15 day",UND,UND,"Birth/Ha
tch","Mar 06, 1965 +/- 15 day",PRIVATE
,,,,,Transfer,"Jul 05, 1965",WINNIPEG
,,,,,Transfer,"Sep 20, 1966",PRIVATE
,,,,,GO LTF,"Sep 20, 1966",PRIVATE
T1896,Male,"Mar 06, 1965 +/- 15 day",UND,UND,"Birth/Ha
tch","Mar 06, 1965 +/- 15 day",PRIVATE
,,,,,Transfer,"Jul 05, 1965",WINNIPEG
,,,,,Transfer,"Sep 20, 1966",PRIVATE
,,,,,GO LTF,"Sep 20, 1966",PRIVATE
T1897,Male,"Mar 09, 1965",T1514,T17 68,Birth/Ha tch,"Mar 09, 1965",OKLAHOMA
,,,,,Transfer,"Jul 01, 1965",OMAHA
,,,,,GO LTF,"Jul 01, 1965",OMAHA
T1898,Male,"Mar 09, 1965",T1514,"T17
68","Birth/Ha
tch","Mar 09, 1965",OKLAHOMA
,,,,,Transfer,"Oct 11, 1965",PRIVATE
,,,,,GO LTF,"Oct 11, 1965",PRIVATE
T1899,Female,"Mar 09, 1965",T1514,"T17
68","Birth/Ha
tch","Mar 09, 1965",OKLAHOMA
,,,,,Transfer,"Oct 11, 1965",PRIVATE
,,,,,GO LTF,"Oct 11, 1965",PRIVATE
T1900,Male,"Apr 02, 1965",UND,UND,"Birth/Ha
tch","Apr 02, 1965",CHICAGOBR
,,,,,Transfer,"Oct 09, 1965",EVANSVLLE
,,,,,Death,"Dec 26, 1985",EVANSVLLE
T1901,Male,"Apr 03, 1965",T1619,"T16
18","Birth/Ha
tch","Apr 03, 1965",CHICAGOLP
,,,,,Transfer,"Jul 19, 1965",CHICAGOBR
,,,,,GO LTF,"Jul 19, 1965",CHICAGOBR
T1902,Male,"Apr 03, 1965",T1619,"T16
18","Birth/Ha
tch","Apr 03, 1965",CHICAGOLP
,,,,,Transfer,"Jul 26, 1965",PRIVATE
,,,,,GO LTF,"Jul 26, 1965",PRIVATE
T1903,Female,"Apr 03, 1965",T1619,"T16
18","Birth/Ha
tch","Apr 03, 1965",CHICAGOLP
,,,,,Transfer,"Jul 26, 1965",PRIVATE
,,,,,GO LTF,"Jul 26, 1965",PRIVATE
T1905,Male,"Apr 11, 1965",UND,UND,"Birth/Ha
tch","Apr 11, 1965",NY BRONX
,,,,,Transfer,"May 21, 1970",PRIVATE
,,,,,GO LTF,"May 21, 1970",PRIVATE
T1906,Female,"Apr 11, 1965",UND,UND,Birth/Ha tch,"Apr 11, 1965",NY BRONX
,,,,,Transfer,"Jun 21, 1967",W PALM BE
,,,,,GO LTF,"Jun 21, 1967",W PALM BE
T1907,Female,"Apr 11, 1965",UND,UND,"Birth/Ha
tch","Apr 11, 1965",NY BRONX
,,,,,Transfer,"Jun 21, 1967",W PALM BE
,,,,,GO LTF,"Jun 21, 1967",W PALM BE
T1908,"Undeter
mined","Apr 15, 1965",UND,UND,"Birth/Ha
tch","Apr 15, 1965",SANDIEGOZ
,,,,,Death,"Apr 16, 1965",SANDIEGOZ
T1909,Male,"Apr 15, 1965",UND,UND,Birth/Ha tch,"Apr 15, 1965",SANDIEGOZ
,,,,,Death,"Jun 03, 1966",SANDIEGOZ
T1910,"Undeter
mined","Apr 15, 1965",UND,UND,"Birth/Ha
tch","Apr 15, 1965",SANDIEGOZ
,,,,,Death,"Jan 01, 1970",SANDIEGOZ
T1911,"Undeter
mined","Apr 15, 1965",UND,UND,"Birth/Ha
tch","Apr 15, 1965",SANDIEGOZ
,,,,,Death,"Jan 01, 1970",SANDIEGOZ
T1912,Male,"Apr 17, 1965 +/-
6 month",UND,UND,"Birth/Ha
tch","Apr 17, 1965 +/-
6 month",Undetermined
,,,,,Transfer,Undetermined,PRIVATE
,,,,,Transfer,"Apr 18, 1970",FORTWORTH
,,,,,Transfer,"Mar 28, 1977",PRIVATE
,,,,,Transfer,"Jun 14, 1978",PRIVATE
,,,,,GO LTF,"Jun 14, 1978",PRIVATE
T1913,Female,"Jun 01, 1965 +/-
6 month",UND,UND,"Birth/Ha
tch","Jun 01, 1965 +/-
6 month",Undetermined
,,,,,Transfer,Undetermined,PRIVATE
,,,,,Transfer,"Jun 01, 1969",LUFKIN
,,,,,Death,"Feb 04, 1989",LUFKIN
T1914,Female,"Jul 15, 1965 +/- 15 day",UND,UND,"Birth/Ha
tch","Jul 15, 1965 +/- 15 day",Undetermined
,,,,,Transfer,Undetermined,PORTLAND
,,,,,Transfer,"Oct 14, 1965",ST PAUL
,,,,,Transfer,"Dec 31, 1965",PRIVATE
,,,,,GO LTF,"Dec 31, 1965",PRIVATE
T1915,Male,"Jul 15, 1965 +/- 15 day",UND,UND,"Birth/Ha
tch","Jul 15, 1965 +/- 15 day",Undetermined
,,,,,Transfer,Undetermined,PORTLAND
,,,,,Transfer,"Oct 14, 1965",ST PAUL
,,,,,Transfer,"Dec 31, 1965",PRIVATE
,,,,,GO LTF,"Dec 31, 1965",PRIVATE
T1916,Female,"Jul 15, 1965 +/- 15 day",UND,UND,"Birth/Ha
tch","Jul 15, 1965 +/- 15 day",Undetermined
,,,,,Transfer,Undetermined,PORTLAND
,,,,,Transfer,"Oct 14, 1965",ST PAUL
,,,,,Death,"Dec 31, 1965",ST PAUL
T1918,Male,"Jul 26, 1965",T1490,"T14
89","Birth/Ha
tch","Jul 26, 1965",NZP-WASH
,,,,,Transfer,"Sep 26, 1965",ATLANTA
,,,,,GO LTF,"Sep 26, 1965",ATLANTA
T1919,Male,"Jul 26, 1965",T1490,T14 89,Birth/Ha tch,"Jul 26, 1965",NZP-WASH
,,,,,Transfer,"Sep 28, 1965",PRIVATE
,,,,,GO LTF,"Sep 28, 1965",PRIVATE
T1920,Female,"Jul 26, 1965",T1490,"T14
89","Birth/Ha
tch","Jul 26, 1965",NZP-WASH
,,,,,Transfer,"Sep 28, 1965",PRIVATE
,,,,,GO LTF,"Sep 28, 1965",PRIVATE
T1921,Male,"Aug 01, 1965 +/- 15 day",UND,UND,Birth/Ha tch,"Aug 01, 1965 +/- 15 day",OKLAHOMA
,,,,,Transfer,Undetermined,PRIVATE
,,,,,Transfer,"Dec 01, 1965",OMAHA
,,,,,Transfer,"Jul 06, 1966",PRIVATE
,,,,,GO LTF,"Jul 06, 1966",PRIVATE
T1922,Female,"Aug 01, 1965 +/- 1 day",UND,UND,Birth/Ha tch,"Aug 01, 1965 +/- 1 day",Undetermined
,,,,,Transfer,Undetermined,PRIVATE
,,,,,Transfer,"Jan 24, 1966",OMAHA
,,,,,Transfer,"Oct 26, 1967",PRIVATE
,,,,,GO LTF,"Oct 26, 1967",PRIVATE
T1924,Male,"Aug 30, 1965",T1514,"T17
68","Birth/Ha
tch","Aug 30, 1965",OKLAHOMA
,,,,,Death,"Sep 16, 1965",OKLAHOMA
T1925,Female,"Aug 30, 1965",T1514,T17 68,Birth/Ha tch,"Aug 30, 1965",OKLAHOMA
,,,,,Transfer,"Oct 11, 1965",PRIVATE
,,,,,GO LTF,"Oct 11, 1965",PRIVATE
T1926,Female,"Aug 30, 1965",T1514,"T17
68","Birth/Ha
tch","Aug 30, 1965",OKLAHOMA
,,,,,Transfer,"Oct 11, 1965",PRIVATE
,,,,,GO LTF,"Oct 11, 1965",PRIVATE
T1927,Male,"Aug 30, 1965",T1466,"T16
82","Birth/Ha
tch","Aug 30, 1965",RACINE
,,,,,Transfer,"Oct 07, 1965",PRIVATE
,,,,,GO LTF,"Oct 07, 1965",PRIVATE
T1928,Male,"Sep 01, 1965",T1718,"T16
45","Birth/Ha
tch","Sep 01, 1965",FORTWORTH
,,,,,Transfer,"Nov 06, 1965",PRIVATE
,,,,,GO LTF,"Nov 06, 1965",PRIVATE
T1929,Female,"Sep 01, 1965",T1718,"T16
45","Birth/Ha
tch","Sep 01, 1965",FORTWORTH
,,,,,Transfer,"Nov 06, 1965",PRIVATE
,,,,,GO LTF,"Nov 06, 1965",PRIVATE
T1930,Male,"Sep 04, 1965",UND,UND,"Birth/Ha
tch","Sep 04, 1965",SANDIEGOZ
,,,,,Death,"Nov 23, 1965",SANDIEGOZ
T1931,"Undeter
mined","Sep 04, 1965",UND,UND,"Birth/Ha
tch","Sep 04, 1965",SANDIEGOZ
,,,,,Death,"Jan 01, 1970",SANDIEGOZ
T1933,Female,"Oct 25, 1965",T1466,T16 81,Birth/Ha tch,"Oct 25, 1965",RACINE
,,,,,Death,"May 28, 1979",RACINE
T1934,Male,"Dec 08, 1965 +/-
6 month",UND,UND,"Birth/Ha
tch","Dec 08, 1965 +/-
6 month",Undetermined
,,,,,Transfer,Undetermined,PRIVATE
,,,,,Transfer,"Dec 08, 1973",BROWNSVIL
,,,,,Death,"Oct 09, 1980",BROWNSVIL
T1935,Undeter mined,"Dec 19, 1965",T1514,T17 68,Birth/Ha tch,"Dec 19, 1965",OKLAHOMA
,,,,,Death,"Dec 19, 1965",OKLAHOMA
T1936,Undeter mined,"Dec 19, 1965",T1514,T17 68,Birth/Ha tch,"Dec 19, 1965",OKLAHOMA
,,,,,Death,"Dec 19, 1965",OKLAHOMA
T1937,"Undeter
mined","Dec 19, 1965",T1514,"T17
68","Birth/Ha
tch","Dec 19, 1965",OKLAHOMA
,,,,,Death,"Dec 19, 1965",OKLAHOMA
T1938,Male,"Dec 19, 1965",T1514,T17 68,Birth/Ha tch,"Dec 19, 1965",OKLAHOMA
,,,,,Death,"Dec 25, 1965",OKLAHOMA
T1939,Male,"Dec 31, 1965",T1619,"T16
18","Birth/Ha
tch","Dec 31, 1965",CHICAGOLP
,,,,,Transfer,"Apr 12, 1966",FT WAYNE
,,,,,GO LTF,"Apr 12, 1966",FT WAYNE
T1940,Male,"Dec 31, 1965",T1619,"T16
18","Birth/Ha
tch","Dec 31, 1965",CHICAGOLP
,,,,,Transfer,"Mar 09, 1966",PRIVATE
,,,,,GO LTF,"Mar 09, 1966",PRIVATE
T1941,Female,"Dec 31, 1965",T1619,T16 18,Birth/Ha tch,"Dec 31, 1965",CHICAGOLP
,,,,,Transfer,"Mar 09, 1966",PRIVATE
,,,,,GO LTF,"Mar 09, 1966",PRIVATE
T1942,Female,"Jan 01, 1966 +/- 1 day",UND,UND,"Birth/Ha
tch","Jan 01, 1966 +/- 1 day",Undetermined
,,,,,Transfer,Undetermined,PRIVATE
,,,,,Transfer,"May 06, 1969",DETROIT
,,,,,Transfer,"Jun 25, 1982",PRIVATE
,,,,,GO LTF,"Jun 25, 1982",PRIVATE
T1943,Female,"Jan 01, 1966 +/- 1 day",UND,UND,"Birth/Ha
tch","Jan 01, 1966 +/- 1 day",Undetermined
,,,,,Transfer,Undetermined,PRIVATE
,,,,,Transfer,"Jun 24, 1966",OMAHA
,,,,,Death,"Feb 09, 1967",OMAHA
T1944,Male,"Jan 20, 1966 +/-
6 month",UND,UND,"Birth/Ha
tch","Jan 20, 1966 +/-
6 month",Undetermined
,,,,,Transfer,Undetermined,PRIVATE
,,,,,Transfer,"Jan 21, 1967",BALTIMORE
,,,,,Death,"Sep 11, 1975",BALTIMORE
T1946,Male,"Feb 07, 1966",T1490,T14 89,Birth/Ha tch,"Feb 07, 1966",NZP-WASH
,,,,,Transfer,"Apr 03, 1968",W PALM BE
,,,,,GO LTF,"Apr 03, 1968",W PALM BE
T1947,Male,"Feb 07, 1966 +/-
6 month",UND,UND,Birth/Ha tch,"Feb 07, 1966 +/-
6 month",Undetermined
,,,,,Transfer,Undetermined,PRIVATE
,,,,,Transfer,"Feb 07, 1967",JACKSONVL
,,,,,Transfer,"Aug 04, 1975",PRIVATE
,,,,,GO LTF,"Aug 04, 1975",PRIVATE
T1948,Female,"Mar 04, 1966",T1514,UND,"Birth/Ha
tch","Mar 04, 1966",OKLAHOMA
,,,,,Death,"Mar 12, 1966",OKLAHOMA
T1949,Female,"Mar 04, 1966",T1514,UND,Birth/Ha tch,"Mar 04, 1966",OKLAHOMA
,,,,,Death,"Mar 04, 1966",OKLAHOMA
T1950,Male,"Apr 10, 1966 +/-
6 month",UND,UND,Birth/Ha tch,"Apr 10, 1966 +/-
6 month",Undetermined
,,,,,Transfer,Undetermined,PRIVATE
,,,,,Transfer,"Apr 11, 1971",GARDENCTY
,,,,,Death,"Jan 01, 1977 +/-
6 month",GARDENCTY
T1951,Female,"Apr 15, 1966 +/- 15 day",WILD,"WIL
D","Birth/Ha
tch","Apr 15, 1966 +/- 15 day",Undetermined
,,,,,"Wild
Capture",Undetermined,Undetermined
,,,,,Transfer,Undetermined,PRIVATE
,,,,,Transfer,"Aug 29, 1966",DENVER
,,,,,Death,"Feb 08, 1984",DENVER
T1952,Female,"Apr 15, 1966 +/- 15 day",WILD,WIL D,Birth/Ha tch,"Apr 15, 1966 +/- 15 day",Undetermined
,,,,,Wild Capture,Undetermined,Undetermined
,,,,,Transfer,Undetermined,PRIVATE
,,,,,Transfer,"Aug 29, 1966",DENVER
,,,,,Death,"Apr 20, 1978",DENVER
T1953,Male,"May 09, 1966","_MUL
T23","T17
09","Birth/Ha
tch","May 09, 1966",CALGARY
,,,,,Transfer,"Jun 18, 1966",PRIVATE
,,,,,GO LTF,"Jun 18, 1966",PRIVATE
T1954,Male,"May 09, 1966",_MUL T23,T17 09,Birth/Ha tch,"May 09, 1966",CALGARY
,,,,,Transfer,"Jun 19, 1966",PRIVATE
,,,,,GO LTF,"Jun 19, 1966",PRIVATE
T1955,Male,"May 09, 1966","_MUL
T23","T17
09","Birth/Ha
tch","May 09, 1966",CALGARY
,,,,,Transfer,"Jun 19, 1966",PRIVATE
,,,,,GO LTF,"Jun 19, 1966",PRIVATE
T1956,Female,"May 09, 1966","_MUL
T23","T17
09","Birth/Ha
tch","May 09, 1966",CALGARY
,,,,,Transfer,"Nov 08, 1966",PRIVATE
,,,,,GO LTF,"Nov 08, 1966",PRIVATE
T1957,Male,"May 09, 1966",T1514,UND,Birth/Ha tch,"May 09, 1966",OKLAHOMA
,,,,,Death,"May 09, 1966",OKLAHOMA
T1958,Female,"May 09, 1966",T1514,UND,"Birth/Ha
tch","May 09, 1966",OKLAHOMA
,,,,,Death,"May 20, 1966",OKLAHOMA
T1959,Male,"May 09, 1966",T1514,UND,"Birth/Ha
tch","May 09, 1966",OKLAHOMA
,,,,,Death,"May 26, 1966",OKLAHOMA
T1960,Female,"May 20, 1966 +/- 15 day",UND,UND,"Birth/Ha
tch","May 20, 1966 +/- 15 day",Undetermined
,,,,,Transfer,Undetermined,PRIVATE
,,,,,Transfer,"Nov 19, 1966",LOSANGELE
,,,,,Transfer,"Apr 05, 1976",PRIVATE
,,,,,GO LTF,"Apr 05, 1976",PRIVATE
T1961,Male,"May 23, 1966 +/- 15 day",UND,UND,"Birth/Ha
tch","May 23, 1966 +/- 15 day",Undetermined
,,,,,Transfer,Undetermined,PRIVATE
,,,,,Transfer,"Oct 22, 1968",SAN ANTON
,,,,,Death,"Jul 26, 1978",SAN ANTON
T1962,Male,"May 28, 1966 +/- 15 day",UND,UND,"Birth/Ha
tch","May 28, 1966 +/- 15 day",Undetermined
,,,,,Transfer,Undetermined,PRIVATE
,,,,,Transfer,"Nov 27, 1966",LOSANGELE
,,,,,Transfer,"Apr 05, 1976",PRIVATE
,,,,,GO LTF,"Apr 05, 1976",PRIVATE
T1963,Male,"May 30, 1966 +/- 15 day",WILD,"WIL
D","Birth/Ha
tch","May 30, 1966 +/- 15 day",Undetermined
,,,,,"Wild
Capture",Undetermined,Undetermined
,,,,,Transfer,Undetermined,PRIVATE
,,,,,Transfer,"Oct 30, 1966",OKLAHOMA
,,,,,Transfer,"May 25, 1978",PRIVATE
,,,,,GO LTF,"May 25, 1978",PRIVATE
T1964,Male,"Jun 07, 1966",T1747,"T16
99","Birth/Ha
tch","Jun 07, 1966",TACOMA
,,,,,Transfer,"Jul 29, 1966",WINNIPEG
,,,,,Transfer,"Jul 05, 1968",PRIVATE
,,,,,GO LTF,"Jul 05, 1968",PRIVATE
T1965,Undeter mined,"Jun 17, 1966",T1624,T18 02,Birth/Ha tch,"Jun 17, 1966",PHOENIX
,,,,,Death,"Jun 17, 1966",PHOENIX
T1966,"Undeter
mined","Jun 17, 1966",T1624,"T18
02","Birth/Ha
tch","Jun 17, 1966",PHOENIX
,,,,,Death,"Jun 17, 1966",PHOENIX
T1967,"Undeter
mined","Jun 17, 1966",T1624,"T18
02","Birth/Ha
tch","Jun 17, 1966",PHOENIX
,,,,,Death,"Jun 17, 1966",PHOENIX
T1971,Male,"Aug 16, 1966",T1619,"T16
18","Birth/Ha
tch","Aug 16, 1966",CHICAGOLP
,,,,,Transfer,"Jan 16, 1967",PRIVATE
,,,,,GO LTF,"Jan 16, 1967",PRIVATE
T1972,Male,"Aug 16, 1966",T1619,T16 18,Birth/Ha tch,"Aug 16, 1966",CHICAGOLP
,,,,,Transfer,"Mar 06, 1967",PRIVATE
,,,,,GO LTF,"Mar 06, 1967",PRIVATE
T1973,Female,"Aug 28, 1966 +/-
6 month",UND,UND,"Birth/Ha
tch","Aug 28, 1966 +/-
6 month",PRIVATE
,,,,,Transfer,"Aug 28, 1976",NZP-WASH
,,,,,Death,"Mar 14, 1989",NZP-WASH
T1974,Female,"Aug 28, 1966 +/-
6 month",UND,UND,Birth/Ha tch,"Aug 28, 1966 +/-
6 month",PRIVATE
,,,,,Transfer,"Aug 28, 1976",NZP-WASH
,,,,,Death,"Dec 27, 1983",NZP-WASH
T1975,Female,"Sep 23, 1966 +/- 15 day",UND,UND,"Birth/Ha
tch","Sep 23, 1966 +/- 15 day",Undetermined
,,,,,Transfer,Undetermined,COLO SPRG
,,,,,Transfer,"Jun 24, 1967",TOPEKA
,,,,,Death,"Apr 27, 1974",TOPEKA
T1976,Female,"Sep 26, 1966",T1514,UND,Birth/Ha tch,"Sep 26, 1966",OKLAHOMA
,,,,,Death,"Sep 29, 1966",OKLAHOMA
T1977,Male,"Sep 26, 1966",T1514,UND,Birth/Ha tch,"Sep 26, 1966",OKLAHOMA
,,,,,Transfer,"Dec 01, 1966 +/- 15 day",PRIVATE
,,,,,Transfer,"Apr 20, 1967 +/- 15 day",TOPEKA
,,,,,Death,"Sep 29, 1972",TOPEKA
T1979,Female,"Oct 08, 1966",UND,UND,"Birth/Ha
tch","Oct 08, 1966",NY BRONX
,,,,,Transfer,"May 10, 1968",PRIVATE
,,,,,GO LTF,"May 10, 1968",PRIVATE
T1980,Female,"Oct 08, 1966",UND,UND,"Birth/Ha
tch","Oct 08, 1966",NY BRONX
,,,,,Transfer,"May 10, 1968",PRIVATE
,,,,,GO LTF,"May 10, 1968",PRIVATE
T1981,Male,"Oct 08, 1966",UND,UND,"Birth/Ha
tch","Oct 08, 1966",NY BRONX
,,,,,Transfer,"May 10, 1968",PRIVATE
,,,,,GO LTF,"May 10, 1968",PRIVATE
T1982,Male,"Oct 08, 1966",UND,UND,"Birth/Ha
tch","Oct 08, 1966",NY BRONX
,,,,,Transfer,"Nov 21, 1967",PRIVATE
,,,,,GO LTF,"Nov 21, 1967",PRIVATE
T1983,"Undeter
mined","Nov 01, 1966","_MUL
T24","T17
09","Birth/Ha
tch","Nov 01, 1966",CALGARY
,,,,,Transfer,"Nov 06, 1966",UNDETERMI
,,,,,GO LTF,"Nov 06, 1966",UNDETERMI
T1984,Male,"Nov 01, 1966",_MUL T24,T17 09,Birth/Ha tch,"Nov 01, 1966",CALGARY
,,,,,Transfer,"Dec 06, 1966",PRIVATE
,,,,,GO LTF,"Dec 06, 1966",PRIVATE
T1985,Male,"Nov 01, 1966","_MUL
T24","T17
09","Birth/Ha
tch","Nov 01, 1966",CALGARY
,,,,,Transfer,"Dec 06, 1966",PRIVATE
,,,,,GO LTF,"Dec 06, 1966",PRIVATE
T1986,Female,"Nov 01, 1966","_MUL
T24","T17
09","Birth/Ha
tch","Nov 01, 1966",CALGARY
,,,,,Transfer,"Dec 06, 1966",PRIVATE
,,,,,GO LTF,"Dec 06, 1966",PRIVATE
T1987,Female,"Nov 22, 1966",T1860,T18 72,Birth/Ha tch,"Nov 22, 1966",BUFFALO
,,,,,Transfer,"Feb 07, 1967",PRIVATE
,,,,,GO LTF,"Feb 07, 1967",PRIVATE
T1990,Female,"Dec 09, 1966",UND,"T18
65","Birth/Ha
tch","Dec 09, 1966",ST PAUL
,,,,,Death,"Dec 09, 1966",ST PAUL
T1991,Female,"Dec 10, 1966",T1397,"T13
98","Birth/Ha
tch","Dec 10, 1966",MILWAUKEE
,,,,,Death,"Sep 03, 1976",MILWAUKEE
T1992,Male,"Dec 12, 1966",UND,"T18
65","Birth/Ha
tch","Dec 12, 1966",ST PAUL
,,,,,Death,"Dec 12, 1966",ST PAUL
T1993,Male,"Jan 01, 1967 +/- 15 day",UND,UND,Birth/Ha tch,"Jan 01, 1967 +/- 15 day",ABQBIOPK
,,,,,Transfer,Undetermined,TUCSON
,,,,,Transfer,"Jun 19, 1967",SANDIEGOZ
,,,,,Transfer,"Apr 05, 1972",SD-WAP
,,,,,Death,"May 09, 1975",SD-WAP
T1994,Female,"Jan 01, 1967",UND,UND,Birth/Ha tch,"Jan 01, 1967",PRIVATE
,,,,,Transfer,"Apr 14, 1971",ABQBIOPK
,,,,,Transfer,"May 02, 1987",PRIVATE
,,,,,GO LTF,"May 02, 1987",PRIVATE
T1995,Female,Undetermined,UND,UND,"Birth/Ha
tch",Undetermined,Undetermined
,,,,,Transfer,"Jan 01, 1967",GRANBY
,,,,,Death,"Jul 20, 1979",GRANBY
T1996,Female,"Feb 04, 1967 +/- 15 day",UND,UND,"Birth/Ha
tch","Feb 04, 1967 +/- 15 day",Undetermined
,,,,,Transfer,Undetermined,PRIVATE
,,,,,Transfer,"Sep 06, 1967",OMAHA
,,,,,Transfer,"May 28, 1969",PRIVATE
,,,,,GO LTF,"May 28, 1969",PRIVATE
T1997,Female,"Feb 04, 1967 +/- 15 day",UND,UND,"Birth/Ha
tch","Feb 04, 1967 +/- 15 day",Undetermined
,,,,,Transfer,Undetermined,PRIVATE
,,,,,Transfer,"Sep 06, 1967",OMAHA
,,,,,Transfer,"May 28, 1969",PRIVATE
,,,,,GO LTF,"May 28, 1969",PRIVATE
T1998,Male,"Feb 10, 1967",UND,"T18
79","Birth/Ha
tch","Feb 10, 1967",ST PAUL
,,,,,Death,"Feb 10, 1967",ST PAUL
T1999,Female,"Feb 11, 1967",T1963,T17 76,Birth/Ha tch,"Feb 11, 1967",OKLAHOMA
,,,,,Transfer,"May 17, 1967",PRIVATE
,,,,,GO LTF,"May 17, 1967",PRIVATE
T2000,Female,"Feb 11, 1967",T1963,"T17
76","Birth/Ha
tch","Feb 11, 1967",OKLAHOMA
,,,,,Transfer,"May 17, 1967",PRIVATE
,,,,,GO LTF,"May 17, 1967",PRIVATE
T2001,Female,"Feb 11, 1967",T1963,T17 76,Birth/Ha tch,"Feb 11, 1967",OKLAHOMA
,,,,,Transfer,"May 17, 1967",PRIVATE
,,,,,GO LTF,"May 17, 1967",PRIVATE
T2002,Female,"Feb 12, 1967 +/-
6 month",UND,UND,Birth/Ha tch,"Feb 12, 1967 +/-
6 month",Undetermined
,,,,,Transfer,Undetermined,PRIVATE
,,,,,Transfer,"Feb 12, 1970",SYRACUSE
,,,,,Transfer,"Oct 21, 1982",BUFFALO
,,,,,Death,"Dec 03, 1987",BUFFALO
T2004,Male,"Mar 01, 1967 +/- 1 day",UND,UND,"Birth/Ha
tch","Mar 01, 1967 +/- 1 day",ATLANTA
,,,,,Transfer,"Mar 01, 1967",TUCSON
,,,,,Death,"Jan 17, 1986",TUCSON
T2005,Male,"Mar 02, 1967 +/- 15 day",UND,UND,Birth/Ha tch,"Mar 02, 1967 +/- 15 day",Undetermined
,,,,,Transfer,Undetermined,PRIVATE
,,,,,Transfer,"Jan 01, 1968",NORFOLK
,,,,,Death,"Sep 10, 1982",NORFOLK
T2006,Male,"Mar 22, 1967 +/-
6 month",WILD,"WIL
D","Birth/Ha
tch","Mar 22, 1967 +/-
6 month",Africa
,,,,,"Wild
Capture",Undetermined,Africa
,,,,,Transfer,Undetermined,PRIVATE
,,,,,Transfer,"Mar 22, 1968",SYRACUSE
,,,,,Transfer,"May 22, 1975",PRIVATE
,,,,,GO LTF,"May 22, 1975",PRIVATE
T2007,Female,"Mar 30, 1967 +/- 15 day",UND,UND,"Birth/Ha
tch","Mar 30, 1967 +/- 15 day",Undetermined
,,,,,Transfer,Undetermined,PRIVATE
,,,,,Transfer,"Jul 29, 1968",FORTWORTH
,,,,,Death,"Jun 13, 1978",FORTWORTH
T2008,Male,"Apr 01, 1967",T1619,"T16
18","Birth/Ha
tch","Apr 01, 1967",CHICAGOLP
,,,,,Transfer,"May 11, 1967",FT WAYNE
,,,,,GO LTF,"May 11, 1967",FT WAYNE
T2009,Male,"Apr 01, 1967",T1619,T16 18,Birth/Ha tch,"Apr 01, 1967",CHICAGOLP
,,,,,Transfer,"Jun 09, 1967",PRIVATE
,,,,,GO LTF,"Jun 09, 1967",PRIVATE
T2010,Female,"Apr 01, 1967",T1619,T16 18,Birth/Ha tch,"Apr 01, 1967",CHICAGOLP
,,,,,Transfer,"Jul 18, 1967",PRIVATE
,,,,,GO LTF,"Jul 18, 1967",PRIVATE
T2011,Male,"Apr 11, 1967",T1860,T18 72,Birth/Ha tch,"Apr 11, 1967",BUFFALO
,,,,,Death,"Apr 20, 1967",BUFFALO
T2012,Female,"Apr 13, 1967",T1860,"T18
72","Birth/Ha
tch","Apr 13, 1967",BUFFALO
,,,,,Death,"Apr 15, 1967",BUFFALO
T2013,"Undeter
mined","Apr 16, 1967",UND,"T18
65","Birth/Ha
tch","Apr 16, 1967",ST PAUL
,,,,,Death,"Apr 27, 1967",ST PAUL
T2014,"Undeter
mined","Apr 17, 1967",UND,"T18
65","Birth/Ha
tch","Apr 17, 1967",ST PAUL
,,,,,Death,"Apr 17, 1967",ST PAUL
T2015,"Undeter
mined","Apr 23, 1967","_MUL
T24","T17
09","Birth/Ha
tch","Apr 23, 1967",CALGARY
,,,,,Death,"May 10, 1967",CALGARY
T2016,Male,"Apr 23, 1967",_MUL T24,T17 09,Birth/Ha tch,"Apr 23, 1967",CALGARY
,,,,,Transfer,"Jun 16, 1967",WINNIPEG
,,,,,Transfer,"Sep 06, 1967",PRIVATE
,,,,,GO LTF,"Sep 06, 1967",PRIVATE
T2017,Female,"Apr 23, 1967","_MUL
T24","T17
09","Birth/Ha
tch","Apr 23, 1967",CALGARY
,,,,,Transfer,"Jun 16, 1967",WINNIPEG
,,,,,Transfer,"Jul 05, 1968",PRIVATE
,,,,,GO LTF,"Jul 05, 1968",PRIVATE
T2018,"Undeter
mined","Apr 23, 1967","_MUL
T24","T17
09","Birth/Ha
tch","Apr 23, 1967",CALGARY
,,,,,Transfer,"Sep 15, 1967",PRIVATE
,,,,,GO LTF,"Sep 15, 1967",PRIVATE
T2019,Male,"Jun 14, 1967",UND,T18 79,Birth/Ha tch,"Jun 14, 1967",ST PAUL
,,,,,Transfer,"Oct 09, 1967",PRIVATE
,,,,,GO LTF,"Oct 09, 1967",PRIVATE
T2020,Male,"Jun 14, 1967",UND,"T18
79","Birth/Ha
tch","Jun 14, 1967",ST PAUL
,,,,,Transfer,"Dec 31, 1967",PRIVATE
,,,,,GO LTF,"Dec 31, 1967",PRIVATE
T2021,Male,"Jun 14, 1967",UND,"T18
79","Birth/Ha
tch","Jun 14, 1967",ST PAUL
,,,,,Transfer,"Dec 31, 1967",PRIVATE
,,,,,GO LTF,"Dec 31, 1967",PRIVATE
T2022,Female,"Jun 15, 1967 +/- 1 day",UND,UND,"Birth/Ha
tch","Jun 15, 1967 +/- 1 day",Undetermined
,,,,,Transfer,"May 29, 1968",WNCNATCTR
,,,,,Transfer,"May 29, 1977",WNCNATCTR
,,,,,GO LTF,"May 29, 1977",WNCNATCTR
T2024,Female,"Jun 25, 1967",T1963,"T17
76","Birth/Ha
tch","Jun 25, 1967",OKLAHOMA
,,,,,Death,"Jul 23, 1967",OKLAHOMA
T2025,Female,"Jul 01, 1967 +/- 15 day",UND,"T18
65","Birth/Ha
tch","Jul 01, 1967 +/- 15 day",ST PAUL
,,,,,Death,"Jan 01, 1977",ST PAUL
T2027,Female,Undetermined,UND,UND,"Birth/Ha
tch",Undetermined,Undetermined
,,,,,Transfer,Undetermined,PRIVATE
,,,,,Transfer,"Jul 12, 1967",MEMPHIS
,,,,,Transfer,"Jun 16, 1975",PRIVATE
,,,,,GO LTF,"Jun 16, 1975",PRIVATE
T2030,Female,"Aug 01, 1967",UND,UND,"Birth/Ha
tch","Aug 01, 1967",FERNDALE
,,,,,Transfer,"Aug 06, 1970",UTICA
,,,,,Transfer,"Dec 29, 1977",W PALM BE
,,,,,GO LTF,"Dec 29, 1977",W PALM BE
T2031,Male,"Aug 11, 1967",T1624,"T17
92","Birth/Ha
tch","Aug 11, 1967",PHOENIX
,,,,,Transfer,"Sep 18, 1975",PRIVATE
,,,,,GO LTF,"Sep 18, 1975",PRIVATE
T2032,Male,"Aug 11, 1967",T1624,T17 92,Birth/Ha tch,"Aug 11, 1967",PHOENIX
,,,,,Transfer,"Sep 10, 1975",PRIVATE
,,,,,GO LTF,"Sep 10, 1975",PRIVATE
T2033,Male,"Aug 11, 1967",T1624,T17 92,Birth/Ha tch,"Aug 11, 1967",PHOENIX
,,,,,GO LTF,"Aug 11, 1967",PHOENIX
T2034,Female,"Aug 11, 1967",T1624,T17 92,Birth/Ha tch,"Aug 11, 1967",PHOENIX
,,,,,Death,"Apr 29, 1968",PHOENIX
T2035,Male,"Aug 16, 1967",T1619,"T16
18","Birth/Ha
tch","Aug 16, 1967",CHICAGOLP
,,,,,Transfer,"Dec 20, 1967",PRIVATE
,,,,,GO LTF,"Dec 20, 1967",PRIVATE
T2036,Male,"Aug 16, 1967",T1619,"T16
18","Birth/Ha
tch","Aug 16, 1967",CHICAGOLP
,,,,,Transfer,"Dec 20, 1967",PRIVATE
,,,,,GO LTF,"Dec 20, 1967",PRIVATE
T2038,Female,"Aug 17, 1967",UND,T20 27,Birth/Ha tch,"Aug 17, 1967",MEMPHIS
,,,,,Transfer,"Jun 06, 1968",JACKSON
,,,,,GO LTF,"Jun 06, 1968",JACKSON
T2039,Female,"Aug 17, 1967",UND,"T20
27","Birth/Ha
tch","Aug 17, 1967",MEMPHIS
,,,,,Transfer,"Jun 06, 1968",JACKSON
,,,,,GO LTF,"Jun 06, 1968",JACKSON
T2040,Male,"Aug 17, 1967",UND,T20 27,Birth/Ha tch,"Aug 17, 1967",MEMPHIS
,,,,,Transfer,"Jun 06, 1968",JACKSON
,,,,,GO LTF,"Jun 06, 1968",JACKSON
T2041,Male,"Aug 21, 1967 +/- 15 day",UND,UND,"Birth/Ha
tch","Aug 21, 1967 +/- 15 day",Undetermined
,,,,,Transfer,Undetermined,PRIVATE
,,,,,Transfer,"Feb 18, 1970",ST PAUL
,,,,,Transfer,"Apr 27, 1970",PRIVATE
,,,,,GO LTF,"Apr 27, 1970",PRIVATE
T2042,Male,"Sep 16, 1967",UND,UND,"Birth/Ha
tch","Sep 16, 1967",ST PAUL
,,,,,Transfer,"Dec 27, 1967",PRIVATE
,,,,,GO LTF,"Dec 27, 1967",PRIVATE
T2043,Male,"Sep 16, 1967",UND,UND,Birth/Ha tch,"Sep 16, 1967",ST PAUL
,,,,,Transfer,"Dec 13, 1967",PRIVATE
,,,,,GO LTF,"Dec 13, 1967",PRIVATE
T2044,Male,"Sep 16, 1967",UND,UND,"Birth/Ha
tch","Sep 16, 1967",ST PAUL
,,,,,Transfer,"Dec 10, 1967",PRIVATE
,,,,,GO LTF,"Dec 10, 1967",PRIVATE
T2045,Male,"Sep 16, 1967",UND,UND,"Birth/Ha
tch","Sep 16, 1967",ST PAUL
,,,,,Transfer,"Dec 30, 1967",PRIVATE
,,,,,GO LTF,"Dec 30, 1967",PRIVATE
T2046,Undeter mined,"Sep 27, 1967",T1718,T16 45,Birth/Ha tch,"Sep 27, 1967",FORTWORTH
,,,,,Death,"Sep 27, 1967",FORTWORTH
T2047,Male,"Oct 01, 1967 +/-
6 month",UND,UND,"Birth/Ha
tch","Oct 01, 1967 +/-
6 month",PRIVATE
,,,,,Transfer,"Oct 15, 1968 +/- 15 day",PHOENIX
,,,,,Transfer,"Sep 18, 1975",PRIVATE
,,,,,GO LTF,"Sep 18, 1975",PRIVATE
T2048,Male,"Oct 30, 1967",T1860,T18 72,Birth/Ha tch,"Oct 30, 1967",BUFFALO
,,,,,Transfer,"Jan 31, 1968",PRIVATE
,,,,,GO LTF,"Jan 31, 1968",PRIVATE
T2049,Female,"Oct 30, 1967",T1860,"T18
72","Birth/Ha
tch","Oct 30, 1967",BUFFALO
,,,,,Transfer,"Jan 31, 1968",PRIVATE
,,,,,GO LTF,"Jan 31, 1968",PRIVATE
T2050,Undeter mined,"Oct 31, 1967",_MUL T24,T17 09,Birth/Ha tch,"Oct 31, 1967",CALGARY
,,,,,Death,"Nov 03, 1967",CALGARY
T2051,Undeter mined,"Oct 31, 1967",_MUL T24,T17 09,Birth/Ha tch,"Oct 31, 1967",CALGARY
,,,,,Death,"Nov 03, 1967",CALGARY
T2052,"Undeter
mined","Oct 31, 1967","_MUL
T24","T17
09","Birth/Ha
tch","Oct 31, 1967",CALGARY
,,,,,Death,"Nov 03, 1967",CALGARY
T2054,Male,"Dec 01, 1967 +/-
6 month",UND,UND,Birth/Ha tch,"Dec 01, 1967 +/-
6 month",PRIVATE
,,,,,Transfer,"Oct 15, 1968 +/- 15 day",PHOENIX
,,,,,Transfer,"Sep 18, 1975",PRIVATE
,,,,,GO LTF,"Sep 18, 1975",PRIVATE
T2055,Female,Undetermined,UND,UND,"Birth/Ha
tch",Undetermined,Undetermined
,,,,,Transfer,"Jan 01, 1968",W PALM BE
,,,,,Death,"Jan 25, 1990",W PALM BE
T2056,Female,"Jan 01, 1968 +/-
6 month",UND,UND,"Birth/Ha
tch","Jan 01, 1968 +/-
6 month",Undetermined
,,,,,Transfer,"Jan 02, 1968 +/-
6 month",PRIVATE
,,,,,Transfer,"Jan 03, 1968 +/- 1 day",TUCSON
,,,,,Death,"May 14, 1985",TUCSON
T2057,Male,"Jan 01, 1968 +/-
6 month",UND,UND,"Birth/Ha
tch","Jan 01, 1968 +/-
6 month",Undetermined
,,,,,Transfer,"Jan 01, 1969 +/-
6 month",JACKSON
,,,,,Transfer,"Aug 12, 1971",W PALM BE
,,,,,GO LTF,"Aug 12, 1971",W PALM BE
T2058,Female,"Jan 01, 1968 +/-
6 month",UND,UND,Birth/Ha tch,"Jan 01, 1968 +/-
6 month",Undetermined
,,,,,Transfer,"Jan 01, 1969 +/-
6 month",JACKSON
,,,,,Transfer,"Aug 12, 1971",W PALM BE
,,,,,GO LTF,"Aug 12, 1971",W PALM BE
T2059,Male,"Jan 01, 1968 +/-
6 month",UND,UND,"Birth/Ha
tch","Jan 01, 1968 +/-
6 month",Undetermined
,,,,,Transfer,"Jan 01, 1969",JACKSON
,,,,,Transfer,"Sep 18, 1973",W PALM BE
,,,,,GO LTF,"Sep 18, 1973",W PALM BE
T2060,Female,"Jan 01, 1968 +/-
6 month",UND,UND,Birth/Ha tch,"Jan 01, 1968 +/-
6 month",Undetermined
,,,,,Transfer,"Jan 01, 1969",JACKSON
,,,,,Transfer,"Sep 18, 1973",W PALM BE
,,,,,GO LTF,"Sep 18, 1973",W PALM BE
T2061,Female,"Jan 01, 1968 +/-
6 month",UND,UND,"Birth/Ha
tch","Jan 01, 1968 +/-
6 month",Undetermined
,,,,,Transfer,"Jan 01, 1969 +/-
6 month",JACKSON
,,,,,Transfer,"Sep 18, 1973",W PALM BE
,,,,,GO LTF,"Sep 18, 1973",W PALM BE
T2063,Male,"Sep 24, 1971 +/-
6 month",T1762,"T20
91","Birth/Ha
tch","Sep 24, 1971 +/-
6 month",CHICAGOBR
,,,,,Transfer,"Apr 06, 1972",GLEN OAK
,,,,,Death,"Jun 19, 1986",GLEN OAK
T2064,Male,"Jan 01, 1968 +/- 15 day",UND,UND,Birth/Ha tch,"Jan 01, 1968 +/- 15 day",Undetermined
,,,,,Transfer,Undetermined,PRIVATE
,,,,,Transfer,"Jan 03, 1968 +/- 1 day",OAKLAND
,,,,,Death,"Sep 29, 1986",OAKLAND
T2065,Female,"Jan 01, 1968 +/- 15 day",UND,UND,"Birth/Ha
tch","Jan 01, 1968 +/- 15 day",Undetermined
,,,,,Transfer,Undetermined,PRIVATE
,,,,,Transfer,"Jan 03, 1968 +/- 1 day",OAKLAND
,,,,,Death,"Jun 14, 1987",OAKLAND
T2066,Female,"Jan 02, 1968",T1619,"T16
18","Birth/Ha
tch","Jan 02, 1968",CHICAGOLP
,,,,,Transfer,"Apr 02, 1968",FRANKLINP
,,,,,GO LTF,"Apr 02, 1968",FRANKLINP
T2067,Female,"Jan 02, 1968",T1619,T16 18,Birth/Ha tch,"Jan 02, 1968",CHICAGOLP
,,,,,Transfer,"Apr 02, 1968",FRANKLINP
,,,,,GO LTF,"Apr 02, 1968",FRANKLINP
T2068,Female,"Jan 10, 1968",UND,UND,"Birth/Ha
tch","Jan 10, 1968",HONOLULU
,,,,,Death,"Oct 29, 1987",HONOLULU
T2069,Female,"Jan 29, 1968",UND,UND,"Birth/Ha
tch","Jan 29, 1968",ST PAUL
,,,,,Transfer,"Dec 31, 1968",UNDETERMI
,,,,,GO LTF,"Dec 31, 1968",UNDETERMI
T2070,Male,"Jan 29, 1968",UND,UND,Birth/Ha tch,"Jan 29, 1968",ST PAUL
,,,,,Transfer,"Dec 31, 1968",UNDETERMI
,,,,,GO LTF,"Dec 31, 1968",UNDETERMI
T2071,Male,"Jan 29, 1968",UND,UND,Birth/Ha tch,"Jan 29, 1968",ST PAUL
,,,,,Transfer,"Dec 31, 1968",UNDETERMI
,,,,,GO LTF,"Dec 31, 1968",UNDETERMI
T2072,Female,"Jan 29, 1968",UND,UND,Birth/Ha tch,"Jan 29, 1968",ST PAUL
,,,,,Transfer,"Dec 31, 1968",UNDETERMI
,,,,,GO LTF,"Dec 31, 1968",UNDETERMI
T2073,Male,"Feb 06, 1968",T1490,T14 89,Birth/Ha tch,"Feb 06, 1968",NZP-WASH
,,,,,Transfer,"Jun 06, 1968",W PALM BE
,,,,,GO LTF,"Jun 06, 1968",W PALM BE
T2074,Male,"Feb 10, 1968 +/-
6 month",UND,UND,"Birth/Ha
tch","Feb 10, 1968 +/-
6 month",Undetermined
,,,,,Transfer,Undetermined,PRIVATE
,,,,,Transfer,"Feb 10, 1970",S BARBARA
,,,,,Death,"Sep 10, 1984",S BARBARA
T2075,Male,"Feb 11, 1968",UND,"T18
65","Birth/Ha
tch","Feb 11, 1968",ST PAUL
,,,,,Transfer,"Dec 31, 1968",PRIVATE
,,,,,GO LTF,"Dec 31, 1968",PRIVATE
T2076,Female,"Feb 11, 1968",UND,"T18
65","Birth/Ha
tch","Feb 11, 1968",ST PAUL
,,,,,Transfer,"Dec 31, 1968",PRIVATE
,,,,,GO LTF,"Dec 31, 1968",PRIVATE
T2077,Male,"Feb 11, 1968",UND,T18 65,Birth/Ha tch,"Feb 11, 1968",ST PAUL
,,,,,Transfer,"Dec 31, 1968",DULUTH
,,,,,GO LTF,"Dec 31, 1968",DULUTH
T2083,Female,"Mar 01, 1968 +/- 15 day",UND,UND,"Birth/Ha
tch","Mar 01, 1968 +/- 15 day",OKLAHOMA
,,,,,Transfer,Undetermined,PRIVATE
,,,,,Transfer,"Aug 01, 1968",OMAHA
,,,,,Transfer,"Sep 25, 1974",PRIVATE
,,,,,GO LTF,"Sep 25, 1974",PRIVATE
T2084,Female,"Mar 01, 1968 +/- 15 day",UND,UND,"Birth/Ha
tch","Mar 01, 1968 +/- 15 day",OKLAHOMA
,,,,,Transfer,Undetermined,PRIVATE
,,,,,Transfer,"Aug 01, 1968",OMAHA
,,,,,Transfer,"Sep 17, 1974",PRIVATE
,,,,,GO LTF,"Sep 17, 1974",PRIVATE
T2085,"Undeter
mined","Mar 10, 1968",T1860,"T18
72","Birth/Ha
tch","Mar 10, 1968",BUFFALO
,,,,,Death,"Mar 10, 1968",BUFFALO
T2086,"Undeter
mined","Mar 10, 1968",T1860,"T18
72","Birth/Ha
tch","Mar 10, 1968",BUFFALO
,,,,,Death,"Mar 10, 1968",BUFFALO
T2087,"Undeter
mined","Mar 14, 1968",T1963,"T17
76","Birth/Ha
tch","Mar 14, 1968",OKLAHOMA
,,,,,Death,"Mar 15, 1968",OKLAHOMA
T2088,"Undeter
mined","Mar 14, 1968",T1963,"T17
76","Birth/Ha
tch","Mar 14, 1968",OKLAHOMA
,,,,,Death,"Mar 21, 1968",OKLAHOMA
T2091,Female,"Apr 05, 1968 +/-
6 month",UND,UND,Birth/Ha tch,"Apr 05, 1968 +/-
6 month",Undetermined
,,,,,Transfer,Undetermined,PRIVATE
,,,,,Transfer,"Apr 06, 1971",CHICAGOBR
,,,,,Transfer,"Jan 23, 1975",PRIVATE
,,,,,GO LTF,"Jan 23, 1975",PRIVATE
T2093,Male,"Apr 17, 1968",UND,UND,Birth/Ha tch,"Apr 17, 1968",NY BRONX
,,,,,Transfer,"Mar 25, 1971",CHICAGOBR
,,,,,Transfer,"Sep 02, 1972",PRIVATE
,,,,,GO LTF,"Sep 02, 1972",PRIVATE
T2094,Male,"Apr 17, 1968",UND,UND,Birth/Ha tch,"Apr 17, 1968",NY BRONX
,,,,,Transfer,"Mar 25, 1971",CHICAGOBR
,,,,,Transfer,"Sep 02, 1972",PRIVATE
,,,,,GO LTF,"Sep 02, 1972",PRIVATE
T2096,Male,"May 17, 1968","_MUL
T24","T17
09","Birth/Ha
tch","May 17, 1968",CALGARY
,,,,,Death,"May 21, 1968",CALGARY
T2097,Male,"May 17, 1968",_MUL T24,T17 09,Birth/Ha tch,"May 17, 1968",CALGARY
,,,,,Transfer,"Jul 26, 1968",PRIVATE
,,,,,GO LTF,"Jul 26, 1968",PRIVATE
T2098,Male,"May 17, 1968","_MUL
T24","T17
09","Birth/Ha
tch","May 17, 1968",CALGARY
,,,,,Transfer,"Jul 26, 1968",PRIVATE
,,,,,GO LTF,"Jul 26, 1968",PRIVATE
T2099,Female,"May 17, 1968","_MUL
T24","T17
09","Birth/Ha
tch","May 17, 1968",CALGARY
,,,,,Transfer,"Jul 26, 1968",PRIVATE
,,,,,GO LTF,"Jul 26, 1968",PRIVATE
T2100,Female,"May 17, 1968","_MUL
T24","T17
09","Birth/Ha
tch","May 17, 1968",CALGARY
,,,,,Transfer,"Jul 26, 1968",PRIVATE
,,,,,GO LTF,"Jul 26, 1968",PRIVATE
T2101,Female,"May 17, 1968","_MUL
T24","T17
09","Birth/Ha
tch","May 17, 1968",CALGARY
,,,,,Transfer,"Sep 09, 1968",PRIVATE
,,,,,GO LTF,"Sep 09, 1968",PRIVATE
T2102,Male,"May 27, 1968 +/-
6 month",WILD,"WIL
D","Birth/Ha
tch","May 27, 1968 +/-
6 month",Africa
,,,,,Wild Capture,"May 27, 1968 +/-
6 month",Africa
,,,,,Transfer,Undetermined,PRIVATE
,,,,,Transfer,"May 28, 1969",MILWAUKEE
,,,,,Death,"Oct 30, 1986",MILWAUKEE
T2108,Female,"Jun 24, 1968",UND,T18 80,Birth/Ha tch,"Jun 24, 1968",BUSCH TAM
,,,,,Transfer,Undetermined,FERNDALE
,,,,,Transfer,"Sep 13, 1968",DALLAS
,,,,,Death,"Jan 18, 1985",DALLAS
T2109,Female,"Jul 01, 1968",UND,UND,"Birth/Ha
tch","Jul 01, 1968",ATLANTA
,,,,,Death,"Dec 16, 1986",ATLANTA
T2110,Female,"Jul 01, 1968",UND,UND,"Birth/Ha
tch","Jul 01, 1968",ATLANTA
,,,,,Death,"Nov 11, 1981",ATLANTA
T2111,Male,"Jul 07, 1968 +/- 6 month",UND,UND,Birth/Ha tch,"Jul 07, 1968 +/- 6 month",PRIVATE
,,,,,Transfer,Undetermined,PRIVATE
,,,,,Transfer,"Jul 08, 1970",DENVER
,,,,,Death,"Jul 24, 1984",DENVER
T2112,Male,"Jul 16, 1968",UND,UND,"Birth/Ha
tch","Jul 16, 1968",CLEVELAND
,,,,,Transfer,"Dec 03, 1968",NY BRONX
,,,,,Death,"Sep 07, 1980",NY BRONX
T2113,Male,"Jul 27, 1968",T1722,T20 27,Birth/Ha tch,"Jul 27, 1968",MEMPHIS
,,,,,Transfer,"Feb 16, 1969",PRIVATE
,,,,,GO LTF,"Feb 16, 1969",PRIVATE
T2114,"Undeter
mined","Jul 27, 1968",T1722,"T20
27","Birth/Ha
tch","Jul 27, 1968",MEMPHIS
,,,,,Transfer,"Feb 16, 1969",PRIVATE
,,,,,GO LTF,"Feb 16, 1969",PRIVATE
T2115,Female,"Jul 27, 1968",T1722,T20 27,Birth/Ha tch,"Jul 27, 1968",MEMPHIS
,,,,,Transfer,"May 05, 1970",PRIVATE
,,,,,GO LTF,"May 05, 1970",PRIVATE
T2116,Male,"Aug 31, 1968 +/-
6 month",UND,UND,"Birth/Ha
tch","Aug 31, 1968 +/-
6 month",Undetermined
,,,,,Transfer,Undetermined,PRIVATE
,,,,,Transfer,"Sep 01, 1969",ATLANTA
,,,,,Death,"Oct 15, 1977",ATLANTA
T2119,Female,"Sep 02, 1968 +/- 15 day",UND,UND,Birth/Ha tch,"Sep 02, 1968 +/- 15 day",Undetermined
,,,,,Transfer,Undetermined,PRIVATE
,,,,,Transfer,"Aug 03, 1973",ROCHESTER
,,,,,Death,"Jun 15, 1984",ROCHESTER
T2120,Male,"Sep 06, 1968",T1617,"T18
64","Birth/Ha
tch","Sep 06, 1968",FRESNO
,,,,,Transfer,"Oct 19, 1968",PRIVATE
,,,,,GO LTF,"Oct 19, 1968",PRIVATE
T2121,Male,"Sep 09, 1968",T1860,"T18
72","Birth/Ha
tch","Sep 09, 1968",BUFFALO
,,,,,Death,"Oct 07, 1968",BUFFALO
T2122,Female,"Sep 09, 1968",T1860,"T18
72","Birth/Ha
tch","Sep 09, 1968",BUFFALO
,,,,,Transfer,"Oct 29, 1968",PRIVATE
,,,,,GO LTF,"Oct 29, 1968",PRIVATE
T2123,Male,"Sep 16, 1968",UND,UND,"Birth/Ha
tch","Sep 16, 1968",ST PAUL
,,,,,Transfer,"Dec 31, 1968",PRIVATE
,,,,,GO LTF,"Dec 31, 1968",PRIVATE
T2124,Male,"Sep 16, 1968",UND,UND,"Birth/Ha
tch","Sep 16, 1968",ST PAUL
,,,,,Transfer,"Dec 31, 1968",PRIVATE
,,,,,GO LTF,"Dec 31, 1968",PRIVATE
T2125,Female,"Sep 16, 1968",UND,UND,"Birth/Ha
tch","Sep 16, 1968",ST PAUL
,,,,,Transfer,"Dec 31, 1968",PRIVATE
,,,,,GO LTF,"Dec 31, 1968",PRIVATE
T2126,Female,"Sep 16, 1968",UND,UND,"Birth/Ha
tch","Sep 16, 1968",ST PAUL
,,,,,Transfer,"Dec 31, 1968",PRIVATE
,,,,,GO LTF,"Dec 31, 1968",PRIVATE
T2128,Male,Undetermined,UND,UND,"Birth/Ha
tch",Undetermined,Undetermined
,,,,,Transfer,Undetermined,PRIVATE
,,,,,Transfer,"Oct 15, 1968 +/- 15 day",PHOENIX
,,,,,Death,"Sep 15, 1987",PHOENIX
T2129,Male,"Oct 13, 1968 +/-
6 month",UND,UND,"Birth/Ha
tch","Oct 13, 1968 +/-
6 month",Undetermined
,,,,,Transfer,Undetermined,PRIVATE
,,,,,Transfer,"Oct 15, 1969",OMAHA
,,,,,Transfer,"Feb 01, 1970",PRIVATE
,,,,,GO LTF,"Feb 01, 1970",PRIVATE
T2130,Male,"Oct 14, 1968 +/-
6 month",UND,UND,"Birth/Ha
tch","Oct 14, 1968 +/-
6 month",Undetermined
,,,,,Transfer,Undetermined,PRIVATE
,,,,,Transfer,"Oct 15, 1969",OMAHA
,,,,,Transfer,"Feb 01, 1970",PRIVATE
,,,,,GO LTF,"Feb 01, 1970",PRIVATE
T2131,"Undeter
mined","Oct 15, 1968","_MUL
T24","T17
09","Birth/Ha
tch","Oct 15, 1968",CALGARY
,,,,,Death,"Oct 16, 1968",CALGARY
T2132,Male,"Oct 19, 1968",UND,"T18
65","Birth/Ha
tch","Oct 19, 1968",ST PAUL
,,,,,Transfer,"Dec 31, 1968",PRIVATE
,,,,,GO LTF,"Dec 31, 1968",PRIVATE
T2133,Male,"Oct 19, 1968",UND,T18 65,Birth/Ha tch,"Oct 19, 1968",ST PAUL
,,,,,Transfer,"Dec 31, 1968",PRIVATE
,,,,,GO LTF,"Dec 31, 1968",PRIVATE
T2134,Female,"Oct 19, 1968",UND,"T18
65","Birth/Ha
tch","Oct 19, 1968",ST PAUL
,,,,,Transfer,"Dec 31, 1968",PRIVATE
,,,,,GO LTF,"Dec 31, 1968",PRIVATE
T2135,Male,"Nov 01, 1968 +/-
6 month",UND,UND,Birth/Ha tch,"Nov 01, 1968 +/-
6 month",Undetermined
,,,,,Transfer,Undetermined,PRIVATE
,,,,,Transfer,"Nov 02, 1970",JOHN BALL
,,,,,Death,"Sep 01, 1988",JOHN BALL
T2136,Female,"Jan 01, 1969 +/- 15 day",T2111,"T19
51","Birth/Ha
tch","Jan 01, 1969 +/- 15 day",DENVER
,,,,,Transfer,"Nov 26, 1970",SD-WAP
,,,,,Transfer,"Feb 09, 1971",SANDIEGOZ
,,,,,Transfer,"Jan 29, 1973",SANDIEGOZ
,,,,,Death,"Aug 16, 1978",SANDIEGOZ
T2137,Male,"Jan 01, 1969",UND,UND,Birth/Ha tch,"Jan 01, 1969",PRIVATE
,,,,,Transfer,Undetermined,PRIVATE
,,,,,Transfer,"Apr 01, 1970",ABILENE
,,,,,Death,"Oct 23, 1984",ABILENE
T2138,Female,"Jan 01, 1969",UND,UND,"Birth/Ha
tch","Jan 01, 1969",PRIVATE
,,,,,Transfer,Undetermined,PRIVATE
,,,,,Transfer,"Apr 01, 1970",ABILENE
,,,,,Death,"May 29, 1987",ABILENE
T2139,Female,"Jan 16, 1969",T2004,"T20
56","Birth/Ha
tch","Jan 16, 1969",TUCSON
,,,,,Transfer,"Jul 02, 1970",SD-WAP
,,,,,Transfer,"Sep 10, 1970",TUCSON
,,,,,Transfer,"Mar 24, 1973",PRIVATE
,,,,,GO LTF,"Mar 24, 1973",PRIVATE
T2141,Female,"Jan 30, 1969",T1860,"T18
72","Birth/Ha
tch","Jan 30, 1969",BUFFALO
,,,,,Death,"Jan 30, 1969",BUFFALO
T2142,Female,"Jan 30, 1969",T1860,"T18
72","Birth/Ha
tch","Jan 30, 1969",BUFFALO
,,,,,Death,"Jan 30, 1969",BUFFALO
T2143,Male,"Feb 13, 1969 +/- 15 day",UND,UND,"Birth/Ha
tch","Feb 13, 1969 +/- 15 day",BALTIMORE
,,,,,Transfer,Undetermined,PRIVATE
,,,,,Transfer,"Apr 15, 1969",COLUMBUS
,,,,,Transfer,"Feb 15, 1984",PRIVATE
,,,,,GO LTF,"Feb 15, 1984",PRIVATE
T2144,Female,"Feb 20, 1969",T1619,"T16
18","Birth/Ha
tch","Feb 20, 1969",CHICAGOLP
,,,,,Death,"Feb 20, 1969",CHICAGOLP
T2145,Male,"Feb 20, 1969",T1619,T16 18,Birth/Ha tch,"Feb 20, 1969",CHICAGOLP
,,,,,Transfer,"May 30, 1969",PRIVATE
,,,,,GO LTF,"May 30, 1969",PRIVATE
T2146,Male,"Feb 20, 1969",T1619,"T16
18","Birth/Ha
tch","Feb 20, 1969",CHICAGOLP
,,,,,Transfer,"May 30, 1969",PRIVATE
,,,,,GO LTF,"May 30, 1969",PRIVATE
T2147,Male,"Mar 05, 1969",UND,"T18
79","Birth/Ha
tch","Mar 05, 1969",ST PAUL
,,,,,Transfer,"Apr 27, 1969",FERNDALE
,,,,,GO LTF,"Apr 27, 1969",FERNDALE
T2148,Male,"Mar 05, 1969",UND,T18 79,Birth/Ha tch,"Mar 05, 1969",ST PAUL
,,,,,Transfer,"Apr 27, 1969",PRIVATE
,,,,,GO LTF,"Apr 27, 1969",PRIVATE
T2149,Female,"Mar 05, 1969",UND,"T18
79","Birth/Ha
tch","Mar 05, 1969",ST PAUL
,,,,,Transfer,"Apr 27, 1969",PRIVATE
,,,,,GO LTF,"Apr 27, 1969",PRIVATE
T2150,Female,"Mar 05, 1969",UND,T18 79,Birth/Ha tch,"Mar 05, 1969",ST PAUL
,,,,,Transfer,"Apr 27, 1969",PRIVATE
,,,,,GO LTF,"Apr 27, 1969",PRIVATE
T2151,Female,"Mar 09, 1969 +/- 15 day",UND,UND,"Birth/Ha
tch","Mar 09, 1969 +/- 15 day",Undetermined
,,,,,Transfer,Undetermined,PRIVATE
,,,,,Transfer,"Dec 08, 1969",TOLEDO
,,,,,Death,"Jun 12, 1984",TOLEDO
T2152,Male,"Mar 20, 1969",T2004,"T20
56","Birth/Ha
tch","Mar 20, 1969",TUCSON
,,,,,Transfer,"Jun 16, 1969",PRIVATE
,,,,,GO LTF,"Jun 16, 1969",PRIVATE
T2153,Female,"Mar 20, 1969",T2004,"T20
56","Birth/Ha
tch","Mar 20, 1969",TUCSON
,,,,,Transfer,"Jun 16, 1969",PRIVATE
,,,,,GO LTF,"Jun 16, 1969",PRIVATE
T2154,Female,"Mar 20, 1969",T2004,T20 56,Birth/Ha tch,"Mar 20, 1969",TUCSON
,,,,,Transfer,"Jun 16, 1969",PRIVATE
,,,,,GO LTF,"Jun 16, 1969",PRIVATE
T2156,Female,"Apr 05, 1969 +/-
6 month",UND,UND,"Birth/Ha
tch","Apr 05, 1969 +/-
6 month",Undetermined
,,,,,Transfer,Undetermined,PRIVATE
,,,,,Transfer,"Apr 06, 1971",CHICAGOBR
,,,,,Death,"Sep 26, 1988",CHICAGOBR
T2157,Male,"Apr 09, 1969 +/- 15 day",WILD,"WIL
D","Birth/Ha
tch","Apr 09, 1969 +/- 15 day",Africa
,,,,,Wild Capture,Undetermined,Africa
,,,,,Transfer,Undetermined,PRIVATE
,,,,,Transfer,"Sep 09, 1969",ROCHESTER
,,,,,Death,"Feb 22, 1992",ROCHESTER
T2158,Female,"Apr 10, 1969",T1452,"T18
26","Birth/Ha
tch","Apr 10, 1969",SAN FRAN
,,,,,Transfer,"Jun 06, 1972",PRIVATE
,,,,,GO LTF,"Jun 06, 1972",PRIVATE
T2159,Female,"Apr 10, 1969 +/-
6 month",UND,UND,"Birth/Ha
tch","Apr 10, 1969 +/-
6 month",Undetermined
,,,,,Transfer,Undetermined,PRIVATE
,,,,,Transfer,"Apr 11, 1971",JOHN BALL
,,,,,Death,"Apr 17, 1988",JOHN BALL
T2160,Male,"Apr 14, 1969 +/-
6 month",UND,UND,Birth/Ha tch,"Apr 14, 1969 +/-
6 month",Undetermined
,,,,,Transfer,Undetermined,PRIVATE
,,,,,Transfer,"Apr 14, 1973",SACRAMNTO
,,,,,Death,"Mar 10, 1983",SACRAMNTO
T2161,Female,"May 15, 1969","_MUL
T24","T17
09","Birth/Ha
tch","May 15, 1969",CALGARY
,,,,,Death,"May 15, 1969",CALGARY
T2162,Male,"May 20, 1969 +/- 15 day",UND,UND,"Birth/Ha
tch","May 20, 1969 +/- 15 day",PRIVATE
,,,,,Transfer,Undetermined,PRIVATE
,,,,,Transfer,"Jul 21, 1970",PORTLAND
,,,,,Death,"Feb 19, 1976",PORTLAND
T2163,Male,Undetermined,UND,UND,"Birth/Ha
tch",Undetermined,Undetermined
,,,,,Transfer,"May 22, 1969",SAN ANTON
,,,,,Death,"Aug 21, 1970",SAN ANTON
T2164,Male,"May 22, 1969",UND,UND,Birth/Ha tch,"May 22, 1969",SAN ANTON
,,,,,Transfer,"Jul 03, 1969",PRIVATE
,,,,,GO LTF,"Jul 03, 1969",PRIVATE
T2165,Male,"May 22, 1969",UND,UND,"Birth/Ha
tch","May 22, 1969",SAN ANTON
,,,,,Transfer,"Jul 03, 1969",PRIVATE
,,,,,GO LTF,"Jul 03, 1969",PRIVATE
T2166,Male,"May 22, 1969",UND,UND,Birth/Ha tch,"May 22, 1969",SAN ANTON
,,,,,Transfer,"Jul 03, 1969",PRIVATE
,,,,,GO LTF,"Jul 03, 1969",PRIVATE
T2167,Male,"May 22, 1969",UND,UND,"Birth/Ha
tch","May 22, 1969",SAN ANTON
,,,,,Transfer,"Jul 03, 1969",PRIVATE
,,,,,GO LTF,"Jul 03, 1969",PRIVATE
T2168,Female,"May 22, 1969",UND,UND,"Birth/Ha
tch","May 22, 1969",SAN ANTON
,,,,,Transfer,"Jul 03, 1969",PRIVATE
,,,,,GO LTF,"Jul 03, 1969",PRIVATE
T2169,Female,"May 22, 1969",UND,UND,"Birth/Ha
tch","May 22, 1969",SAN ANTON
,,,,,Transfer,"Jul 03, 1969",PRIVATE
,,,,,GO LTF,"Jul 03, 1969",PRIVATE
T2170,"Undeter
mined","Jun 07, 1969",T1900,"T18
68","Birth/Ha
tch","Jun 07, 1969",EVANSVLLE
,,,,,Death,"Jun 07, 1969",EVANSVLLE
T2171,"Undeter
mined","Jun 07, 1969",T1900,"T18
68","Birth/Ha
tch","Jun 07, 1969",EVANSVLLE
,,,,,Death,"Jun 07, 1969",EVANSVLLE
T2172,Female,"Jun 18, 1969",UND,UND,Birth/Ha tch,"Jun 18, 1969",BUSCH TAM
,,,,,Transfer,Undetermined,PRIVATE
,,,,,Transfer,"Jul 18, 1969",DETROIT
,,,,,Transfer,"Jun 25, 1982",PRIVATE
,,,,,GO LTF,"Jun 25, 1982",PRIVATE
T2173,Female,"Jun 22, 1969",UND,T18 65,Birth/Ha tch,"Jun 22, 1969",ST PAUL
,,,,,Transfer,"Apr 27, 1970",PRIVATE
,,,,,GO LTF,"Apr 27, 1970",PRIVATE
T2176,Male,"Jul 03, 1969",T1397,"T19
91","Birth/Ha
tch","Jul 03, 1969",MILWAUKEE
,,,,,Death,"Nov 05, 1969",MILWAUKEE
T2177,Male,"Jul 03, 1969",T1397,"T19
91","Birth/Ha
tch","Jul 03, 1969",MILWAUKEE
,,,,,Transfer,"Jul 10, 1970",PRIVATE
,,,,,GO LTF,"Jul 10, 1970",PRIVATE
T2178,Male,"Jul 08, 1969",T1860,"T18
72","Birth/Ha
tch","Jul 08, 1969",BUFFALO
,,,,,Transfer,"Jan 28, 1970",PRIVATE
,,,,,GO LTF,"Jan 28, 1970",PRIVATE
T2179,Female,"Jul 08, 1969",T1860,"T18
72","Birth/Ha
tch","Jul 08, 1969",BUFFALO
,,,,,Death,"Jul 08, 1969",BUFFALO
T2180,Female,"Jul 08, 1969",T1860,"T18
72","Birth/Ha
tch","Jul 08, 1969",BUFFALO
,,,,,Transfer,"Jan 28, 1970",PRIVATE
,,,,,GO LTF,"Jan 28, 1970",PRIVATE
T2182,Female,"Jul 20, 1969 +/- 15 day",UND,UND,"Birth/Ha
tch","Jul 20, 1969 +/- 15 day",PRIVATE
,,,,,Transfer,Undetermined,PRIVATE
,,,,,Transfer,"Jul 21, 1970",PORTLAND
,,,,,Death,"Feb 06, 1978",PORTLAND
T2183,Male,"Jul 21, 1969",UND,"T18
79","Birth/Ha
tch","Jul 21, 1969",ST PAUL
,,,,,Transfer,"Apr 27, 1970",PRIVATE
,,,,,GO LTF,"Apr 27, 1970",PRIVATE
T2184,Female,"Jul 21, 1969",UND,"T18
79","Birth/Ha
tch","Jul 21, 1969",ST PAUL
,,,,,Transfer,"Apr 27, 1970",PRIVATE
,,,,,GO LTF,"Apr 27, 1970",PRIVATE
T2185,Male,"Jul 30, 1969 +/- 6 month",UND,UND,"Birth/Ha
tch","Jul 30, 1969 +/- 6 month",Undetermined
,,,,,Transfer,Undetermined,SEATTLE
,,,,,Transfer,"Jul 31, 1974",TORONTO
,,,,,Transfer,"Dec 27, 1974",PRIVATE
,,,,,GO LTF,"Dec 27, 1974",PRIVATE
T2186,Female,"Jul 30, 1969 +/- 6 month",UND,UND,"Birth/Ha
tch","Jul 30, 1969 +/- 6 month",Undetermined
,,,,,Transfer,Undetermined,SEATTLE
,,,,,Transfer,"Jul 31, 1974",TORONTO
,,,,,Transfer,"Dec 27, 1974",PRIVATE
,,,,,GO LTF,"Dec 27, 1974",PRIVATE
T2187,Female,"Jul 30, 1969 +/- 6 month",UND,UND,"Birth/Ha
tch","Jul 30, 1969 +/- 6 month",Undetermined
,,,,,Transfer,Undetermined,SEATTLE
,,,,,Transfer,"Jul 31, 1974",TORONTO
,,,,,Transfer,"Dec 27, 1974",PRIVATE
,,,,,GO LTF,"Dec 27, 1974",PRIVATE
T2188,Female,"Jul 30, 1969 +/- 6 month",UND,UND,"Birth/Ha
tch","Jul 30, 1969 +/- 6 month",Undetermined
,,,,,Transfer,Undetermined,SEATTLE
,,,,,Transfer,"Jul 31, 1974",TORONTO
,,,,,Transfer,"Dec 27, 1974",PRIVATE
,,,,,GO LTF,"Dec 27, 1974",PRIVATE
T2189,Male,"Jul 30, 1969 +/- 6 month",UND,UND,"Birth/Ha
tch","Jul 30, 1969 +/- 6 month",PRIVATE
,,,,,Transfer,"Jul 31, 1974",CALGARY
,,,,,Death,"Jan 10, 1989",CALGARY
T2190,Male,"Jul 31, 1969 +/- 1 day",UND,UND,Birth/Ha tch,"Jul 31, 1969 +/- 1 day",Undetermined
,,,,,Transfer,"Jan 01, 1970",FORTWORTH
,,,,,Transfer,"Jan 01, 1971",UNDETERMI
,,,,,GO LTF,"Jan 01, 1971",UNDETERMI
T2191,Male,"Jul 31, 1969",T1762,"T15
71","Birth/Ha
tch","Jul 31, 1969",CHICAGOBR
,,,,,Transfer,"Mar 10, 1970",PRIVATE
,,,,,GO LTF,"Mar 10, 1970",PRIVATE
T2192,Male,"Sep 26, 1969",UND,"T19
13","Birth/Ha
tch","Sep 26, 1969",LUFKIN
,,,,,Death,"Nov 09, 1987",LUFKIN
T2194,Female,"Oct 20, 1969",UND,UND,Birth/Ha tch,"Oct 20, 1969",SAN ANTON
,,,,,Transfer,"Dec 23, 1969",PRIVATE
,,,,,GO LTF,"Dec 23, 1969",PRIVATE
T2195,Female,"Oct 20, 1969",UND,UND,"Birth/Ha
tch","Oct 20, 1969",SAN ANTON
,,,,,Transfer,"Dec 23, 1969",PRIVATE
,,,,,GO LTF,"Dec 23, 1969",PRIVATE
T2196,Female,"Oct 20, 1969",UND,UND,Birth/Ha tch,"Oct 20, 1969",SAN ANTON
,,,,,Transfer,"Dec 23, 1969",PRIVATE
,,,,,GO LTF,"Dec 23, 1969",PRIVATE
T2197,Female,"Oct 20, 1969",UND,UND,"Birth/Ha
tch","Oct 20, 1969",SAN ANTON
,,,,,Transfer,"Dec 23, 1969",PRIVATE
,,,,,GO LTF,"Dec 23, 1969",PRIVATE
T2198,Female,"Oct 25, 1969",UND,"T18
65","Birth/Ha
tch","Oct 25, 1969",ST PAUL
,,,,,Transfer,"Apr 27, 1970",PRIVATE
,,,,,GO LTF,"Apr 27, 1970",PRIVATE
T2199,Female,"Oct 26, 1969",UND,T18 65,Birth/Ha tch,"Oct 26, 1969",ST PAUL
,,,,,Transfer,"Apr 27, 1970",PRIVATE
,,,,,GO LTF,"Apr 27, 1970",PRIVATE
T2200,Female,"Oct 26, 1969",UND,T18 65,Birth/Ha tch,"Oct 26, 1969",ST PAUL
,,,,,Transfer,"Apr 27, 1970",PRIVATE
,,,,,GO LTF,"Apr 27, 1970",PRIVATE
T2201,Female,"Nov 05, 1969",UND,UND,"Birth/Ha
tch","Nov 05, 1969",NY BRONX
,,,,,Transfer,"Mar 28, 1973",PRIVATE
,,,,,GO LTF,"Mar 28, 1973",PRIVATE
T2202,Female,"Nov 05, 1969",UND,UND,"Birth/Ha
tch","Nov 05, 1969",NY BRONX
,,,,,Transfer,"Nov 26, 1974",PRIVATE
,,,,,GO LTF,"Nov 26, 1974",PRIVATE
T2203,Male,"Nov 07, 1969",T1961,T18 09,Birth/Ha tch,"Nov 07, 1969",SAN ANTON
,,,,,Transfer,"Jan 05, 1970",PRIVATE
,,,,,GO LTF,"Jan 05, 1970",PRIVATE
T2204,Female,"Nov 07, 1969",T1961,"T18
09","Birth/Ha
tch","Nov 07, 1969",SAN ANTON
,,,,,Transfer,"Jan 05, 1970",PRIVATE
,,,,,GO LTF,"Jan 05, 1970",PRIVATE
T2205,Female,"Nov 07, 1969",T1961,T18 09,Birth/Ha tch,"Nov 07, 1969",SAN ANTON
,,,,,Death,"Nov 26, 1969",SAN ANTON
T2206,Male,"Nov 07, 1969",UND,UND,"Birth/Ha
tch","Nov 07, 1969",SAN ANTON
,,,,,Transfer,"Jan 05, 1970",PRIVATE
,,,,,GO LTF,"Jan 05, 1970",PRIVATE
T2207,Male,"Nov 07, 1969",UND,UND,"Birth/Ha
tch","Nov 07, 1969",SAN ANTON
,,,,,Transfer,"Jan 05, 1970",PRIVATE
,,,,,GO LTF,"Jan 05, 1970",PRIVATE
T2208,Undeter mined,"Dec 01, 1969",T1961,T16 23,Birth/Ha tch,"Dec 01, 1969",SAN ANTON
,,,,,Death,"Dec 01, 1969",SAN ANTON
T2209,Male,"Dec 07, 1969 +/- 15 day",UND,UND,"Birth/Ha
tch","Dec 07, 1969 +/- 15 day",BUSCH TAM
,,,,,Transfer,Undetermined,PRIVATE
,,,,,Transfer,"Mar 09, 1970",KANSASCTY
,,,,,Death,"Nov 07, 1981",KANSASCTY
T2210,Male,"Dec 27, 1969",UND,"T18
79","Birth/Ha
tch","Dec 27, 1969",ST PAUL
,,,,,Transfer,"Jan 03, 1970",PRIVATE
,,,,,GO LTF,"Jan 03, 1970",PRIVATE
T2211,Female,"Dec 27, 1969",UND,T18 79,Birth/Ha tch,"Dec 27, 1969",ST PAUL
,,,,,Transfer,"Feb 02, 1970",PRIVATE
,,,,,GO LTF,"Feb 02, 1970",PRIVATE
T2212,Male,"Dec 27, 1969",UND,"T18
79","Birth/Ha
tch","Dec 27, 1969",ST PAUL
,,,,,Transfer,"Feb 02, 1970",PRIVATE
,,,,,GO LTF,"Feb 02, 1970",PRIVATE
T2216,Male,"Jan 01, 1970 +/- 15 day",UND,UND,Birth/Ha tch,"Jan 01, 1970 +/- 15 day",Undetermined
,,,,,Transfer,Undetermined,PRIVATE
,,,,,Transfer,"May 25, 1971",SD-WAP
,,,,,Transfer,"Jan 29, 1973",SANDIEGOZ
,,,,,Transfer,"Sep 01, 1978",FRESNO
,,,,,Death,"Nov 21, 1983",FRESNO
T2217,Male,"Jan 11, 1970 +/-
6 month",UND,UND,Birth/Ha tch,"Jan 11, 1970 +/-
6 month",Undetermined
,,,,,Transfer,Undetermined,PRIVATE
,,,,,Transfer,"Jan 11, 1973",BUSCH TAM
,,,,,Transfer,"Jun 09, 1977",PRIVATE
,,,,,GO LTF,"Jun 09, 1977",PRIVATE
T2219,Female,"Jan 19, 1970 +/- 1 day",UND,UND,Birth/Ha tch,"Jan 19, 1970 +/- 1 day",PRIVATE
,,,,,Transfer,Undetermined,PRIVATE
,,,,,Transfer,"Mar 09, 1970",KANSASCTY
,,,,,Transfer,"Nov 25, 1981",PRIVATE
,,,,,GO LTF,"Nov 25, 1981",PRIVATE
T2220,Female,"Jan 24, 1970",T1619,T16 18,Birth/Ha tch,"Jan 24, 1970",CHICAGOLP
,,,,,Death,"Jan 29, 1970",CHICAGOLP
T2221,Female,"Jan 24, 1970",T1619,T16 18,Birth/Ha tch,"Jan 24, 1970",CHICAGOLP
,,,,,Transfer,"Apr 28, 1970",PRIVATE
,,,,,GO LTF,"Apr 28, 1970",PRIVATE
T2222,Female,"Jan 24, 1970",T1619,"T16
18","Birth/Ha
tch","Jan 24, 1970",CHICAGOLP
,,,,,Transfer,"Mar 13, 1970",PRIVATE
,,,,,GO LTF,"Mar 13, 1970",PRIVATE
T2223,Female,"Feb 11, 1970 +/-
6 month",UND,UND,Birth/Ha tch,"Feb 11, 1970 +/-
6 month",Undetermined
,,,,,Transfer,Undetermined,PRIVATE
,,,,,Transfer,"Feb 11, 1971",BALTIMORE
,,,,,Transfer,"Apr 29, 1971",PRIVATE
,,,,,GO LTF,"Apr 29, 1971",PRIVATE
T2224,Female,"Feb 15, 1970",UND,UND,Birth/Ha tch,"Feb 15, 1970",PRIVATE
,,,,,Transfer,"Jun 19, 1971 +/- 15 day",FERNDALE
,,,,,Transfer,"Jun 20, 1971",BROWNSVIL
,,,,,Death,"Jul 10, 1986",BROWNSVIL
T2225,Female,"Mar 01, 1970 +/- 15 day",UND,UND,"Birth/Ha
tch","Mar 01, 1970 +/- 15 day",BUSCH TAM
,,,,,Transfer,Undetermined,PRIVATE
,,,,,Transfer,"Jun 04, 1970",BATONROUG
,,,,,Transfer,"Jun 06, 1978",WACO
,,,,,Death,"Jun 05, 1991",WACO
T2226,Male,"Mar 04, 1970 +/- 15 day",UND,UND,"Birth/Ha
tch","Mar 04, 1970 +/- 15 day",BUSCH TAM
,,,,,Transfer,Undetermined,PRIVATE
,,,,,Transfer,"Jun 04, 1970",BATONROUG
,,,,,Transfer,"Jun 06, 1978",WACO
,,,,,Death,"Oct 14, 1987",WACO
T2228,Female,"Mar 14, 1970 +/-
6 month",UND,UND,"Birth/Ha
tch","Mar 14, 1970 +/-
6 month",PRIVATE
,,,,,Transfer,Undetermined,PRIVATE
,,,,,Transfer,"Mar 14, 1973",CHICAGOLP
,,,,,Death,"Oct 14, 1987",CHICAGOLP
T2229,Male,"Mar 14, 1970 +/-
6 month",UND,UND,Birth/Ha tch,"Mar 14, 1970 +/-
6 month",PRIVATE
,,,,,Transfer,Undetermined,PRIVATE
,,,,,Transfer,"Mar 14, 1973",CHICAGOLP
,,,,,Transfer,"Nov 09, 1983",COLO SPRG
,,,,,Death,"Jan 18, 1984",COLO SPRG
T2230,Male,"Apr 01, 1970",T2004,T20 56,Birth/Ha tch,"Apr 01, 1970",TUCSON
,,,,,Transfer,"May 20, 1971",SD-WAP
,,,,,Death,"Feb 03, 1981",SD-WAP
T2231,Female,"Apr 01, 1970",T2004,"T20
56","Birth/Ha
tch","Apr 01, 1970",TUCSON
,,,,,Transfer,"Aug 27, 1971",SD-WAP
,,,,,Death,"Oct 14, 1981",SD-WAP
T2232,Male,"Apr 13, 1970 +/-
6 month",UND,UND,Birth/Ha tch,"Apr 13, 1970 +/-
6 month",PRIVATE
,,,,,Transfer,"Apr 14, 1971",ABQBIOPK
,,,,,Death,"Jan 31, 1984",ABQBIOPK
T2233,Female,"May 04, 1970",T1722,"T20
27","Birth/Ha
tch","May 04, 1970",MEMPHIS
,,,,,Transfer,"Nov 21, 1975",PRIVATE
,,,,,GO LTF,"Nov 21, 1975",PRIVATE
T2234,Male,"May 04, 1970",T1722,"T20
27","Birth/Ha
tch","May 04, 1970",MEMPHIS
,,,,,Transfer,"Sep 23, 1970",PRIVATE
,,,,,GO LTF,"Sep 23, 1970",PRIVATE
T2235,Male,"May 04, 1970",T1961,"T18
09","Birth/Ha
tch","May 04, 1970",SAN ANTON
,,,,,Transfer,"Jun 19, 1970",PRIVATE
,,,,,GO LTF,"Jun 19, 1970",PRIVATE
T2236,Female,"May 04, 1970",T1961,"T18
09","Birth/Ha
tch","May 04, 1970",SAN ANTON
,,,,,Transfer,"Jun 19, 1970",PRIVATE
,,,,,GO LTF,"Jun 19, 1970",PRIVATE
T2237,Female,"May 04, 1970",T1961,T18 09,Birth/Ha tch,"May 04, 1970",SAN ANTON
,,,,,Transfer,"Jun 19, 1970",PRIVATE
,,,,,GO LTF,"Jun 19, 1970",PRIVATE
T2238,Female,"May 04, 1970",T1961,"T18
09","Birth/Ha
tch","May 04, 1970",SAN ANTON
,,,,,Transfer,"Jun 19, 1970",PRIVATE
,,,,,GO LTF,"Jun 19, 1970",PRIVATE
T2239,Male,"May 07, 1970 +/-
6 month",UND,UND,"Birth/Ha
tch","May 07, 1970 +/-
6 month",Undetermined
,,,,,Transfer,"May 07, 1972",OMAHA
,,,,,Transfer,"Aug 22, 1972",W PALM BE
,,,,,GO LTF,"Aug 22, 1972",W PALM BE
T2240,"Undeter
mined","May 16, 1970","_MUL
T24","T17
09","Birth/Ha
tch","May 16, 1970",CALGARY
,,,,,Transfer,"May 17, 1970",UNDETERMI
,,,,,GO LTF,"May 17, 1970",UNDETERMI
T2241,Male,"Mar 21, 1970 +/- 15 day",UND,UND,"Birth/Ha
tch","Mar 21, 1970 +/- 15 day",Undetermined
,,,,,Transfer,Undetermined,PRIVATE
,,,,,Transfer,"May 21, 1970",TULSA
,,,,,Death,"Apr 14, 1990",TULSA
T2242,Female,"May 25, 1970",UND,UND,"Birth/Ha
tch","May 25, 1970",TOPEKA
,,,,,Death,"May 25, 1970",TOPEKA
T2243,Female,"May 25, 1970",UND,UND,"Birth/Ha
tch","May 25, 1970",TOPEKA
,,,,,Death,"Jun 22, 1970",TOPEKA
T2244,Male,"May 26, 1970",UND,UND,"Birth/Ha
tch","May 26, 1970",ST PAUL
,,,,,Transfer,"Aug 12, 1970",PRIVATE
,,,,,GO LTF,"Aug 12, 1970",PRIVATE
T2245,Male,"May 26, 1970",UND,UND,Birth/Ha tch,"May 26, 1970",ST PAUL
,,,,,Transfer,"Jul 31, 1970",PRIVATE
,,,,,GO LTF,"Jul 31, 1970",PRIVATE
T2246,Female,"May 26, 1970",UND,UND,Birth/Ha tch,"May 26, 1970",ST PAUL
,,,,,Transfer,"Jul 31, 1970",PRIVATE
,,,,,GO LTF,"Jul 31, 1970",PRIVATE
T2247,Male,"May 26, 1970",UND,UND,"Birth/Ha
tch","May 26, 1970",ST PAUL
,,,,,Transfer,"Jul 31, 1970",PRIVATE
,,,,,GO LTF,"Jul 31, 1970",PRIVATE
T2248,Female,"May 28, 1970",T2102,T19 91,Birth/Ha tch,"May 28, 1970",MILWAUKEE
,,,,,Death,"Mar 28, 1986",MILWAUKEE
T2249,Male,"May 28, 1970",T2102,T19 91,Birth/Ha tch,"May 28, 1970",MILWAUKEE
,,,,,Transfer,"Jan 05, 1973",PRIVATE
,,,,,GO LTF,"Jan 05, 1973",PRIVATE
T2250,Male,"May 28, 1970",T2102,"T19
91","Birth/Ha
tch","May 28, 1970",MILWAUKEE
,,,,,Transfer,"Jan 05, 1973",PRIVATE
,,,,,GO LTF,"Jan 05, 1973",PRIVATE
T2251,Male,"May 28, 1970",T1961,T16 23,Birth/Ha tch,"May 28, 1970",SAN ANTON
,,,,,Transfer,"Jul 13, 1970",PRIVATE
,,,,,GO LTF,"Jul 13, 1970",PRIVATE
T2252,Male,"May 28, 1970",T1961,"T16
23","Birth/Ha
tch","May 28, 1970",SAN ANTON
,,,,,Transfer,"Jul 13, 1970",PRIVATE
,,,,,GO LTF,"Jul 13, 1970",PRIVATE
T2253,Female,"May 28, 1970",T1961,T16 23,Birth/Ha tch,"May 28, 1970",SAN ANTON
,,,,,Transfer,"Jul 13, 1970",PRIVATE
,,,,,GO LTF,"Jul 13, 1970",PRIVATE
T2254,Female,"May 28, 1970",T1961,"T16
23","Birth/Ha
tch","May 28, 1970",SAN ANTON
,,,,,Transfer,"Jul 13, 1970",PRIVATE
,,,,,GO LTF,"Jul 13, 1970",PRIVATE
T2255,Male,"Jun 01, 1970 +/- 15 day",UND,UND,Birth/Ha tch,"Jun 01, 1970 +/- 15 day",DENVER
,,,,,Transfer,Undetermined,PRIVATE
,,,,,Transfer,"Feb 09, 1971",SD-WAP
,,,,,Transfer,"Jan 29, 1973",PRIVATE
,,,,,GO LTF,"Jan 29, 1973",PRIVATE
T2256,Female,"Jun 01, 1970 +/- 15 day",UND,UND,"Birth/Ha
tch","Jun 01, 1970 +/- 15 day",BUSCH TAM
,,,,,Transfer,Undetermined,PRIVATE
,,,,,Transfer,"Dec 08, 1970",BATONROUG
,,,,,Transfer,"Jun 06, 1978",WACO
,,,,,Death,"Jun 26, 1985",WACO
T2258,Male,"Jun 06, 1970",T1860,"T18
72","Birth/Ha
tch","Jun 06, 1970",BUFFALO
,,,,,Transfer,"Dec 31, 1973",UNDETERMI
,,,,,GO LTF,"Dec 31, 1973",UNDETERMI
T2259,Female,"Jun 06, 1970",T1860,"T18
72","Birth/Ha
tch","Jun 06, 1970",BUFFALO
,,,,,Transfer,"Dec 31, 1973",UNDETERMI
,,,,,GO LTF,"Dec 31, 1973",UNDETERMI
T2260,Male,"Jun 21, 1970",T1619,T16 18,Birth/Ha tch,"Jun 21, 1970",CHICAGOLP
,,,,,Transfer,"Sep 23, 1970",PRIVATE
,,,,,GO LTF,"Sep 23, 1970",PRIVATE
T2261,Female,"Jun 27, 1970",UND,UND,"Birth/Ha
tch","Jun 27, 1970",OMAHA
,,,,,Transfer,"Sep 30, 1970",PRIVATE
,,,,,GO LTF,"Sep 30, 1970",PRIVATE
T2262,Male,"Jun 27, 1970",UND,UND,Birth/Ha tch,"Jun 27, 1970",OMAHA
,,,,,Transfer,"Sep 30, 1970",PRIVATE
,,,,,GO LTF,"Sep 30, 1970",PRIVATE
T2263,Female,"Jun 27, 1970",UND,UND,"Birth/Ha
tch","Jun 27, 1970",OMAHA
,,,,,Transfer,"Sep 30, 1970",PRIVATE
,,,,,GO LTF,"Sep 30, 1970",PRIVATE
T2264,"Undeter
mined","Jun 29, 1970",T1900,"T18
68","Birth/Ha
tch","Jun 29, 1970",EVANSVLLE
,,,,,Death,"Jun 29, 1970",EVANSVLLE
T2265,"Undeter
mined","Jun 29, 1970",T1900,"T18
68","Birth/Ha
tch","Jun 29, 1970",EVANSVLLE
,,,,,Death,"Jun 29, 1970",EVANSVLLE
T2266,"Undeter
mined","Jun 29, 1970",T1900,"T18
68","Birth/Ha
tch","Jun 29, 1970",EVANSVLLE
,,,,,Death,"Jun 29, 1970",EVANSVLLE
T2267,Undeter mined,"Jul 02, 1970",UND,UND,Birth/Ha tch,"Jul 02, 1970",ST PAUL
,,,,,Death,"Jul 02, 1970",ST PAUL
T2268,Female,"Jul 07, 1970",UND,T18 79,Birth/Ha tch,"Jul 07, 1970",ST PAUL
,,,,,Transfer,"Dec 31, 1970",PRIVATE
,,,,,GO LTF,"Dec 31, 1970",PRIVATE
T2269,Male,"Jul 07, 1970",UND,"T18
79","Birth/Ha
tch","Jul 07, 1970",ST PAUL
,,,,,Transfer,"Dec 31, 1970",PRIVATE
,,,,,GO LTF,"Dec 31, 1970",PRIVATE
T2270,Male,"Jul 27, 1970",T1458,T17 44,Birth/Ha tch,"Jul 27, 1970",KNOXVILLE
,,,,,Death,"Nov 01, 1989",KNOXVILLE
T2271,Male,Undetermined,UND,UND,Birth/Ha tch,Undetermined,Undetermined
,,,,,Transfer,Undetermined,PRIVATE
,,,,,Transfer,"Aug 11, 1970",MEMPHIS
,,,,,Death,"Jun 16, 1975",MEMPHIS
T2272,Female,"Aug 21, 1970 +/-
6 month",UND,UND,Birth/Ha tch,"Aug 21, 1970 +/-
6 month",PRIVATE
,,,,,Transfer,Undetermined,PRIVATE
,,,,,Transfer,"Aug 20, 1975",SANFORD
,,,,,Death,"Oct 28, 1991",SANFORD
T2273,Female,"Sep 04, 1970",T1912,T20 07,Birth/Ha tch,"Sep 04, 1970",FORTWORTH
,,,,,Transfer,"May 01, 1975",PRIVATE
,,,,,GO LTF,"May 01, 1975",PRIVATE
T2274,Male,"Sep 12, 1970 +/- 15 day",UND,UND,"Birth/Ha
tch","Sep 12, 1970 +/- 15 day",Undetermined
,,,,,Transfer,Undetermined,PRIVATE
,,,,,Transfer,"Jan 12, 1971",SOUTHBEND
,,,,,Death,"Oct 20, 1984",SOUTHBEND
T2275,Female,"Sep 15, 1970 +/-
6 month",UND,UND,Birth/Ha tch,"Sep 15, 1970 +/-
6 month",Undetermined
,,,,,Transfer,Undetermined,PRIVATE
,,,,,Transfer,"Sep 16, 1971",MADISON
,,,,,GO LTF,"Sep 16, 1971",MADISON
T2276,Male,"Sep 22, 1970",UND,UND,"Birth/Ha
tch","Sep 22, 1970",OMAHA
,,,,,Transfer,"May 10, 1971",UNDETERMI
,,,,,GO LTF,"May 10, 1971",UNDETERMI
T2277,Male,"Sep 22, 1970",UND,UND,Birth/Ha tch,"Sep 22, 1970",OMAHA
,,,,,Transfer,"May 10, 1971",UNDETERMI
,,,,,GO LTF,"May 10, 1971",UNDETERMI
T2284,Male,"Oct 13, 1970",T1762,"T15
71","Birth/Ha
tch","Oct 13, 1970",CHICAGOBR
,,,,,Transfer,"Jan 23, 1975",PRIVATE
,,,,,GO LTF,"Jan 23, 1975",PRIVATE
T2285,Male,"Oct 14, 1970 +/-
6 month",UND,UND,"Birth/Ha
tch","Oct 14, 1970 +/-
6 month",Undetermined
,,,,,Transfer,"Mar 01, 1971",TULSA
,,,,,Transfer,"Oct 14, 1972",TOPEKA
,,,,,Death,"Sep 16, 1986",TOPEKA
T2286,Female,"Oct 17, 1970 +/- 15 day",UND,UND,Birth/Ha tch,"Oct 17, 1970 +/- 15 day",PRIVATE
,,,,,Transfer,Undetermined,PRIVATE
,,,,,Transfer,"Jun 18, 1971",KNOXVILLE
,,,,,Death,"Feb 12, 1990",KNOXVILLE
T2287,Male,"Oct 20, 1970",T1961,"T18
09","Birth/Ha
tch","Oct 20, 1970",SAN ANTON
,,,,,Transfer,"Dec 14, 1970",PRIVATE
,,,,,GO LTF,"Dec 14, 1970",PRIVATE
T2288,Male,"Oct 20, 1970",T1961,"T18
09","Birth/Ha
tch","Oct 20, 1970",SAN ANTON
,,,,,Transfer,"Dec 14, 1970",PRIVATE
,,,,,GO LTF,"Dec 14, 1970",PRIVATE
T2289,Female,"Oct 20, 1970",T1961,"T18
09","Birth/Ha
tch","Oct 20, 1970",SAN ANTON
,,,,,Transfer,"Dec 14, 1970",PRIVATE
,,,,,GO LTF,"Dec 14, 1970",PRIVATE
T2290,Female,"Oct 20, 1970",T1961,"T18
09","Birth/Ha
tch","Oct 20, 1970",SAN ANTON
,,,,,Transfer,"Dec 14, 1970",PRIVATE
,,,,,GO LTF,"Dec 14, 1970",PRIVATE
T2291,Male,"Oct 20, 1970 +/-
6 month",UND,UND,"Birth/Ha
tch","Oct 20, 1970 +/-
6 month",Undetermined
,,,,,Transfer,Undetermined,PRIVATE
,,,,,Transfer,"Oct 21, 1971",SEATTLE
,,,,,Death,"May 03, 1988",SEATTLE
T2292,Female,"Oct 20, 1970 +/-
6 month",UND,UND,"Birth/Ha
tch","Oct 20, 1970 +/-
6 month",Undetermined
,,,,,Transfer,Undetermined,PRIVATE
,,,,,Transfer,"Oct 21, 1971",SEATTLE
,,,,,Death,"Feb 03, 1989",SEATTLE
T2293,Male,"Oct 24, 1970",UND,UND,"Birth/Ha
tch","Oct 24, 1970",PRIVATE
,,,,,Transfer,"Mar 27, 1971",SD-WAP
,,,,,Transfer,"Jan 29, 1973",PRIVATE
,,,,,GO LTF,"Jan 29, 1973",PRIVATE
T2294,Female,"Oct 24, 1970",UND,UND,Birth/Ha tch,"Oct 24, 1970",PRIVATE
,,,,,Transfer,"Mar 27, 1971",SD-WAP
,,,,,Death,"Dec 31, 1980",SD-WAP
T2296,Male,"Nov 13, 1970",T1961,T16 23,Birth/Ha tch,"Nov 13, 1970",SAN ANTON
,,,,,Transfer,"Jan 04, 1971",PRIVATE
,,,,,GO LTF,"Jan 04, 1971",PRIVATE
T2297,Male,"Nov 13, 1970",T1961,"T16
23","Birth/Ha
tch","Nov 13, 1970",SAN ANTON
,,,,,Transfer,"Jan 04, 1971",PRIVATE
,,,,,GO LTF,"Jan 04, 1971",PRIVATE
T2298,Female,"Nov 13, 1970",T1961,T16 23,Birth/Ha tch,"Nov 13, 1970",SAN ANTON
,,,,,Death,"Nov 13, 1970",SAN ANTON
T2299,Male,"Nov 30, 1970",UND,UND,Birth/Ha tch,"Nov 30, 1970",PRIVATE
,,,,,Transfer,"Apr 27, 1972",JERSEY
,,,,,Transfer,"Nov 06, 1980",MARWELL
,,,,,Transfer,"Sep 22, 1983",KNOXVILLE
,,,,,Death,"Jun 18, 1984",KNOXVILLE
T2300,Female,"Sep 02, 1970 +/- 15 day",UND,UND,"Birth/Ha
tch","Sep 02, 1970 +/- 15 day",Undetermined
,,,,,Transfer,Undetermined,PRIVATE
,,,,,Transfer,"Dec 02, 1970",TULSA
,,,,,Death,"Dec 08, 1976",TULSA
T2301,Female,"Sep 02, 1970 +/- 15 day",UND,UND,"Birth/Ha
tch","Sep 02, 1970 +/- 15 day",Undetermined
,,,,,Transfer,Undetermined,PRIVATE
,,,,,Transfer,"Dec 02, 1970",TULSA
,,,,,Death,"Nov 06, 1990",TULSA
T2302,Male,"Dec 05, 1970",T2111,"T19
51","Birth/Ha
tch","Dec 05, 1970",DENVER
,,,,,Transfer,"Feb 09, 1971",SANDIEGOZ
,,,,,GO LTF,"Feb 09, 1971",SANDIEGOZ
T2303,Female,"Dec 08, 1970",T1624,T17 92,Birth/Ha tch,"Dec 08, 1970",PHOENIX
,,,,,Death,"Oct 08, 1988",PHOENIX
T2304,Male,"Dec 18, 1970",UND,UND,Birth/Ha tch,"Dec 18, 1970",BALTIMORE
,,,,,Transfer,"Mar 16, 1971",PRIVATE
,,,,,GO LTF,"Mar 16, 1971",PRIVATE
T2305,Female,"Dec 29, 1970",UND,"T18
65","Birth/Ha
tch","Dec 29, 1970",ST PAUL
,,,,,Transfer,"Dec 31, 1971",PRIVATE
,,,,,GO LTF,"Dec 31, 1971",PRIVATE
T2306,Female,"Dec 29, 1970",UND,"T18
65","Birth/Ha
tch","Dec 29, 1970",ST PAUL
,,,,,Transfer,"Dec 31, 1971",PRIVATE
,,,,,GO LTF,"Dec 31, 1971",PRIVATE
T2307,Male,"Dec 29, 1970",UND,T18 65,Birth/Ha tch,"Dec 29, 1970",ST PAUL
,,,,,Transfer,"Dec 31, 1971",PRIVATE
,,,,,GO LTF,"Dec 31, 1971",PRIVATE
T2308,"Undeter
mined","Dec 29, 1970",UND,"T18
65","Birth/Ha
tch","Dec 29, 1970",ST PAUL
,,,,,Death,"Dec 29, 1970",ST PAUL
T2309,Female,"Dec 29, 1970",UND,T18 65,Birth/Ha tch,"Dec 29, 1970",ST PAUL
,,,,,Transfer,"Dec 31, 1971",PRIVATE
,,,,,GO LTF,"Dec 31, 1971",PRIVATE
T2349,Female,"Jan 01, 1971 +/- 15 day",UND,UND,"Birth/Ha
tch","Jan 01, 1971 +/- 15 day",PRIVATE
,,,,,Transfer,"Apr 20, 1972",SD-WAP
,,,,,Transfer,"Jan 29, 1973",PRIVATE
,,,,,GO LTF,"Jan 29, 1973",PRIVATE
T2350,Male,"Jan 01, 1971 +/- 15 day",UND,UND,Birth/Ha tch,"Jan 01, 1971 +/- 15 day",Undetermined
,,,,,Transfer,Undetermined,PRIVATE
,,,,,Transfer,"Apr 07, 1972",SD-WAP
,,,,,Death,"Feb 03, 1981",SD-WAP
T2351,Male,"Jan 01, 1971 +/- 15 day",UND,UND,"Birth/Ha
tch","Jan 01, 1971 +/- 15 day",PRIVATE
,,,,,Transfer,"Apr 20, 1972",SD-WAP
,,,,,Transfer,"Jan 29, 1973",PRIVATE
,,,,,GO LTF,"Jan 29, 1973",PRIVATE
T2352,Female,"Jan 01, 1971 +/- 15 day",UND,UND,"Birth/Ha
tch","Jan 01, 1971 +/- 15 day",PRIVATE
,,,,,Transfer,"Apr 20, 1972",SD-WAP
,,,,,Transfer,"Jan 29, 1973",PRIVATE
,,,,,GO LTF,"Jan 29, 1973",PRIVATE
T2353,Female,"Jan 01, 1971 +/- 15 day",UND,UND,Birth/Ha tch,"Jan 01, 1971 +/- 15 day",PRIVATE
,,,,,Transfer,"Jul 20, 1971",SD-WAP
,,,,,Transfer,"Jul 25, 1973",SANDIEGOZ
,,,,,Death,"Aug 20, 1976",SANDIEGOZ
T2360,Female,Undetermined,UND,UND,"Birth/Ha
tch",Undetermined,Undetermined
,,,,,Transfer,"Jan 01, 1971",FORTWORTH
,,,,,Transfer,"Feb 01, 1971",PRIVATE
,,,,,GO LTF,"Feb 01, 1971",PRIVATE
T2361,Male,Undetermined,UND,UND,"Birth/Ha
tch",Undetermined,Undetermined
,,,,,Transfer,Undetermined,PRIVATE
,,,,,Transfer,"Jan 09, 1971",BROWNSVIL
,,,,,Death,"Jul 21, 1971",BROWNSVIL
T2362,Female,"Jan 12, 1971 +/- 1 day",UND,UND,Birth/Ha tch,"Jan 12, 1971 +/- 1 day",Undetermined
,,,,,Transfer,Undetermined,CALDWELL
,,,,,Transfer,"Jun 04, 1971",FORTWORTH
,,,,,Transfer,"May 01, 1975",PRIVATE
,,,,,GO LTF,"May 01, 1975",PRIVATE
T2363,Male,"Jan 20, 1971",UND,UND,Birth/Ha tch,"Jan 20, 1971",PRIVATE
,,,,,Transfer,"Jul 20, 1971",SD-WAP
,,,,,Transfer,"Jan 29, 1973",PRIVATE
,,,,,GO LTF,"Jan 29, 1973",PRIVATE
T2364,Male,"Jan 20, 1971",UND,UND,"Birth/Ha
tch","Jan 20, 1971",PRIVATE
,,,,,Transfer,"Jul 20, 1971",SD-WAP
,,,,,Transfer,"Jan 29, 1973",PRIVATE
,,,,,GO LTF,"Jan 29, 1973",PRIVATE
T2367,Female,"Feb 15, 1971",UND,UND,"Birth/Ha
tch","Feb 15, 1971",PRIVATE
,,,,,Transfer,"Jun 01, 1971 +/- 15 day",FERNDALE
,,,,,Transfer,"Jun 20, 1971",BROWNSVIL
,,,,,Death,"Mar 30, 1989",BROWNSVIL
T2368,Female,"Feb 15, 1971",UND,UND,Birth/Ha tch,"Feb 15, 1971",PRIVATE
,,,,,Transfer,"Jun 19, 1971 +/- 15 day",FERNDALE
,,,,,Transfer,"Jun 20, 1971",BROWNSVIL
,,,,,Death,"May 24, 1984",BROWNSVIL
T2369,Female,"Feb 15, 1971",T1640,"T22
02","Birth/Ha
tch","Feb 15, 1971",NY BRONX
,,,,,Transfer,"Mar 28, 1973",PRIVATE
,,,,,GO LTF,"Mar 28, 1973",PRIVATE
T2370,Male,"Feb 15, 1971",T1640,"T22
02","Birth/Ha
tch","Feb 15, 1971",NY BRONX
,,,,,Transfer,"Mar 28, 1973",PRIVATE
,,,,,GO LTF,"Mar 28, 1973",PRIVATE
T2371,Male,"Feb 24, 1971",T1860,"T18
72","Birth/Ha
tch","Feb 24, 1971",BUFFALO
,,,,,Death,"Feb 24, 1971",BUFFALO
T2372,Male,"Feb 24, 1971",T1860,"T18
72","Birth/Ha
tch","Feb 24, 1971",BUFFALO
,,,,,Death,"Feb 25, 1971",BUFFALO
T2373,Male,"Feb 26, 1971",UND,UND,Birth/Ha tch,"Feb 26, 1971",QUEBEC
,,,,,Transfer,"Mar 13, 1974",GRANBY
,,,,,Death,"Sep 21, 1987",GRANBY
T2374,Male,"Feb 27, 1971 +/- 15 day",UND,UND,"Birth/Ha
tch","Feb 27, 1971 +/- 15 day",Undetermined
,,,,,Transfer,Undetermined,PRIVATE
,,,,,Transfer,"Jun 29, 1971",MADISON
,,,,,GO LTF,"Jun 29, 1971",MADISON
T2375,Male,"Mar 01, 1971",UND,UND,Birth/Ha tch,"Mar 01, 1971",Undetermined
,,,,,Transfer,Undetermined,PRIVATE
,,,,,Transfer,"May 29, 1974",SANFORD
,,,,,Death,"Nov 30, 1988",SANFORD
T2377,Male,"Mar 02, 1971",T1452,"T18
26","Birth/Ha
tch","Mar 02, 1971",SAN FRAN
,,,,,Death,"Sep 02, 1982",SAN FRAN
T2378,Female,"Apr 08, 1971",T1458,"T17
44","Birth/Ha
tch","Apr 08, 1971",KNOXVILLE
,,,,,Death,"Jun 26, 1989",KNOXVILLE
T2379,Male,"Apr 10, 1971",T2111,T19 52,Birth/Ha tch,"Apr 10, 1971",DENVER
,,,,,Death,"Apr 26, 1971",DENVER
T2380,Female,"Apr 10, 1971",T2111,T19 52,Birth/Ha tch,"Apr 10, 1971",DENVER
,,,,,Death,"Apr 28, 1971",DENVER
T2381,Female,"Apr 18, 1971",T1961,"T18
09","Birth/Ha
tch","Apr 18, 1971",SAN ANTON
,,,,,Transfer,"Jun 04, 1971",PRIVATE
,,,,,GO LTF,"Jun 04, 1971",PRIVATE
T2382,Female,"Apr 18, 1971",T1961,"T18
09","Birth/Ha
tch","Apr 18, 1971",SAN ANTON
,,,,,Transfer,"Jun 04, 1971",PRIVATE
,,,,,GO LTF,"Jun 04, 1971",PRIVATE
T2383,Female,"Apr 18, 1971",T1961,T18 09,Birth/Ha tch,"Apr 18, 1971",SAN ANTON
,,,,,Transfer,"Jun 04, 1971",PRIVATE
,,,,,GO LTF,"Jun 04, 1971",PRIVATE
T2384,Male,"Apr 23, 1971 +/- 15 day",UND,UND,"Birth/Ha
tch","Apr 23, 1971 +/- 15 day",TOPEKA
,,,,,Transfer,"Aug 23, 1971",CHICAGOLP
,,,,,Transfer,"Mar 18, 1975",PRIVATE
,,,,,GO LTF,"Mar 18, 1975",PRIVATE
T2385,Male,"May 13, 1971 +/-
6 month",UND,UND,"Birth/Ha
tch","May 13, 1971 +/-
6 month",Undetermined
,,,,,Transfer,Undetermined,W PALM BE
,,,,,Transfer,"May 13, 1981",KINGS ISL
,,,,,Transfer,"Mar 23, 1983",PRIVATE
,,,,,GO LTF,"Mar 23, 1983",PRIVATE
T2386,Male,"May 14, 1971",T1961,T16 23,Birth/Ha tch,"May 14, 1971",SAN ANTON
,,,,,Transfer,"Jul 05, 1971",PRIVATE
,,,,,GO LTF,"Jul 05, 1971",PRIVATE
T2387,Male,"May 14, 1971",T1961,"T16
23","Birth/Ha
tch","May 14, 1971",SAN ANTON
,,,,,Transfer,"Jul 05, 1971",PRIVATE
,,,,,GO LTF,"Jul 05, 1971",PRIVATE
T2388,Female,"Jul 11, 1971",T2004,"T20
56","Birth/Ha
tch","Jul 11, 1971",TUCSON
,,,,,Transfer,"Aug 27, 1971",SD-WAP
,,,,,Death,"Oct 14, 1981",SD-WAP
T2389,Male,"May 18, 1971",UND,UND,"Birth/Ha
tch","May 18, 1971",TUCSON
,,,,,Transfer,"May 20, 1971",SD-WAP
,,,,,Transfer,"Jan 29, 1973",PRIVATE
,,,,,GO LTF,"Jan 29, 1973",PRIVATE
T2390,Male,"May 18, 1971",UND,UND,Birth/Ha tch,"May 18, 1971",TUCSON
,,,,,Transfer,"May 20, 1971",SD-WAP
,,,,,Death,"Jul 25, 1971",SD-WAP
T2391,Female,"Jul 11, 1971",T2004,"T20
56","Birth/Ha
tch","Jul 11, 1971",TUCSON
,,,,,Transfer,"Aug 27, 1971",SD-WAP
,,,,,Death,"Oct 14, 1981",SD-WAP
T2392,Male,"May 25, 1971 +/-
6 month",UND,UND,Birth/Ha tch,"May 25, 1971 +/-
6 month",Undetermined
,,,,,Transfer,Undetermined,PRIVATE
,,,,,Transfer,"May 27, 1971",NORRISTOW
,,,,,GO LTF,"May 27, 1971",NORRISTOW
T2394,Male,"May 27, 1971",UND,UND,"Birth/Ha
tch","May 27, 1971",TOPEKA
,,,,,Transfer,"Oct 19, 1971",PRIVATE
,,,,,GO LTF,"Oct 19, 1971",PRIVATE
T2395,Female,"May 27, 1971",UND,UND,"Birth/Ha
tch","May 27, 1971",TOPEKA
,,,,,Transfer,"Aug 23, 1971",CHICAGOLP
,,,,,Death,"Mar 08, 1974",CHICAGOLP
T2396,Male,"May 28, 1971",UND,UND,"Birth/Ha
tch","May 28, 1971",PRIVATE
,,,,,Transfer,Undetermined,PRIVATE
,,,,,Transfer,"Jun 18, 1971",KNOXVILLE
,,,,,Death,"Mar 31, 1987",KNOXVILLE
T2397,Female,"May 30, 1971",T2005,UND,"Birth/Ha
tch","May 30, 1971",NORFOLK
,,,,,Death,"Jul 03, 1985",NORFOLK
T2398,Male,"May 31, 1971",T1619,"T16
18","Birth/Ha
tch","May 31, 1971",CHICAGOLP
,,,,,Transfer,"Mar 18, 1975",PRIVATE
,,,,,GO LTF,"Mar 18, 1975",PRIVATE
T2399,Female,"May 31, 1971",T1619,"T16
18","Birth/Ha
tch","May 31, 1971",CHICAGOLP
,,,,,Transfer,"Mar 18, 1975",PRIVATE
,,,,,GO LTF,"Mar 18, 1975",PRIVATE
T2400,Male,"Jun 01, 1971",UND,"T20
68","Birth/Ha
tch","Jun 01, 1971",HONOLULU
,,,,,Death,"Sep 01, 1984",HONOLULU
T2401,Female,"Jun 07, 1971 +/-
6 month",UND,UND,"Birth/Ha
tch","Jun 07, 1971 +/-
6 month",Undetermined
,,,,,Transfer,Undetermined,PRIVATE
,,,,,Transfer,"Jun 09, 1971",NORRISTOW
,,,,,GO LTF,"Jun 09, 1971",NORRISTOW
T2402,Male,"Jun 18, 1971 +/- 15 day",UND,UND,"Birth/Ha
tch","Jun 18, 1971 +/- 15 day",Undetermined
,,,,,Transfer,Undetermined,PRIVATE
,,,,,Transfer,"Jan 18, 1972",FORTWORTH
,,,,,Transfer,"Nov 29, 1974",PRIVATE
,,,,,GO LTF,"Nov 29, 1974",PRIVATE
T2403,Female,"Jun 23, 1971 +/-
6 month",UND,UND,Birth/Ha tch,"Jun 23, 1971 +/-
6 month",Undetermined
,,,,,Transfer,Undetermined,PRIVATE
,,,,,Transfer,"Jun 23, 1975",LOSANGELE
,,,,,Transfer,"Apr 05, 1976",PRIVATE
,,,,,GO LTF,"Apr 05, 1976",PRIVATE
T2404,Female,"Jun 23, 1971 +/-
6 month",UND,UND,"Birth/Ha
tch","Jun 23, 1971 +/-
6 month",Undetermined
,,,,,Transfer,Undetermined,PRIVATE
,,,,,Transfer,"Jun 23, 1975",LOSANGELE
,,,,,Transfer,"Apr 05, 1976",PRIVATE
,,,,,GO LTF,"Apr 05, 1976",PRIVATE
T2405,Female,"Jul 04, 1971",T1452,"T18
26","Birth/Ha
tch","Jul 04, 1971",SAN FRAN
,,,,,Death,"Oct 01, 1993",SAN FRAN
T2406,Female,"Jul 05, 1971",UND,T18 79,Birth/Ha tch,"Jul 05, 1971",ST PAUL
,,,,,Transfer,"Oct 30, 1972",MADISON
,,,,,GO LTF,"Oct 30, 1972",MADISON
T2407,Female,"Jul 05, 1971",UND,"T18
79","Birth/Ha
tch","Jul 05, 1971",ST PAUL
,,,,,Transfer,"Dec 31, 1971",PRIVATE
,,,,,GO LTF,"Dec 31, 1971",PRIVATE
T2408,Male,"Jul 05, 1971",UND,"T18
79","Birth/Ha
tch","Jul 05, 1971",ST PAUL
,,,,,Transfer,"Dec 31, 1971",PRIVATE
,,,,,GO LTF,"Dec 31, 1971",PRIVATE
T2409,Male,"Jul 07, 1971",UND,UND,"Birth/Ha
tch","Jul 07, 1971",COLO SPRG
,,,,,Transfer,"Feb 14, 1975",INDIANAPL
,,,,,Death,"May 27, 1987",INDIANAPL
T2410,Male,"Jul 09, 1971",UND,UND,"Birth/Ha
tch","Jul 09, 1971",SANDIEGOZ
,,,,,Transfer,"Aug 27, 1971",SD-WAP
,,,,,Transfer,"Jan 29, 1973",PRIVATE
,,,,,GO LTF,"Jan 29, 1973",PRIVATE
T2411,Male,"Jul 11, 1971",T2004,T20 56,Birth/Ha tch,"Jul 11, 1971",TUCSON
,,,,,Transfer,"Aug 27, 1971",SD-WAP
,,,,,Transfer,"Jan 29, 1973",PRIVATE
,,,,,GO LTF,"Jan 29, 1973",PRIVATE
T2412,Male,"Jul 21, 1971",UND,UND,"Birth/Ha
tch","Jul 21, 1971",SANDIEGOZ
,,,,,Transfer,"Aug 27, 1971",SD-WAP
,,,,,Transfer,"Jan 29, 1973",PRIVATE
,,,,,GO LTF,"Jan 29, 1973",PRIVATE
T2413,Female,"Jul 21, 1971",UND,UND,"Birth/Ha
tch","Jul 21, 1971",SANDIEGOZ
,,,,,Transfer,"Aug 27, 1971",SD-WAP
,,,,,Transfer,"Jan 29, 1973",PRIVATE
,,,,,GO LTF,"Jan 29, 1973",PRIVATE
T2414,Male,"Jul 21, 1971",UND,UND,Birth/Ha tch,"Jul 21, 1971",OMAHA
,,,,,Transfer,"Jun 07, 1972",UNDETERMI
,,,,,GO LTF,"Jun 07, 1972",UNDETERMI
T2415,Male,"Jul 21, 1971",UND,UND,Birth/Ha tch,"Jul 21, 1971",OMAHA
,,,,,Transfer,"Jun 07, 1972",UNDETERMI
,,,,,GO LTF,"Jun 07, 1972",UNDETERMI
T2416,Male,"Jul 31, 1971",UND,T18 65,Birth/Ha tch,"Jul 31, 1971",ST PAUL
,,,,,Transfer,"Sep 09, 1971",PRIVATE
,,,,,GO LTF,"Sep 09, 1971",PRIVATE
T2417,Female,"Jul 31, 1971",UND,"T18
65","Birth/Ha
tch","Jul 31, 1971",ST PAUL
,,,,,Transfer,"Oct 28, 1971",PRIVATE
,,,,,GO LTF,"Oct 28, 1971",PRIVATE
T2419,Female,"Aug 05, 1971",UND,UND,Birth/Ha tch,"Aug 05, 1971",OMAHA
,,,,,Transfer,"Aug 24, 1972",CLEVELAND
,,,,,Transfer,"Oct 06, 1977",PRIVATE
,,,,,GO LTF,"Oct 06, 1977",PRIVATE
T2420,Female,"Aug 05, 1971",UND,UND,"Birth/Ha
tch","Aug 05, 1971",OMAHA
,,,,,Transfer,"Aug 24, 1972",CLEVELAND
,,,,,Death,"Nov 17, 1987",CLEVELAND
T2421,Male,"Aug 05, 1971",UND,UND,"Birth/Ha
tch","Aug 05, 1971",OMAHA
,,,,,Transfer,"Aug 16, 1971",UNDETERMI
,,,,,GO LTF,"Aug 16, 1971",UNDETERMI
T2422,Male,"Aug 05, 1971",UND,UND,Birth/Ha tch,"Aug 05, 1971",OMAHA
,,,,,Transfer,"Aug 16, 1971",UNDETERMI
,,,,,GO LTF,"Aug 16, 1971",UNDETERMI
T2425,Undeter mined,"Aug 11, 1971",T2111,T19 51,Birth/Ha tch,"Aug 11, 1971",DENVER
,,,,,Death,"Sep 03, 1971",DENVER
T2426,Female,"Aug 11, 1971",T2111,"T19
51","Birth/Ha
tch","Aug 11, 1971",DENVER
,,,,,Transfer,"Feb 23, 1972",PRIVATE
,,,,,GO LTF,"Feb 23, 1972",PRIVATE
T2427,Female,"Aug 15, 1971 +/- 1 day",UND,UND,"Birth/Ha
tch","Aug 15, 1971 +/- 1 day",Undetermined
,,,,,Transfer,Undetermined,PRIVATE
,,,,,Transfer,"Aug 17, 1972",GREENVISC
,,,,,Death,"Mar 02, 1983",GREENVISC
T2429,Female,"Aug 24, 1971",UND,UND,"Birth/Ha
tch","Aug 24, 1971",OMAHA
,,,,,Transfer,"Aug 23, 1972",SEDGWICK
,,,,,Death,"Jun 23, 1978",SEDGWICK
T2430,Female,"Aug 31, 1971 +/-
6 month",UND,UND,"Birth/Ha
tch","Aug 31, 1971 +/-
6 month",Undetermined
,,,,,Transfer,Undetermined,PRIVATE
,,,,,Transfer,"Aug 31, 1974",SIOUX FAL
,,,,,GO LTF,"Aug 31, 1974",SIOUX FAL
T2431,Female,"Sep 01, 1971",T1458,T17 44,Birth/Ha tch,"Sep 01, 1971",KNOXVILLE
,,,,,Death,"Nov 03, 1987",KNOXVILLE
T2432,Female,"Sep 01, 1971",T1458,"T17
44","Birth/Ha
tch","Sep 01, 1971",KNOXVILLE
,,,,,Death,"Aug 01, 1986",KNOXVILLE
T2435,Male,"Sep 17, 1971",T1912,"T20
07","Birth/Ha
tch","Sep 17, 1971",FORTWORTH
,,,,,Transfer,"Apr 06, 1972",PRIVATE
,,,,,GO LTF,"Apr 06, 1972",PRIVATE
T2436,Male,"Sep 17, 1971",T1912,T20 07,Birth/Ha tch,"Sep 17, 1971",FORTWORTH
,,,,,Death,"Mar 03, 1972",FORTWORTH
T2437,Male,"Sep 17, 1971",T1912,T20 07,Birth/Ha tch,"Sep 17, 1971",FORTWORTH
,,,,,Transfer,"Mar 18, 1972",PRIVATE
,,,,,GO LTF,"Mar 18, 1972",PRIVATE
T2438,Male,"Sep 24, 1971",T1762,"T20
91","Birth/Ha
tch","Sep 24, 1971",CHICAGOBR
,,,,,Transfer,"Apr 06, 1972",GLEN OAK
,,,,,Death,"Sep 27, 1985",GLEN OAK
T2439,Female,"Sep 24, 1971",T1762,T20 91,Birth/Ha tch,"Sep 24, 1971",CHICAGOBR
,,,,,Transfer,"Apr 06, 1972",GLEN OAK
,,,,,GO LTF,"Apr 06, 1972",GLEN OAK
T2440,Female,"Sep 26, 1971 +/- 1 day",UND,UND,"Birth/Ha
tch","Sep 26, 1971 +/- 1 day",ABILENE
,,,,,Transfer,"Sep 26, 1971",HOUSTON
,,,,,Death,"Sep 19, 1991",HOUSTON
T2441,Male,"Oct 03, 1971",UND,UND,Birth/Ha tch,"Oct 03, 1971",SAN ANTON
,,,,,Transfer,"Dec 20, 1971",PRIVATE
,,,,,GO LTF,"Dec 20, 1971",PRIVATE
T2442,Male,"Oct 03, 1971",UND,UND,"Birth/Ha
tch","Oct 03, 1971",SAN ANTON
,,,,,Transfer,"Dec 20, 1971",PRIVATE
,,,,,GO LTF,"Dec 20, 1971",PRIVATE
T2443,Female,"Oct 03, 1971",UND,UND,"Birth/Ha
tch","Oct 03, 1971",SAN ANTON
,,,,,Transfer,"Dec 20, 1971",PRIVATE
,,,,,GO LTF,"Dec 20, 1971",PRIVATE
T2444,Male,"Oct 04, 1971",T1722,"T20
27","Birth/Ha
tch","Oct 04, 1971",MEMPHIS
,,,,,Transfer,"Aug 26, 1972",ANIMALES
,,,,,Transfer,"Aug 30, 1972",WINSTON
,,,,,Transfer,"May 13, 1978",J SCHULZ
,,,,,GO LTF,"May 13, 1978",J SCHULZ
T2445,Female,"Oct 04, 1971",T1722,"T20
27","Birth/Ha
tch","Oct 04, 1971",MEMPHIS
,,,,,Transfer,"Aug 26, 1972",PRIVATE
,,,,,GO LTF,"Aug 26, 1972",PRIVATE
T2446,"Undeter
mined","Oct 04, 1971",T1722,"T20
27","Birth/Ha
tch","Oct 04, 1971",MEMPHIS
,,,,,Death,"Oct 04, 1971",MEMPHIS
T2448,Male,"Oct 06, 1971 +/- 15 day",UND,UND,"Birth/Ha
tch","Oct 06, 1971 +/- 15 day",PRIVATE
,,,,,Transfer,"Apr 06, 1972",SD-WAP
,,,,,Transfer,"Jan 29, 1973",PRIVATE
,,,,,GO LTF,"Jan 29, 1973",PRIVATE
T2449,Male,"Oct 06, 1971",UND,UND,Birth/Ha tch,"Oct 06, 1971",PRIVATE
,,,,,Transfer,"Apr 06, 1972",SD-WAP
,,,,,Transfer,"Jan 29, 1973",PRIVATE
,,,,,GO LTF,"Jan 29, 1973",PRIVATE
T2450,Male,"Oct 06, 1971",UND,UND,Birth/Ha tch,"Oct 06, 1971",PRIVATE
,,,,,Transfer,"Apr 06, 1972",SD-WAP
,,,,,Transfer,"Jan 29, 1973",PRIVATE
,,,,,GO LTF,"Jan 29, 1973",PRIVATE
T2451,Male,"Oct 07, 1971","_MUL
T24","T17
09","Birth/Ha
tch","Oct 07, 1971",CALGARY
,,,,,Transfer,"Feb 08, 1972",PRIVATE
,,,,,GO LTF,"Feb 08, 1972",PRIVATE
T2452,Female,"Oct 07, 1971","_MUL
T24","T17
09","Birth/Ha
tch","Oct 07, 1971",CALGARY
,,,,,Transfer,"Dec 16, 1971",PRIVATE
,,,,,GO LTF,"Dec 16, 1971",PRIVATE
T2453,Female,"Oct 07, 1971","_MUL
T24","T17
09","Birth/Ha
tch","Oct 07, 1971",CALGARY
,,,,,Transfer,"Feb 08, 1972",PRIVATE
,,,,,GO LTF,"Feb 08, 1972",PRIVATE
T2454,Male,"Oct 13, 1971 +/-
6 month",UND,UND,"Birth/Ha
tch","Oct 13, 1971 +/-
6 month",Undetermined
,,,,,Transfer,Undetermined,PRIVATE
,,,,,Transfer,"Oct 13, 1975",BALTIMORE
,,,,,Death,"Nov 25, 1975",BALTIMORE
T2455,Female,Undetermined,UND,UND,Birth/Ha tch,Undetermined,PRIVATE
,,,,,Transfer,"Apr 24, 1972",SD-WAP
,,,,,Transfer,"Dec 15, 1981",SANDIEGOZ
,,,,,GO LTF,"Dec 15, 1981",SANDIEGOZ
T2456,Female,"Oct 27, 1971",UND,UND,"Birth/Ha
tch","Oct 27, 1971",PRIVATE
,,,,,Transfer,"Apr 24, 1972",SD-WAP
,,,,,Transfer,"Dec 15, 1981",SANDIEGOZ
,,,,,Transfer,"Aug 15, 1983",PRIVATE
,,,,,GO LTF,"Aug 15, 1983",PRIVATE
T2457,Female,"Nov 02, 1971 +/-
6 month",UND,UND,"Birth/Ha
tch","Nov 02, 1971 +/-
6 month",Undetermined
,,,,,Transfer,Undetermined,PRIVATE
,,,,,Transfer,"Nov 02, 1973",SAN ANTON
,,,,,Death,"Jan 10, 1980",SAN ANTON
T2458,Male,"Nov 02, 1971 +/-
6 month",UND,UND,"Birth/Ha
tch","Nov 02, 1971 +/-
6 month",Undetermined
,,,,,Transfer,Undetermined,PRIVATE
,,,,,Transfer,"Nov 02, 1973",SAN ANTON
,,,,,Death,"Apr 12, 1979",SAN ANTON
T2459,Male,"Nov 05, 1971",T1961,T16 23,Birth/Ha tch,"Nov 05, 1971",SAN ANTON
,,,,,Transfer,"Jan 18, 1972",PRIVATE
,,,,,GO LTF,"Jan 18, 1972",PRIVATE
T2460,Male,"Nov 05, 1971",T1961,"T16
23","Birth/Ha
tch","Nov 05, 1971",SAN ANTON
,,,,,Transfer,"Jan 18, 1972",PRIVATE
,,,,,GO LTF,"Jan 18, 1972",PRIVATE
T2461,Female,"Nov 05, 1971",T1961,"T16
23","Birth/Ha
tch","Nov 05, 1971",SAN ANTON
,,,,,Death,"Jan 07, 1972",SAN ANTON
T2462,Undeter mined,"Nov 16, 1971",T1860,T18 72,Birth/Ha tch,"Nov 16, 1971",BUFFALO
,,,,,Transfer,"Apr 24, 1972",UNDETERMI
,,,,,GO LTF,"Apr 24, 1972",UNDETERMI
T2463,Undeter mined,"Nov 16, 1971",T1860,T18 72,Birth/Ha tch,"Nov 16, 1971",BUFFALO
,,,,,Transfer,"Apr 24, 1972",UNDETERMI
,,,,,GO LTF,"Apr 24, 1972",UNDETERMI
T2464,Male,"Nov 24, 1971",T2128,T17 92,Birth/Ha tch,"Nov 24, 1971",PHOENIX
,,,,,Transfer,"Nov 13, 1972",PRIVATE
,,,,,GO LTF,"Nov 13, 1972",PRIVATE
T2465,Male,"Nov 24, 1971",T2128,"T17
92","Birth/Ha
tch","Nov 24, 1971",PHOENIX
,,,,,Transfer,"Nov 13, 1972",PRIVATE
,,,,,GO LTF,"Nov 13, 1972",PRIVATE
T2466,Female,"Dec 01, 1971",UND,T18 79,Birth/Ha tch,"Dec 01, 1971",ST PAUL
,,,,,Transfer,"Dec 31, 1972",PRIVATE
,,,,,GO LTF,"Dec 31, 1972",PRIVATE
T2467,Female,"Dec 01, 1971",UND,"T18
79","Birth/Ha
tch","Dec 01, 1971",ST PAUL
,,,,,Transfer,"Dec 31, 1972",PRIVATE
,,,,,GO LTF,"Dec 31, 1972",PRIVATE
T2468,Male,"Dec 11, 1971",UND,UND,Birth/Ha tch,"Dec 11, 1971",SANDIEGOZ
,,,,,Transfer,"Oct 30, 1972",SD-WAP
,,,,,Transfer,"Jan 30, 1973",PRIVATE
,,,,,GO LTF,"Jan 30, 1973",PRIVATE
T2469,Female,"Dec 11, 1971",UND,UND,"Birth/Ha
tch","Dec 11, 1971",SANDIEGOZ
,,,,,Transfer,"Oct 30, 1972",SD-WAP
,,,,,Transfer,"Jan 30, 1973",PRIVATE
,,,,,GO LTF,"Jan 30, 1973",PRIVATE
T2470,Male,"Dec 19, 1971",T2111,"T19
52","Birth/Ha
tch","Dec 19, 1971",DENVER
,,,,,Transfer,"Oct 04, 1972",SEDGWICK
,,,,,Death,"Aug 08, 1988",SEDGWICK
T2471,Female,"Dec 19, 1971",T2111,T19 52,Birth/Ha tch,"Dec 19, 1971",DENVER
,,,,,Transfer,"Nov 30, 1977",COLUMBIA
,,,,,Death,"Jan 06, 1993",COLUMBIA
T2472,Male,"Dec 19, 1971",T2111,"T19
52","Birth/Ha
tch","Dec 19, 1971",DENVER
,,,,,Transfer,"Oct 04, 1972",WICHITA
,,,,,GO LTF,"Oct 04, 1972",WICHITA
T2474,Male,"Jan 01, 1972",UND,UND,"Birth/Ha
tch","Jan 01, 1972",W PALM BE
,,,,,Death,"Mar 13, 1989",W PALM BE
T2475,Female,"Jan 04, 1972",UND,UND,Birth/Ha tch,"Jan 04, 1972",TOLEDO
,,,,,Transfer,Undetermined,PRIVATE
,,,,,Transfer,"Mar 01, 1972",PHILADELP
,,,,,Transfer,"Sep 12, 1977",WILMINGTN
,,,,,Death,"Jun 10, 1985",WILMINGTN
T2476,Female,"Feb 01, 1972 +/- 15 day",UND,UND,Birth/Ha tch,"Feb 01, 1972 +/- 15 day",Undetermined
,,,,,Transfer,"Aug 30, 1972",WINSTON
,,,,,Transfer,"Jun 21, 1983",UNDETERMI
,,,,,GO LTF,"Jun 21, 1983",UNDETERMI
T2477,Undeter mined,"Feb 17, 1972",_MUL T24,T17 09,Birth/Ha tch,"Feb 17, 1972",CALGARY
,,,,,Death,"Feb 17, 1972",CALGARY
T2478,Female,"Feb 29, 1972 +/- 1 day",UND,UND,Birth/Ha tch,"Feb 29, 1972 +/- 1 day",Undetermined
,,,,,Transfer,"Aug 30, 1972",WINSTON
,,,,,Death,"Mar 04, 1988",WINSTON
T2479,Female,"Mar 12, 1972",T2111,"T19
51","Birth/Ha
tch","Mar 12, 1972",DENVER
,,,,,Transfer,"May 16, 1972",SOUTHWICK
,,,,,GO LTF,"May 16, 1972",SOUTHWICK
T2480,Male,"Mar 12, 1972",T2111,"T19
51","Birth/Ha
tch","Mar 12, 1972",DENVER
,,,,,Transfer,"May 16, 1972",PRIVATE
,,,,,GO LTF,"May 16, 1972",PRIVATE
T2481,"Undeter
mined","Mar 12, 1972",T2111,"T19
51","Birth/Ha
tch","Mar 12, 1972",DENVER
,,,,,Death,"Mar 13, 1972",DENVER
T2482,"Undeter
mined","Mar 12, 1972",T2111,"T19
51","Birth/Ha
tch","Mar 12, 1972",DENVER
,,,,,Death,"Mar 13, 1972",DENVER
T2483,Female,"Mar 23, 1972",T2102,"T19
91","Birth/Ha
tch","Mar 23, 1972",MILWAUKEE
,,,,,Death,"Apr 16, 1972",MILWAUKEE
T2484,Female,"Mar 23, 1972",T2102,"T19
91","Birth/Ha
tch","Mar 23, 1972",MILWAUKEE
,,,,,Transfer,"Sep 08, 1972",PRIVATE
,,,,,GO LTF,"Sep 08, 1972",PRIVATE
T2485,Male,"Mar 23, 1972",T2102,"T19
91","Birth/Ha
tch","Mar 23, 1972",MILWAUKEE
,,,,,Transfer,"Sep 08, 1972",PRIVATE
,,,,,GO LTF,"Sep 08, 1972",PRIVATE
T2486,Male,"Mar 23, 1972",T2102,"T19
91","Birth/Ha
tch","Mar 23, 1972",MILWAUKEE
,,,,,Transfer,"Aug 16, 1972",PRIVATE
,,,,,GO LTF,"Aug 16, 1972",PRIVATE
T2487,Male,Undetermined,UND,UND,"Birth/Ha
tch",Undetermined,Undetermined
,,,,,Transfer,Undetermined,PRIVATE
,,,,,Transfer,"Mar 24, 1972",HOGLE
,,,,,Death,"Jan 05, 1990",HOGLE
T2488,Female,Undetermined,UND,UND,Birth/Ha tch,Undetermined,Undetermined
,,,,,Transfer,Undetermined,PRIVATE
,,,,,Transfer,"Mar 24, 1972",HOGLE
,,,,,Death,"Jun 25, 1987",HOGLE
T2489,Female,Undetermined,UND,UND,"Birth/Ha
tch",Undetermined,Undetermined
,,,,,Transfer,Undetermined,PRIVATE
,,,,,Transfer,"Mar 24, 1972",HOGLE
,,,,,Death,"Jun 25, 1987",HOGLE
T2490,Female,"Mar 25, 1972",T1762,"T20
91","Birth/Ha
tch","Mar 25, 1972",CHICAGOBR
,,,,,Death,"Nov 21, 1987",CHICAGOBR
T2491,Female,"Mar 26, 1972",T1860,"T18
72","Birth/Ha
tch","Mar 26, 1972",BUFFALO
,,,,,Transfer,"Apr 13, 1972",UNDETERMI
,,,,,GO LTF,"Apr 13, 1972",UNDETERMI
T2492,Female,"Apr 05, 1972",T1458,"T17
44","Birth/Ha
tch","Apr 05, 1972",KNOXVILLE
,,,,,Transfer,"Jun 02, 1974",EVANSVLLE
,,,,,Death,"Jan 24, 1995",EVANSVLLE
T2493,Male,"Apr 05, 1972",T1619,"T16
18","Birth/Ha
tch","Apr 05, 1972",CHICAGOLP
,,,,,Death,"Apr 05, 1972",CHICAGOLP
T2494,Male,"Apr 05, 1972",T1458,"T17
44","Birth/Ha
tch","Apr 05, 1972",KNOXVILLE
,,,,,Transfer,"Mar 17, 1978",PRIVATE
,,,,,GO LTF,"Mar 17, 1978",PRIVATE
T2495,Male,"Apr 11, 1972 +/-
6 month",UND,UND,Birth/Ha tch,"Apr 11, 1972 +/-
6 month",Undetermined
,,,,,Transfer,Undetermined,PRIVATE
,,,,,Transfer,"Apr 11, 1980",ASHEBORO
,,,,,Death,"Mar 16, 1990",ASHEBORO
T2496,Female,"Apr 14, 1972",T1912,"T20
07","Birth/Ha
tch","Apr 14, 1972",FORTWORTH
,,,,,Transfer,"Jan 16, 1973",PRIVATE
,,,,,GO LTF,"Jan 16, 1973",PRIVATE
T2497,Female,"Apr 14, 1972",T1912,T20 07,Birth/Ha tch,"Apr 14, 1972",FORTWORTH
,,,,,Transfer,"Jan 16, 1973",PRIVATE
,,,,,GO LTF,"Jan 16, 1973",PRIVATE
T2498,Male,"Apr 14, 1972",T1912,"T20
07","Birth/Ha
tch","Apr 14, 1972",FORTWORTH
,,,,,Transfer,"Jan 16, 1973",PRIVATE
,,,,,GO LTF,"Jan 16, 1973",PRIVATE
T2499,Female,"Apr 14, 1972",T1912,"T20
07","Birth/Ha
tch","Apr 14, 1972",FORTWORTH
,,,,,Transfer,"Jun 06, 1972",PRIVATE
,,,,,GO LTF,"Jun 06, 1972",PRIVATE
T2500,"Undeter
mined","Apr 21, 1972",UND,UND,"Birth/Ha
tch","Apr 21, 1972",ST PAUL
,,,,,Death,"Apr 21, 1972",ST PAUL
T2501,Female,"Apr 21, 1972",UND,UND,"Birth/Ha
tch","Apr 21, 1972",ST PAUL
,,,,,Transfer,"Oct 22, 1972",PRIVATE
,,,,,GO LTF,"Oct 22, 1972",PRIVATE
T2502,Female,"Apr 21, 1972",UND,UND,Birth/Ha tch,"Apr 21, 1972",ST PAUL
,,,,,Transfer,"Oct 22, 1972",PRIVATE
,,,,,GO LTF,"Oct 22, 1972",PRIVATE
T2503,Male,"Apr 21, 1972",T1961,"T18
09","Birth/Ha
tch","Apr 21, 1972",SAN ANTON
,,,,,Death,"May 17, 1972",SAN ANTON
T2504,Male,"Apr 21, 1972",T1961,T18 09,Birth/Ha tch,"Apr 21, 1972",SAN ANTON
,,,,,Transfer,"Jul 13, 1972",PRIVATE
,,,,,GO LTF,"Jul 13, 1972",PRIVATE
T2505,Female,"Apr 21, 1972",T1961,"T18
09","Birth/Ha
tch","Apr 21, 1972",SAN ANTON
,,,,,Transfer,"Jul 13, 1972",PRIVATE
,,,,,GO LTF,"Jul 13, 1972",PRIVATE
T2506,Female,"May 01, 1972 +/- 1 day",UND,UND,"Birth/Ha
tch","May 01, 1972 +/- 1 day",Undetermined
,,,,,Transfer,Undetermined,PRIVATE
,,,,,Transfer,"Aug 31, 1974",SIOUX FAL
,,,,,Transfer,"Jul 31, 1984 +/- 6 month",UNDETERMI
,,,,,GO LTF,"Jul 31, 1984 +/- 6 month",UNDETERMI
T2507,Male,"May 02, 1972",T1845,"T21
58","Birth/Ha
tch","May 02, 1972",SAN FRAN
,,,,,Death,"Apr 21, 1991",SAN FRAN
T2508,Male,"May 03, 1972 +/-
6 month",UND,UND,"Birth/Ha
tch","May 03, 1972 +/-
6 month",Undetermined
,,,,,Transfer,Undetermined,PRIVATE
,,,,,Transfer,"May 04, 1976",LOSANGELE
,,,,,Transfer,"May 27, 1977",PRIVATE
,,,,,GO LTF,"May 27, 1977",PRIVATE
T2516,Male,"May 15, 1972",T2004,"T20
56","Birth/Ha
tch","May 15, 1972",TUCSON
,,,,,Transfer,"Jul 01, 1972",PRIVATE
,,,,,GO LTF,"Jul 01, 1972",PRIVATE
T2517,Female,"May 15, 1972",T2004,T20 56,Birth/Ha tch,"May 15, 1972",TUCSON
,,,,,Transfer,"Jul 01, 1972",PRIVATE
,,,,,GO LTF,"Jul 01, 1972",PRIVATE
T2518,Female,"May 17, 1972",T1947,"T18
08","Birth/Ha
tch","May 17, 1972",JACKSONVL
,,,,,Transfer,"Jul 07, 1975",PRIVATE
,,,,,GO LTF,"Jul 07, 1975",PRIVATE
T2519,Female,"May 17, 1972",T1947,T18 08,Birth/Ha tch,"May 17, 1972",JACKSONVL
,,,,,Transfer,"Jul 07, 1975",PRIVATE
,,,,,GO LTF,"Jul 07, 1975",PRIVATE
T2520,Female,"May 17, 1972",T1947,"T18
08","Birth/Ha
tch","May 17, 1972",JACKSONVL
,,,,,Transfer,"Jul 07, 1975",PRIVATE
,,,,,GO LTF,"Jul 07, 1975",PRIVATE
T2521,Male,"May 24, 1972",T1722,"T20
27","Birth/Ha
tch","May 24, 1972",MEMPHIS
,,,,,Transfer,"Apr 15, 1974",PRIVATE
,,,,,GO LTF,"Apr 15, 1974",PRIVATE
T2522,Male,"May 24, 1972",T1722,T20 27,Birth/Ha tch,"May 24, 1972",MEMPHIS
,,,,,Transfer,"Apr 13, 1973",PRIVATE
,,,,,GO LTF,"Apr 13, 1973",PRIVATE
T2523,Female,"May 24, 1972",T1722,"T20
27","Birth/Ha
tch","May 24, 1972",MEMPHIS
,,,,,Transfer,"Apr 13, 1973",PRIVATE
,,,,,GO LTF,"Apr 13, 1973",PRIVATE
T2524,Male,"May 27, 1972",T2255,T21 36,Birth/Ha tch,"May 27, 1972",SD-WAP
,,,,,Transfer,"Jan 29, 1973",PRIVATE
,,,,,GO LTF,"Jan 29, 1973",PRIVATE
T2525,Male,"May 27, 1972",T2255,"T21
36","Birth/Ha
tch","May 27, 1972",SD-WAP
,,,,,Transfer,"Jan 29, 1973",PRIVATE
,,,,,GO LTF,"Jan 29, 1973",PRIVATE
T2526,Female,"May 27, 1972",T2255,T21 36,Birth/Ha tch,"May 27, 1972",SD-WAP
,,,,,Transfer,"Jan 29, 1973",PRIVATE
,,,,,GO LTF,"Jan 29, 1973",PRIVATE
T2527,Female,"May 27, 1972",T2255,"T21
36","Birth/Ha
tch","May 27, 1972",SD-WAP
,,,,,Transfer,"Jan 29, 1973",PRIVATE
,,,,,GO LTF,"Jan 29, 1973",PRIVATE
T2528,Male,"May 27, 1972",T2216,T21 36,Birth/Ha tch,"May 27, 1972",SD-WAP
,,,,,Transfer,"Jan 29, 1973",PRIVATE
,,,,,GO LTF,"Jan 29, 1973",PRIVATE
T2529,Male,"May 27, 1972",T2216,"T21
36","Birth/Ha
tch","May 27, 1972",SD-WAP
,,,,,Transfer,"Jan 29, 1973",PRIVATE
,,,,,GO LTF,"Jan 29, 1973",PRIVATE
T2530,Female,"May 27, 1972",T2216,"T21
36","Birth/Ha
tch","May 27, 1972",SD-WAP
,,,,,Transfer,"Jan 29, 1973",PRIVATE
,,,,,GO LTF,"Jan 29, 1973",PRIVATE
T2531,Female,"May 27, 1972",T2216,T21 36,Birth/Ha tch,"May 27, 1972",SD-WAP
,,,,,Transfer,"Jan 29, 1973",PRIVATE
,,,,,GO LTF,"Jan 29, 1973",PRIVATE
T2532,Male,"May 28, 1972",UND,UND,"Birth/Ha
tch","May 28, 1972",OMAHA
,,,,,Transfer,"Aug 24, 1972",CLEVELAND
,,,,,Death,"Jul 15, 1994",CLEVELAND
T2533,Female,"May 28, 1972",UND,UND,Birth/Ha tch,"May 28, 1972",OMAHA
,,,,,Transfer,"Aug 24, 1972",CLEVELAND
,,,,,Death,"Dec 08, 1992",CLEVELAND
T2534,Female,"May 28, 1972",UND,UND,"Birth/Ha
tch","May 28, 1972",OMAHA
,,,,,Transfer,"Aug 22, 1972",W PALM BE
,,,,,GO LTF,"Aug 22, 1972",W PALM BE
T2535,Female,"May 28, 1972",UND,UND,Birth/Ha tch,"May 28, 1972",OMAHA
,,,,,Transfer,"Aug 22, 1972",W PALM BE
,,,,,GO LTF,"Aug 22, 1972",W PALM BE
T2536,Male,"May 31, 1972 +/- 15 day",UND,UND,"Birth/Ha
tch","May 31, 1972 +/- 15 day",PRIVATE
,,,,,Transfer,"May 02, 1975",EL PASO
,,,,,Death,"May 28, 1982",EL PASO
T2538,Undeter mined,"Jun 07, 1972",T1944,UND,Birth/Ha tch,"Jun 07, 1972",BALTIMORE
,,,,,Transfer,"Mar 26, 1973",PRIVATE
,,,,,GO LTF,"Mar 26, 1973",PRIVATE
T2539,Male,"Jun 11, 1972",UND,UND,"Birth/Ha
tch","Jun 11, 1972",TOPEKA
,,,,,Transfer,"May 17, 1973",PRIVATE
,,,,,GO LTF,"May 17, 1973",PRIVATE
T2540,Female,"Jun 11, 1972",UND,UND,"Birth/Ha
tch","Jun 11, 1972",TOPEKA
,,,,,Transfer,"May 17, 1973",PRIVATE
,,,,,GO LTF,"May 17, 1973",PRIVATE
T2541,Female,"Jun 11, 1972",UND,UND,Birth/Ha tch,"Jun 11, 1972",TOPEKA
,,,,,Transfer,"May 17, 1973",PRIVATE
,,,,,GO LTF,"May 17, 1973",PRIVATE
T2542,Male,"Jun 17, 1972",T1961,"T16
23","Birth/Ha
tch","Jun 17, 1972",SAN ANTON
,,,,,Transfer,"Sep 01, 1972",PRIVATE
,,,,,GO LTF,"Sep 01, 1972",PRIVATE
T2543,Male,"Jun 17, 1972",T1961,T16 23,Birth/Ha tch,"Jun 17, 1972",SAN ANTON
,,,,,Transfer,"Sep 01, 1972",PRIVATE
,,,,,GO LTF,"Sep 01, 1972",PRIVATE
T2544,Male,"Jun 17, 1972",T1961,"T16
23","Birth/Ha
tch","Jun 17, 1972",SAN ANTON
,,,,,Transfer,"Sep 01, 1972",PRIVATE
,,,,,GO LTF,"Sep 01, 1972",PRIVATE
T2545,Female,"Jun 17, 1972",T1961,T16 23,Birth/Ha tch,"Jun 17, 1972",SAN ANTON
,,,,,Transfer,"Sep 01, 1972",PRIVATE
,,,,,GO LTF,"Sep 01, 1972",PRIVATE
T2549,Female,"Jun 29, 1972",UND,UND,"Birth/Ha
tch","Jun 29, 1972",LOUISVILL
,,,,,Transfer,"Apr 30, 1980",PRIVATE
,,,,,GO LTF,"Apr 30, 1980",PRIVATE
T2550,Male,"Jun 29, 1972",UND,UND,Birth/Ha tch,"Jun 29, 1972",OMAHA
,,,,,Death,"Aug 28, 1972",OMAHA
T2551,Female,"Jun 29, 1972",UND,UND,Birth/Ha tch,"Jun 29, 1972",OMAHA
,,,,,Transfer,"Sep 21, 1972",PRIVATE
,,,,,GO LTF,"Sep 21, 1972",PRIVATE
T2552,"Undeter
mined","Jun 29, 1972",UND,UND,"Birth/Ha
tch","Jun 29, 1972",OMAHA
,,,,,Transfer,"Sep 21, 1972",PRIVATE
,,,,,GO LTF,"Sep 21, 1972",PRIVATE
T2553,Female,"Jun 29, 1972",UND,UND,Birth/Ha tch,"Jun 29, 1972",OMAHA
,,,,,Transfer,"Aug 23, 1972",SEDGWICK
,,,,,Death,"Jan 06, 1995",SEDGWICK
T2556,Female,"Jul 20, 1972",T1640,"T22
01","Birth/Ha
tch","Jul 20, 1972",NY BRONX
,,,,,Death,"Jul 29, 1972",NY BRONX
T2557,Male,"Jul 20, 1972",T1640,"T22
01","Birth/Ha
tch","Jul 20, 1972",NY BRONX
,,,,,Transfer,"Dec 29, 1972",PRIVATE
,,,,,GO LTF,"Dec 29, 1972",PRIVATE
T2558,Male,"Jul 21, 1972",T1640,T22 01,Birth/Ha tch,"Jul 21, 1972",NY BRONX
,,,,,Transfer,"Dec 29, 1972",PRIVATE
,,,,,GO LTF,"Dec 29, 1972",PRIVATE
T2560,Female,"Jul 24, 1972",T1762,"T20
91","Birth/Ha
tch","Jul 24, 1972",CHICAGOBR
,,,,,Transfer,"Jan 23, 1975",PRIVATE
,,,,,GO LTF,"Jan 23, 1975",PRIVATE
T2561,Female,"Jul 24, 1972",T1762,T20 91,Birth/Ha tch,"Jul 24, 1972",CHICAGOBR
,,,,,Death,"Jan 23, 1975",CHICAGOBR
T2562,Male,"Aug 01, 1972 +/- 1 day",UND,UND,Birth/Ha tch,"Aug 01, 1972 +/- 1 day",DALLAS
,,,,,Transfer,"May 06, 1973",HEMMINGFD
,,,,,Death,"May 18, 1973",HEMMINGFD
T2564,Male,"Aug 11, 1972",T1963,T17 76,Birth/Ha tch,"Aug 11, 1972",OKLAHOMA
,,,,,Transfer,"Sep 18, 1972",PRIVATE
,,,,,GO LTF,"Sep 18, 1972",PRIVATE
T2565,Female,"Aug 11, 1972",T1963,"T17
76","Birth/Ha
tch","Aug 11, 1972",OKLAHOMA
,,,,,Transfer,"Sep 18, 1972",PRIVATE
,,,,,GO LTF,"Sep 18, 1972",PRIVATE
T2567,Undeter mined,"Aug 19, 1972",T1619,T16 18,Birth/Ha tch,"Aug 19, 1972",CHICAGOLP
,,,,,Death,"Aug 24, 1972",CHICAGOLP
T2568,Undeter mined,"Aug 19, 1972",T1619,T16 18,Birth/Ha tch,"Aug 19, 1972",CHICAGOLP
,,,,,Death,"Aug 24, 1972",CHICAGOLP
T2569,"Undeter
mined","Aug 19, 1972",T1619,"T16
18","Birth/Ha
tch","Aug 19, 1972",CHICAGOLP
,,,,,Death,"Aug 24, 1972",CHICAGOLP
T2570,Male,"Aug 23, 1972",UND,UND,"Birth/Ha
tch","Aug 23, 1972",DICKERSON
,,,,,Transfer,"Dec 04, 1975",PRIVATE
,,,,,GO LTF,"Dec 04, 1975",PRIVATE
T2571,Female,"Aug 26, 1972",T1614,T16 13,Birth/Ha tch,"Aug 26, 1972",WINSTON
,,,,,Death,"Sep 18, 1979",WINSTON
T2572,Female,"Aug 26, 1972",T2102,T22 48,Birth/Ha tch,"Aug 26, 1972",MILWAUKEE
,,,,,Transfer,"Oct 19, 1973",PRIVATE
,,,,,GO LTF,"Oct 19, 1973",PRIVATE
T2573,Male,"Aug 26, 1972",T2102,"T22
48","Birth/Ha
tch","Aug 26, 1972",MILWAUKEE
,,,,,Transfer,"Oct 19, 1973",PRIVATE
,,,,,GO LTF,"Oct 19, 1973",PRIVATE
T2574,Female,"Aug 26, 1972",T2102,T22 48,Birth/Ha tch,"Aug 26, 1972",MILWAUKEE
,,,,,Transfer,"Oct 19, 1973",PRIVATE
,,,,,GO LTF,"Oct 19, 1973",PRIVATE
T2575,Female,"Sep 05, 1972",T2102,T19 91,Birth/Ha tch,"Sep 05, 1972",MILWAUKEE
,,,,,Transfer,"Sep 21, 1973",PRIVATE
,,,,,GO LTF,"Sep 21, 1973",PRIVATE
T2576,Male,"Sep 05, 1972",T2102,"T19
91","Birth/Ha
tch","Sep 05, 1972",MILWAUKEE
,,,,,Transfer,"Oct 19, 1973",PRIVATE
,,,,,GO LTF,"Oct 19, 1973",PRIVATE
T2577,Male,"Sep 05, 1972",T2102,T19 91,Birth/Ha tch,"Sep 05, 1972",MILWAUKEE
,,,,,Transfer,"Oct 19, 1973",PRIVATE
,,,,,GO LTF,"Oct 19, 1973",PRIVATE
T2578,Male,"Sep 05, 1972",T2102,"T19
91","Birth/Ha
tch","Sep 05, 1972",MILWAUKEE
,,,,,Transfer,"Oct 19, 1973",PRIVATE
,,,,,GO LTF,"Oct 19, 1973",PRIVATE
T2579,Male,Undetermined,UND,UND,"Birth/Ha
tch",Undetermined,Undetermined
,,,,,Transfer,Undetermined,PRIVATE
,,,,,Transfer,"Sep 09, 1972",BROWNSVIL
,,,,,Death,"Apr 28, 1974",BROWNSVIL
T2580,Male,"Sep 22, 1972",UND,UND,"Birth/Ha
tch","Sep 22, 1972",ST PAUL
,,,,,Transfer,"Mar 06, 1973",PRIVATE
,,,,,GO LTF,"Mar 06, 1973",PRIVATE
T2581,Female,"Sep 22, 1972",UND,UND,Birth/Ha tch,"Sep 22, 1972",ST PAUL
,,,,,Transfer,"Mar 06, 1973",PRIVATE
,,,,,GO LTF,"Mar 06, 1973",PRIVATE
T2582,Male,"Sep 22, 1972",UND,UND,"Birth/Ha
tch","Sep 22, 1972",NY BRONX
,,,,,Death,"Apr 21, 1992",NY BRONX
T2583,Female,"Sep 22, 1972",UND,UND,"Birth/Ha
tch","Sep 22, 1972",NY BRONX
,,,,,Transfer,"Mar 24, 1975",PRIVATE
,,,,,GO LTF,"Mar 24, 1975",PRIVATE
T2584,Male,"Oct 04, 1972",UND,UND,Birth/Ha tch,"Oct 04, 1972",DETROIT
,,,,,Transfer,"Oct 17, 1973",PORTLAND
,,,,,Death,"Mar 04, 1979",PORTLAND
T2585,Male,"Oct 08, 1972",MULT,"T23
62","Birth/Ha
tch","Oct 08, 1972",FORTWORTH
,,,,,Death,"Oct 08, 1972",FORTWORTH
T2586,Female,"Oct 11, 1972 +/-
6 month",UND,UND,"Birth/Ha
tch","Oct 11, 1972 +/-
6 month",Undetermined
,,,,,Transfer,Undetermined,PRIVATE
,,,,,Transfer,"Oct 13, 1975",BALTIMORE
,,,,,Death,"Nov 28, 1975",BALTIMORE
T2587,"Undeter
mined","Oct 15, 1972",T1860,"T18
72","Birth/Ha
tch","Oct 15, 1972",BUFFALO
,,,,,Transfer,"Dec 31, 1973",UNDETERMI
,,,,,GO LTF,"Dec 31, 1973",UNDETERMI
T2588,Male,"Oct 29, 1972",T1961,"T18
09","Birth/Ha
tch","Oct 29, 1972",SAN ANTON
,,,,,Transfer,"Jan 25, 1973",PRIVATE
,,,,,GO LTF,"Jan 25, 1973",PRIVATE
T2589,Female,"Oct 29, 1972",T1961,T18 09,Birth/Ha tch,"Oct 29, 1972",SAN ANTON
,,,,,Transfer,"Jan 25, 1973",PRIVATE
,,,,,GO LTF,"Jan 25, 1973",PRIVATE
T2590,Female,"Oct 29, 1972",T1961,"T18
09","Birth/Ha
tch","Oct 29, 1972",SAN ANTON
,,,,,Transfer,"Jan 25, 1973",PRIVATE
,,,,,GO LTF,"Jan 25, 1973",PRIVATE
T2591,Female,"Oct 29, 1972",T1961,T18 09,Birth/Ha tch,"Oct 29, 1972",SAN ANTON
,,,,,Transfer,"Jan 25, 1973",PRIVATE
,,,,,GO LTF,"Jan 25, 1973",PRIVATE
T2592,Female,"Oct 30, 1972 +/-
6 month",UND,UND,"Birth/Ha
tch","Oct 30, 1972 +/-
6 month",AUDUBON
,,,,,Transfer,"Oct 31, 1973",BIRMINGHM
,,,,,Death,"Feb 08, 1998",BIRMINGHM
T2593,Male,"Nov 02, 1972",T1912,"T20
07","Birth/Ha
tch","Nov 02, 1972",FORTWORTH
,,,,,Death,"Mar 07, 1973",FORTWORTH
T2594,Male,"Nov 02, 1972",T1912,"T20
07","Birth/Ha
tch","Nov 02, 1972",FORTWORTH
,,,,,Transfer,"Jun 24, 1973",PRIVATE
,,,,,GO LTF,"Jun 24, 1973",PRIVATE
T2595,Male,"Nov 02, 1972",T1912,T20 07,Birth/Ha tch,"Nov 02, 1972",FORTWORTH
,,,,,Transfer,"Jun 24, 1973",PRIVATE
,,,,,GO LTF,"Jun 24, 1973",PRIVATE
T2596,Male,"Nov 03, 1972",UND,"T18
65","Birth/Ha
tch","Nov 03, 1972",ST PAUL
,,,,,Transfer,"Nov 06, 1972",PRIVATE
,,,,,GO LTF,"Nov 06, 1972",PRIVATE
T2597,Female,"Nov 03, 1972",UND,"T18
65","Birth/Ha
tch","Nov 03, 1972",ST PAUL
,,,,,Transfer,"Dec 31, 1972",PRIVATE
,,,,,GO LTF,"Dec 31, 1972",PRIVATE
T2598,"Undeter
mined","Nov 26, 1972",T2111,"T19
51","Birth/Ha
tch","Nov 26, 1972",DENVER
,,,,,Death,"Nov 26, 1972",DENVER
T2599,Male,"Nov 26, 1972",T2111,"T19
51","Birth/Ha
tch","Nov 26, 1972",DENVER
,,,,,Transfer,"Mar 24, 1973",PRIVATE
,,,,,GO LTF,"Mar 24, 1973",PRIVATE
T2600,Female,"Nov 28, 1972 +/-
6 month",UND,UND,Birth/Ha tch,"Nov 28, 1972 +/-
6 month",TACOMA
,,,,,Transfer,Undetermined,PRIVATE
,,,,,Transfer,"Nov 29, 1973",PORTLAND
,,,,,Death,"Oct 16, 1988",PORTLAND
T2601,Female,"Nov 28, 1972 +/-
6 month",UND,UND,"Birth/Ha
tch","Nov 28, 1972 +/-
6 month",TACOMA
,,,,,Transfer,Undetermined,PRIVATE
,,,,,Transfer,"Nov 29, 1973",PORTLAND
,,,,,Death,"Sep 09, 1985",PORTLAND
T2602,Male,"Dec 06, 1972",T1452,"T18
26","Birth/Ha
tch","Dec 06, 1972",SAN FRAN
,,,,,Death,"Jun 09, 1978",SAN FRAN
T2603,Male,"Dec 10, 1972 +/- 1 day",UND,UND,"Birth/Ha
tch","Dec 10, 1972 +/- 1 day",Undetermined
,,,,,Transfer,Undetermined,UNDETERMI
,,,,,Transfer,"Apr 10, 1973",DENVER
,,,,,Transfer,"Apr 18, 1973",PRIVATE
,,,,,GO LTF,"Apr 18, 1973",PRIVATE
T2604,Male,Undetermined,UND,UND,"Birth/Ha
tch",Undetermined,Undetermined
,,,,,Transfer,Undetermined,PRIVATE
,,,,,Transfer,"Jan 01, 1973",W PALM BE
,,,,,Death,"Apr 01, 1990",W PALM BE
T2605,Male,Undetermined,UND,UND,"Birth/Ha
tch",Undetermined,Undetermined
,,,,,Transfer,Undetermined,PRIVATE
,,,,,Transfer,"Jan 01, 1973",ALEXANDRI
,,,,,Death,"Mar 17, 1993",ALEXANDRI
T2608,Male,"Jan 08, 1973",UND,UND,Birth/Ha tch,"Jan 08, 1973",PRIVATE
,,,,,Transfer,"Jul 28, 1973",COLO SPRG
,,,,,Transfer,"Nov 10, 1983",CHICAGOLP
,,,,,Death,"Mar 12, 1994",CHICAGOLP
T2609,Female,"Jan 08, 1973",UND,UND,"Birth/Ha
tch","Jan 08, 1973",PRIVATE
,,,,,Transfer,"Jul 28, 1973",COLO SPRG
,,,,,Transfer,"May 22, 1987",PRIVATE
,,,,,GO LTF,"May 22, 1987",PRIVATE
T2610,Female,"Jan 14, 1973",T1961,"T18
09","Birth/Ha
tch","Jan 14, 1973",SAN ANTON
,,,,,Death,"Apr 22, 1991",SAN ANTON
T2611,Male,"Jan 14, 1973",T1961,"T18
09","Birth/Ha
tch","Jan 14, 1973",SAN ANTON
,,,,,Death,"Jan 15, 1973",SAN ANTON
T2612,Female,"Jan 14, 1973",T1961,T18 09,Birth/Ha tch,"Jan 14, 1973",SAN ANTON
,,,,,Death,"Jan 14, 1973",SAN ANTON
T2613,Male,"May 30, 1973",T1722,"T20
27","Birth/Ha
tch","May 30, 1973",MEMPHIS
,,,,,Transfer,"Jan 16, 1974",BIRMINGHM
,,,,,Death,"May 29, 1986",BIRMINGHM
T2614,Female,Undetermined,UND,UND,"Birth/Ha
tch",Undetermined,Undetermined
,,,,,Transfer,Undetermined,PRIVATE
,,,,,Transfer,"Feb 09, 1973",MEMPHIS
,,,,,Transfer,"Apr 15, 1974",PRIVATE
,,,,,GO LTF,"Apr 15, 1974",PRIVATE
T2615,Female,"Feb 15, 1973",UND,UND,"Birth/Ha
tch","Feb 15, 1973",DOUGLASVI
,,,,,Transfer,"Mar 29, 1973",STONEHAM
,,,,,Death,"Jan 09, 1977",STONEHAM
T2616,Female,"Feb 19, 1973",UND,UND,"Birth/Ha
tch","Feb 19, 1973",DICKERSON
,,,,,Death,"Dec 11, 1996",DICKERSON
T2618,Female,"Feb 26, 1973",T1860,"T18
72","Birth/Ha
tch","Feb 26, 1973",BUFFALO
,,,,,Death,"Mar 04, 1973",BUFFALO
T2619,Female,"Feb 27, 1973 +/- 1 day",UND,UND,"Birth/Ha
tch","Feb 27, 1973 +/- 1 day",PRIVATE
,,,,,Transfer,"Mar 29, 1973",HOUSTON
,,,,,Death,"May 13, 1985",HOUSTON
T2620,Male,"Feb 27, 1973 +/- 1 day",UND,UND,Birth/Ha tch,"Feb 27, 1973 +/- 1 day",PRIVATE
,,,,,Transfer,"Mar 29, 1973",HOUSTON
,,,,,Death,"May 26, 1990",HOUSTON
T2621,Female,"Mar 01, 1973 +/- 15 day",UND,UND,"Birth/Ha
tch","Mar 01, 1973 +/- 15 day",PRIVATE
,,,,,Transfer,"May 02, 1975",EL PASO
,,,,,Death,"Jan 09, 1986",EL PASO
T2622,Female,"Mar 04, 1973",UND,T18 79,Birth/Ha tch,"Mar 04, 1973",ST PAUL
,,,,,Death,"Apr 08, 1973",ST PAUL
T2623,Female,"Mar 04, 1973",UND,T18 79,Birth/Ha tch,"Mar 04, 1973",ST PAUL
,,,,,Transfer,"Dec 31, 1973",PRIVATE
,,,,,GO LTF,"Dec 31, 1973",PRIVATE
T2624,Female,"Mar 11, 1973",UND,"T18
65","Birth/Ha
tch","Mar 11, 1973",ST PAUL
,,,,,Death,"Mar 11, 1973",ST PAUL
T2625,Female,"Mar 13, 1973",UND,"T18
65","Birth/Ha
tch","Mar 13, 1973",ST PAUL
,,,,,Transfer,"Dec 31, 1973",PRIVATE
,,,,,GO LTF,"Dec 31, 1973",PRIVATE
T2626,Male,"Mar 15, 1973 +/- 1 day",UND,UND,Birth/Ha tch,"Mar 15, 1973 +/- 1 day",Undetermined
,,,,,Transfer,Undetermined,PRIVATE
,,,,,Transfer,"Mar 16, 1986",MADISON
,,,,,Death,"Mar 28, 1997",MADISON
T2627,Male,"Mar 16, 1973",UND,UND,Birth/Ha tch,"Mar 16, 1973",PORTLAND
,,,,,Transfer,"Mar 16, 1973",PRIVATE
,,,,,GO LTF,"Mar 16, 1973",PRIVATE
T2628,Female,"Mar 24, 1973",UND,UND,"Birth/Ha
tch","Mar 24, 1973",PRIVATE
,,,,,Transfer,"Mar 29, 1973",STONEHAM
,,,,,Transfer,"Jan 01, 1989",FRANKLINP
,,,,,Death,"Dec 23, 1989",FRANKLINP
T2629,Female,"Apr 02, 1973 +/- 15 day",UND,UND,Birth/Ha tch,"Apr 02, 1973 +/- 15 day",PRIVATE
,,,,,Transfer,Undetermined,PRIVATE
,,,,,Transfer,"Nov 01, 1974",COLUMBIA
,,,,,Death,"Nov 02, 1974",COLUMBIA
T2630,Male,"Apr 08, 1973",T2111,"T19
52","Birth/Ha
tch","Apr 08, 1973",DENVER
,,,,,Death,"Apr 08, 1973",DENVER
T2631,Female,"Apr 11, 1973",T1458,T17 44,Birth/Ha tch,"Apr 11, 1973",KNOXVILLE
,,,,,Transfer,"Nov 20, 1974",PRIVATE
,,,,,Death,"Feb 10, 2000 +/-
6 month",PRIVATE
T2632,Female,"Apr 26, 1973",T2255,T21 36,Birth/Ha tch,"Apr 26, 1973",SANDIEGOZ
,,,,,Transfer,"May 03, 1973",SD-WAP
,,,,,Death,"Nov 22, 1976",SD-WAP
T2633,Male,"Apr 29, 1973",UND,UND,"Birth/Ha
tch","Apr 29, 1973",TOPEKA
,,,,,Transfer,"May 23, 1973",PRIVATE
,,,,,GO LTF,"May 23, 1973",PRIVATE
T2634,Female,"Apr 29, 1973",UND,UND,"Birth/Ha
tch","Apr 29, 1973",TOPEKA
,,,,,Transfer,"Jun 14, 1973",PRIVATE
,,,,,GO LTF,"Jun 14, 1973",PRIVATE
T2635,Female,"Apr 29, 1973",UND,UND,"Birth/Ha
tch","Apr 29, 1973",TOPEKA
,,,,,Transfer,"Jun 18, 1973",PRIVATE
,,,,,GO LTF,"Jun 18, 1973",PRIVATE
T2636,"Undeter
mined","Apr 29, 1973",UND,UND,"Birth/Ha
tch","Apr 29, 1973",TOPEKA
,,,,,Death,"Apr 29, 1973",TOPEKA
T2639,Male,Undetermined,UND,UND,"Birth/Ha
tch",Undetermined,DALLAS
,,,,,Transfer,"May 06, 1973",HEMMINGFD
,,,,,Death,"Jul 16, 1973",HEMMINGFD
T2640,Male,Undetermined,UND,UND,"Birth/Ha
tch",Undetermined,DALLAS
,,,,,Transfer,"May 06, 1973",HEMMINGFD
,,,,,Death,"Jul 16, 1973",HEMMINGFD
T2641,Female,"May 16, 1973 +/- 1 day",UND,UND,"Birth/Ha
tch","May 16, 1973 +/- 1 day",PRIVATE
,,,,,Transfer,"Jun 21, 1973",S BARBARA
,,,,,Death,"Dec 06, 1984",S BARBARA
T2642,Female,"May 16, 1973",T2059,UND,Birth/Ha tch,"May 16, 1973",JACKSON
,,,,,Transfer,"Jun 07, 1973",W PALM BE
,,,,,GO LTF,"Jun 07, 1973",W PALM BE
T2643,Male,"May 17, 1973 +/-
6 month",UND,UND,"Birth/Ha
tch","May 17, 1973 +/-
6 month",Undetermined
,,,,,Transfer,Undetermined,PRIVATE
,,,,,Transfer,"May 18, 1979",RACINE
,,,,,Death,"May 17, 1992",RACINE
T2644,Undeter mined,"May 20, 1973",T1619,T16 18,Birth/Ha tch,"May 20, 1973",CHICAGOLP
,,,,,Death,"May 20, 1973",CHICAGOLP
T2645,Male,"May 30, 1973",T1722,T20 27,Birth/Ha tch,"May 30, 1973",MEMPHIS
,,,,,Death,"May 30, 1973",MEMPHIS
T2646,Female,"May 30, 1973",T1722,"T20
27","Birth/Ha
tch","May 30, 1973",MEMPHIS
,,,,,Death,"Jul 10, 1976",MEMPHIS
T2648,Female,"May 30, 1973",T1722,"T20
27","Birth/Ha
tch","May 30, 1973",MEMPHIS
,,,,,Death,"Nov 25, 1986",MEMPHIS
T2649,Female,"May 30, 1973",T1722,"T20
27","Birth/Ha
tch","May 30, 1973",MEMPHIS
,,,,,Death,"Mar 06, 1989",MEMPHIS
T2650,Male,"May 31, 1973",T2111,"T19
52","Birth/Ha
tch","May 31, 1973",DENVER
,,,,,Transfer,"Oct 29, 1973",PRIVATE
,,,,,GO LTF,"Oct 29, 1973",PRIVATE
T2651,Male,"May 31, 1973",T2111,"T19
52","Birth/Ha
tch","May 31, 1973",DENVER
,,,,,Transfer,"Oct 29, 1973",PRIVATE
,,,,,GO LTF,"Oct 29, 1973",PRIVATE
T2652,Female,"May 31, 1973",T2111,"T19
52","Birth/Ha
tch","May 31, 1973",DENVER
,,,,,Transfer,"Oct 29, 1973",PRIVATE
,,,,,GO LTF,"Oct 29, 1973",PRIVATE
T2653,Female,"May 31, 1973",T2111,T19 52,Birth/Ha tch,"May 31, 1973",DENVER
,,,,,Transfer,"Oct 29, 1973",PRIVATE
,,,,,GO LTF,"Oct 29, 1973",PRIVATE
T2654,Female,"Jun 03, 1973",UND,"T23
62","Birth/Ha
tch","Jun 03, 1973",FORTWORTH
,,,,,Transfer,"Aug 07, 1973",PRIVATE
,,,,,GO LTF,"Aug 07, 1973",PRIVATE
T2655,Female,"Jun 11, 1973 +/- 15 day",UND,UND,"Birth/Ha
tch","Jun 11, 1973 +/- 15 day",DES MOINE
,,,,,Transfer,"Jul 12, 1974",TOPEKA
,,,,,Death,"Apr 02, 1976",TOPEKA
T2656,Male,"Jun 15, 1973 +/- 15 day",UND,UND,Birth/Ha tch,"Jun 15, 1973 +/- 15 day",TACOMA
,,,,,Transfer,"Mar 27, 1976",TORONTO
,,,,,Transfer,"May 27, 1977",PRIVATE
,,,,,GO LTF,"May 27, 1977",PRIVATE
T2657,Female,"Jun 15, 1973 +/- 15 day",UND,UND,"Birth/Ha
tch","Jun 15, 1973 +/- 15 day",TACOMA
,,,,,Transfer,"Mar 27, 1976",TORONTO
,,,,,Transfer,"Jul 28, 1977",SEATTLE
,,,,,GO LTF,"Jul 28, 1977",SEATTLE
T2658,Female,"Jun 15, 1973 +/- 15 day",UND,UND,"Birth/Ha
tch","Jun 15, 1973 +/- 15 day",TACOMA
,,,,,Transfer,"Mar 27, 1976",TORONTO
,,,,,Transfer,"May 02, 1977",PRIVATE
,,,,,GO LTF,"May 02, 1977",PRIVATE
T2659,Male,"Jun 17, 1973",UND,UND,"Birth/Ha
tch","Jun 17, 1973",OMAHA
,,,,,Transfer,"Sep 17, 1974",PRIVATE
,,,,,GO LTF,"Sep 17, 1974",PRIVATE
T2660,Male,"Jun 17, 1973",UND,UND,"Birth/Ha
tch","Jun 17, 1973",OMAHA
,,,,,Transfer,"Sep 25, 1974",PRIVATE
,,,,,GO LTF,"Sep 25, 1974",PRIVATE
T2661,Female,"Jun 17, 1973",UND,UND,Birth/Ha tch,"Jun 17, 1973",OMAHA
,,,,,Transfer,"Sep 25, 1974",PRIVATE
,,,,,GO LTF,"Sep 25, 1974",PRIVATE
T2663,Male,"Jun 21, 1973",T1961,"T16
23","Birth/Ha
tch","Jun 21, 1973",SAN ANTON
,,,,,Transfer,"Feb 28, 1974",PRIVATE
,,,,,GO LTF,"Feb 28, 1974",PRIVATE
T2664,Male,"Jun 21, 1973",T1961,"T16
23","Birth/Ha
tch","Jun 21, 1973",SAN ANTON
,,,,,Transfer,"Feb 28, 1974",PRIVATE
,,,,,GO LTF,"Feb 28, 1974",PRIVATE
T2665,Female,"Jun 21, 1973",T1961,T16 23,Birth/Ha tch,"Jun 21, 1973",SAN ANTON
,,,,,Transfer,"Feb 28, 1974",PRIVATE
,,,,,GO LTF,"Feb 28, 1974",PRIVATE
T2666,Male,"Jun 23, 1973",T1961,"T18
09","Birth/Ha
tch","Jun 23, 1973",SAN ANTON
,,,,,Transfer,"Feb 28, 1974",PRIVATE
,,,,,GO LTF,"Feb 28, 1974",PRIVATE
T2667,Female,"Jun 23, 1973",T1961,T18 09,Birth/Ha tch,"Jun 23, 1973",SAN ANTON
,,,,,Transfer,"Feb 28, 1974",PRIVATE
,,,,,GO LTF,"Feb 28, 1974",PRIVATE
T2668,Female,"Jun 23, 1973",T1961,"T18
09","Birth/Ha
tch","Jun 23, 1973",SAN ANTON
,,,,,Transfer,"Feb 28, 1974",PRIVATE
,,,,,GO LTF,"Feb 28, 1974",PRIVATE
T2669,Male,"Jun 28, 1973 +/- 15 day",UND,UND,Birth/Ha tch,"Jun 28, 1973 +/- 15 day",DOUGLASVI
,,,,,Transfer,"Mar 29, 1974",STONEHAM
,,,,,Transfer,"Jan 01, 1989",FRANKLINP
,,,,,Death,"Sep 04, 1992",FRANKLINP
T2670,Male,"Jul 04, 1973",MULT,"T22
73","Birth/Ha
tch","Jul 04, 1973",FORTWORTH
,,,,,Transfer,"Nov 16, 1973",PRIVATE
,,,,,GO LTF,"Nov 16, 1973",PRIVATE
T2671,Female,"Jul 04, 1973",T2284,T21 56,Birth/Ha tch,"Jul 04, 1973",CHICAGOBR
,,,,,Transfer,"Jan 23, 1975",PRIVATE
,,,,,GO LTF,"Jan 23, 1975",PRIVATE
T2672,Female,"Jul 04, 1973",T2284,"T21
56","Birth/Ha
tch","Jul 04, 1973",CHICAGOBR
,,,,,Death,"Jan 23, 1975",CHICAGOBR
T2673,Female,"Jul 16, 1973",T1614,"T24
78","Birth/Ha
tch","Jul 16, 1973",WINSTON
,,,,,Transfer,"Jun 04, 1978",PRIVATE
,,,,,GO LTF,"Jun 04, 1978",PRIVATE
T2674,Female,"Jul 16, 1973",T1614,T24 78,Birth/Ha tch,"Jul 16, 1973",WINSTON
,,,,,Transfer,"Mar 30, 1976",PRIVATE
,,,,,GO LTF,"Mar 30, 1976",PRIVATE
T2675,Female,"Jul 20, 1973",T1614,"T16
13","Birth/Ha
tch","Jul 20, 1973",WINSTON
,,,,,Death,"Jul 02, 1989",WINSTON
T2676,Female,"Jul 20, 1973",T1614,T16 13,Birth/Ha tch,"Jul 20, 1973",WINSTON
,,,,,Transfer,"Mar 30, 1976",PRIVATE
,,,,,GO LTF,"Mar 30, 1976",PRIVATE
T2677,Female,"Jul 20, 1973",T1614,"T16
13","Birth/Ha
tch","Jul 20, 1973",WINSTON
,,,,,Death,"Jul 02, 1989",WINSTON
T2678,Female,"Jul 28, 1973",UND,UND,"Birth/Ha
tch","Jul 28, 1973",LUFKIN
,,,,,Transfer,"Aug 09, 1973",HOUSTON
,,,,,Transfer,"Oct 16, 1974",LUFKIN
,,,,,GO LTF,"Oct 16, 1974",LUFKIN
T2679,Female,"Jul 28, 1973",UND,UND,Birth/Ha tch,"Jul 28, 1973",LUFKIN
,,,,,Transfer,"Aug 09, 1973",HOUSTON
,,,,,Death,"Dec 15, 1987",HOUSTON
T2680,Male,"Aug 01, 1973",T1640,T22 02,Birth/Ha tch,"Aug 01, 1973",NY BRONX
,,,,,Death,"Dec 14, 1973",NY BRONX
T2681,Male,"Aug 01, 1973 +/- 1 day",UND,UND,Birth/Ha tch,"Aug 01, 1973 +/- 1 day",PRIVATE
,,,,,Transfer,"Oct 01, 1973",PORTLAND
,,,,,Death,"Sep 23, 1991",PORTLAND
T2682,Male,"Aug 06, 1973",T2006,"T20
02","Birth/Ha
tch","Aug 06, 1973",SYRACUSE
,,,,,Transfer,"Oct 21, 1982",BUFFALO
,,,,,Death,"Feb 18, 1987",BUFFALO
T2683,Male,"Aug 06, 1973",T2006,T20 02,Birth/Ha tch,"Aug 06, 1973",SYRACUSE
,,,,,Transfer,"Jan 20, 1975",PRIVATE
,,,,,GO LTF,"Jan 20, 1975",PRIVATE
T2684,Male,"Aug 06, 1973",T2006,"T20
02","Birth/Ha
tch","Aug 06, 1973",SYRACUSE
,,,,,Transfer,"Jan 20, 1975",PRIVATE
,,,,,GO LTF,"Jan 20, 1975",PRIVATE
T2685,Undeter mined,"Aug 11, 1973",UND,T18 65,Birth/Ha tch,"Aug 11, 1973",ST PAUL
,,,,,Death,"Aug 12, 1973",ST PAUL
T2686,Undeter mined,"Aug 17, 1973",T2111,T19 51,Birth/Ha tch,"Aug 17, 1973",DENVER
,,,,,Death,"Aug 17, 1973",DENVER
T2687,Male,"Aug 17, 1973",T2111,T19 51,Birth/Ha tch,"Aug 17, 1973",DENVER
,,,,,Transfer,"Oct 16, 1973",PRIVATE
,,,,,GO LTF,"Oct 16, 1973",PRIVATE
T2688,Female,"Aug 24, 1973",T1963,"T17
76","Birth/Ha
tch","Aug 24, 1973",OKLAHOMA
,,,,,Death,"Aug 30, 1973",OKLAHOMA
T2689,Male,"Aug 24, 1973",T1963,"T17
76","Birth/Ha
tch","Aug 24, 1973",OKLAHOMA
,,,,,Transfer,"Oct 18, 1973",PRIVATE
,,,,,GO LTF,"Oct 18, 1973",PRIVATE
T2690,Male,"Aug 25, 1973 +/-
6 month",UND,UND,Birth/Ha tch,"Aug 25, 1973 +/-
6 month",Undetermined
,,,,,Transfer,Undetermined,PRIVATE
,,,,,Transfer,"Aug 22, 1985",W PALM BE
,,,,,Death,"Apr 24, 1988",W PALM BE
T2691,Female,"Aug 25, 1973 +/-
6 month",UND,UND,"Birth/Ha
tch","Aug 25, 1973 +/-
6 month",CENTRALPK
,,,,,Transfer,"Aug 25, 1976",STATEN IS
,,,,,Transfer,"Jan 26, 1988",PRIVATE
,,,,,GO LTF,"Jan 26, 1988",PRIVATE
T2692,Male,"Aug 26, 1972",T1614,"T16
13","Birth/Ha
tch","Aug 26, 1972",WINSTON
,,,,,Transfer,"Jun 04, 1978",PRIVATE
,,,,,GO LTF,"Jun 04, 1978",PRIVATE
T2693,Male,"Aug 29, 1973",T2209,"T22
19","Birth/Ha
tch","Aug 29, 1973",KANSASCTY
,,,,,Transfer,"Jul 22, 1975",PRIVATE
,,,,,GO LTF,"Jul 22, 1975",PRIVATE
T2694,Female,"Aug 29, 1973",T2209,"T22
19","Birth/Ha
tch","Aug 29, 1973",KANSASCTY
,,,,,Transfer,"Jul 22, 1975",PRIVATE
,,,,,GO LTF,"Jul 22, 1975",PRIVATE
T2695,Female,"Sep 05, 1973",T2128,"T23
03","Birth/Ha
tch","Sep 05, 1973",PHOENIX
,,,,,Transfer,"Sep 10, 1975",PRIVATE
,,,,,GO LTF,"Sep 10, 1975",PRIVATE
T2696,Male,"Sep 05, 1973",T2128,T23 03,Birth/Ha tch,"Sep 05, 1973",PHOENIX
,,,,,Death,"Sep 05, 1973",PHOENIX
T2697,Female,"Sep 05, 1973",T2128,"T23
03","Birth/Ha
tch","Sep 05, 1973",PHOENIX
,,,,,Death,"Sep 08, 1973",PHOENIX
T2698,Female,"Sep 07, 1973",T1784,"T20
22","Birth/Ha
tch","Sep 07, 1973",WNCNATCTR
,,,,,Transfer,"Dec 31, 1977 +/-
6 month",WNCNATCTR
,,,,,GO LTF,"Dec 31, 1977 +/-
6 month",WNCNATCTR
T2699,Male,"Sep 12, 1973 +/- 1 day",UND,UND,Birth/Ha tch,"Sep 12, 1973 +/- 1 day",Undetermined
,,,,,Transfer,"Aug 18, 1980",WINSTON
,,,,,Transfer,"Jun 21, 1983",UNDETERMI
,,,,,GO LTF,"Jun 21, 1983",UNDETERMI
T2700,Female,"Sep 12, 1973",UND,UND,"Birth/Ha
tch","Sep 12, 1973",SEATTLE
,,,,,Death,"Nov 03, 1981",SEATTLE
T2701,Male,"Sep 17, 1973",UND,UND,"Birth/Ha
tch","Sep 17, 1973",SEATTLE
,,,,,Transfer,"Aug 18, 1980",WINSTON
,,,,,GO LTF,"Aug 18, 1980",WINSTON
T2702,Male,"Sep 17, 1973",UND,UND,"Birth/Ha
tch","Sep 17, 1973",SEATTLE
,,,,,Transfer,"Aug 18, 1980",WINSTON
,,,,,GO LTF,"Aug 18, 1980",WINSTON
T2703,Female,"Sep 17, 1973",UND,UND,"Birth/Ha
tch","Sep 17, 1973",SEATTLE
,,,,,Death,"Feb 04, 1980",SEATTLE
T2704,Male,"Sep 28, 1973 +/-
6 month",UND,UND,"Birth/Ha
tch","Sep 28, 1973 +/-
6 month",Undetermined
,,,,,Transfer,Undetermined,PRIVATE
,,,,,Transfer,"Sep 29, 1979",SAN ANTON
,,,,,Death,"May 25, 1992",SAN ANTON
T2705,Female,"Oct 04, 1973",T2004,T20 56,Birth/Ha tch,"Oct 04, 1973",TUCSON
,,,,,Transfer,"Nov 01, 1973",PRIVATE
,,,,,GO LTF,"Nov 01, 1973",PRIVATE
T2706,Male,"Oct 04, 1973",T2004,"T20
56","Birth/Ha
tch","Oct 04, 1973",TUCSON
,,,,,Transfer,"Feb 01, 1974",PRIVATE
,,,,,GO LTF,"Feb 01, 1974",PRIVATE
T2707,Male,"Oct 05, 1973",T1742,T19 42,Birth/Ha tch,"Oct 05, 1973",DETROIT
,,,,,Death,"Mar 22, 1991",DETROIT
T2708,Female,"Oct 05, 1973",T1742,T19 42,Birth/Ha tch,"Oct 05, 1973",DETROIT
,,,,,Transfer,"Jun 25, 1982",PRIVATE
,,,,,GO LTF,"Jun 25, 1982",PRIVATE
T2709,Male,"Oct 05, 1973",T1742,"T19
42","Birth/Ha
tch","Oct 05, 1973",DETROIT
,,,,,Death,"Apr 01, 1980",DETROIT
T2710,Male,"Oct 14, 1973",T2270,"T22
86","Birth/Ha
tch","Oct 14, 1973",KNOXVILLE
,,,,,Transfer,"Jun 04, 1976",PRIVATE
,,,,,GO LTF,"Jun 04, 1976",PRIVATE
T2711,Male,"Oct 23, 1973",T2216,T21 36,Birth/Ha tch,"Oct 23, 1973",SANDIEGOZ
,,,,,Death,"Apr 07, 1977",SANDIEGOZ
T2712,Male,"Oct 23, 1973",T2216,"T21
36","Birth/Ha
tch","Oct 23, 1973",SANDIEGOZ
,,,,,Death,"Apr 13, 1977",SANDIEGOZ
T2713,Female,"Oct 23, 1973",T2216,"T21
36","Birth/Ha
tch","Oct 23, 1973",SANDIEGOZ
,,,,,Death,"Aug 16, 1978",SANDIEGOZ
T2714,Male,"Nov 07, 1973",T1874,"T21
08","Birth/Ha
tch","Nov 07, 1973",DALLAS
,,,,,Transfer,"Apr 29, 1976",PRIVATE
,,,,,GO LTF,"Apr 29, 1976",PRIVATE
T2715,Male,"Nov 07, 1973",T1874,T21 08,Birth/Ha tch,"Nov 07, 1973",DALLAS
,,,,,Transfer,"Jul 30, 1975",LITTLEROC
,,,,,Transfer,"Mar 19, 1981",PRIVATE
,,,,,GO LTF,"Mar 19, 1981",PRIVATE
T2716,Female,"Nov 07, 1973",T1874,"T21
08","Birth/Ha
tch","Nov 07, 1973",DALLAS
,,,,,Death,"Jul 23, 1975",DALLAS
T2717,Female,"Nov 11, 1973",UND,T18 79,Birth/Ha tch,"Nov 11, 1973",ST PAUL
,,,,,Transfer,"Dec 31, 1973",PRIVATE
,,,,,GO LTF,"Dec 31, 1973",PRIVATE
T2718,Female,"Nov 11, 1973",UND,"T18
79","Birth/Ha
tch","Nov 11, 1973",ST PAUL
,,,,,Transfer,"Dec 31, 1973",PRIVATE
,,,,,GO LTF,"Dec 31, 1973",PRIVATE
T2719,Male,"Nov 14, 1973",T1947,"T18
08","Birth/Ha
tch","Nov 14, 1973",JACKSONVL
,,,,,Death,"Nov 21, 1973",JACKSONVL
T2720,Male,"Nov 23, 1973",T1912,T20 07,Birth/Ha tch,"Nov 23, 1973",FORTWORTH
,,,,,Transfer,"Nov 29, 1974",PRIVATE
,,,,,GO LTF,"Nov 29, 1974",PRIVATE
T2721,Male,"Nov 23, 1973",T1912,"T20
07","Birth/Ha
tch","Nov 23, 1973",FORTWORTH
,,,,,Transfer,"Nov 29, 1974",PRIVATE
,,,,,GO LTF,"Nov 29, 1974",PRIVATE
T2722,Male,"Nov 23, 1973",T1912,T20 07,Birth/Ha tch,"Nov 23, 1973",FORTWORTH
,,,,,Transfer,"Nov 29, 1974",PRIVATE
,,,,,GO LTF,"Nov 29, 1974",PRIVATE
T2723,"Undeter
mined","Dec 19, 1973",UND,UND,"Birth/Ha
tch","Dec 19, 1973",SD-WAP
,,,,,Death,"Dec 19, 1973",SD-WAP
T2724,"Undeter
mined","Dec 19, 1973",UND,UND,"Birth/Ha
tch","Dec 19, 1973",SD-WAP
,,,,,Death,"Dec 19, 1973",SD-WAP
T2725,Male,"Dec 31, 1973",T2102,"T22
48","Birth/Ha
tch","Dec 31, 1973",MILWAUKEE
,,,,,Death,"Jan 04, 1974",MILWAUKEE
T2726,Female,"Dec 31, 1973 +/- 15 day",UND,UND,"Birth/Ha
tch","Dec 31, 1973 +/- 15 day",PRIVATE
,,,,,Transfer,Undetermined,PRIVATE
,,,,,Transfer,"Nov 01, 1974",COLUMBIA
,,,,,Death,"Nov 23, 1977",COLUMBIA
T2727,Female,"Dec 31, 1973 +/- 15 day",UND,UND,Birth/Ha tch,"Dec 31, 1973 +/- 15 day",PRIVATE
,,,,,Transfer,Undetermined,PRIVATE
,,,,,Transfer,"Nov 01, 1974",COLUMBIA
,,,,,Death,"May 10, 1977",COLUMBIA
T2728,Male,"Dec 31, 1973 +/- 15 day",UND,UND,"Birth/Ha
tch","Dec 31, 1973 +/- 15 day",PRIVATE
,,,,,Transfer,Undetermined,PRIVATE
,,,,,Transfer,"Nov 01, 1974",COLUMBIA
,,,,,Death,"Feb 10, 1993",COLUMBIA
T2730,Male,"Jan 05, 1974",T1566,"T18
90","Birth/Ha
tch","Jan 05, 1974",LODI
,,,,,Transfer,"Apr 13, 1989",SAN FRAN
,,,,,Transfer,"Nov 01, 1989",LODI
,,,,,Death,"Mar 19, 1993",LODI
T2731,Male,"Jan 18, 1974",T1614,"T16
13","Birth/Ha
tch","Jan 18, 1974",WINSTON
,,,,,Transfer,"Mar 30, 1976",PRIVATE
,,,,,GO LTF,"Mar 30, 1976",PRIVATE
T2732,Male,"Jan 18, 1974",T1614,"T16
13","Birth/Ha
tch","Jan 18, 1974",WINSTON
,,,,,Transfer,"May 13, 1978",PRIVATE
,,,,,GO LTF,"May 13, 1978",PRIVATE
T2733,Female,"Jan 18, 1974",T1614,T16 13,Birth/Ha tch,"Jan 18, 1974",WINSTON
,,,,,Transfer,"Mar 30, 1976",PRIVATE
,,,,,GO LTF,"Mar 30, 1976",PRIVATE
T2734,Female,"Jan 28, 1974",T2128,"T17
92","Birth/Ha
tch","Jan 28, 1974",PHOENIX
,,,,,Transfer,"Sep 10, 1975",PRIVATE
,,,,,GO LTF,"Sep 10, 1975",PRIVATE
T2735,Male,"Jan 28, 1974",T2128,T17 92,Birth/Ha tch,"Jan 28, 1974",PHOENIX
,,,,,Transfer,"Mar 25, 1975",PRIVATE
,,,,,GO LTF,"Mar 25, 1975",PRIVATE
T2736,Male,"Jan 28, 1974",T2128,T17 92,Birth/Ha tch,"Jan 28, 1974",PHOENIX
,,,,,Transfer,"Mar 25, 1975",PRIVATE
,,,,,GO LTF,"Mar 25, 1975",PRIVATE
T2737,Male,Undetermined,WILD,"WIL
D","Birth/Ha
tch",Undetermined,Undetermined
,,,,,"Wild
Capture",Undetermined,Undetermined
,,,,,Transfer,Undetermined,PRIVATE
,,,,,Transfer,"Jan 31, 1974",MINOT
,,,,,Death,"Nov 18, 1987",MINOT
T2738,Male,"Feb 01, 1974",T1860,T18 72,Birth/Ha tch,"Feb 01, 1974",BUFFALO
,,,,,Transfer,"Mar 10, 1975",PRIVATE
,,,,,GO LTF,"Mar 10, 1975",PRIVATE
T2739,Female,"Feb 01, 1974",T1860,"T18
72","Birth/Ha
tch","Feb 01, 1974",BUFFALO
,,,,,Transfer,"Mar 10, 1975",PRIVATE
,,,,,GO LTF,"Mar 10, 1975",PRIVATE
T2740,Male,"Feb 01, 1974",T1860,T18 72,Birth/Ha tch,"Feb 01, 1974",BUFFALO
,,,,,Transfer,"Jun 10, 1974",PRIVATE
,,,,,GO LTF,"Jun 10, 1974",PRIVATE
T2741,"Undeter
mined","Feb 01, 1974",T1860,"T18
72","Birth/Ha
tch","Feb 01, 1974",BUFFALO
,,,,,Death,"Feb 01, 1974",BUFFALO
T2742,Male,"Feb 06, 1974 +/- 15 day",UND,UND,"Birth/Ha
tch","Feb 06, 1974 +/- 15 day",DES MOINE
,,,,,Transfer,"Feb 06, 1974",TUCSON
,,,,,Transfer,"Nov 26, 1975",PRIVATE
,,,,,GO LTF,"Nov 26, 1975",PRIVATE
T2743,Male,"Feb 07, 1974",UND,T50 45,Birth/Ha tch,"Feb 07, 1974",W PALM BE
,,,,,Death,"Dec 04, 1991",W PALM BE
T2744,Female,"Feb 13, 1974",UND,UND,"Birth/Ha
tch","Feb 13, 1974",Undetermined
,,,,,Transfer,"May 01, 1974",MILWAUKEE
,,,,,Transfer,"Sep 04, 1974",PRIVATE
,,,,,GO LTF,"Sep 04, 1974",PRIVATE
T2745,Male,"Feb 13, 1974 +/- 1 day",UND,UND,"Birth/Ha
tch","Feb 13, 1974 +/- 1 day",Undetermined
,,,,,Transfer,Undetermined,PRIVATE
,,,,,Transfer,"Oct 29, 1975",DICKERSON
,,,,,Death,"Jun 11, 1992",DICKERSON
T2746,Female,"Feb 15, 1974",UND,"T23
53","Birth/Ha
tch","Feb 15, 1974",SANDIEGOZ
,,,,,Transfer,"May 05, 1974",SD-WAP
,,,,,Death,"Jan 19, 1977",SD-WAP
T2747,Male,"Feb 16, 1974",T2128,"T23
03","Birth/Ha
tch","Feb 16, 1974",PHOENIX
,,,,,Transfer,"Mar 25, 1975",PRIVATE
,,,,,GO LTF,"Mar 25, 1975",PRIVATE
T2748,Male,"Feb 16, 1974",T2128,"T23
03","Birth/Ha
tch","Feb 16, 1974",PHOENIX
,,,,,Transfer,"Mar 25, 1975",PRIVATE
,,,,,GO LTF,"Mar 25, 1975",PRIVATE
T2749,Female,"Feb 16, 1974",T2128,"T23
03","Birth/Ha
tch","Feb 16, 1974",PHOENIX
,,,,,Transfer,"Sep 11, 1975",PRIVATE
,,,,,GO LTF,"Sep 11, 1975",PRIVATE
T2750,Male,"Feb 21, 1974",T1912,T22 73,Birth/Ha tch,"Feb 21, 1974",FORTWORTH
,,,,,Death,"Feb 02, 1985",FORTWORTH
T2751,Female,"Feb 21, 1974",T1912,"T22
73","Birth/Ha
tch","Feb 21, 1974",FORTWORTH
,,,,,Transfer,"Oct 30, 1980",PRIVATE
,,,,,GO LTF,"Oct 30, 1980",PRIVATE
T2752,Male,"Feb 25, 1974 +/-
6 month",UND,UND,"Birth/Ha
tch","Feb 25, 1974 +/-
6 month",KNOXVILLE
,,,,,Transfer,"Feb 24, 1978",MEMPHIS
,,,,,Transfer,"May 18, 1979",KNOXVILLE
,,,,,GO LTF,"May 18, 1979",KNOXVILLE
T2753,Male,"Feb 27, 1974 +/- 15 day",UND,UND,Birth/Ha tch,"Feb 27, 1974 +/- 15 day",Undetermined
,,,,,Transfer,Undetermined,DALLAS
,,,,,Transfer,"Jul 30, 1975",LITTLEROC
,,,,,Transfer,"Mar 19, 1981",PRIVATE
,,,,,GO LTF,"Mar 19, 1981",PRIVATE
T2755,"Undeter
mined","Mar 05, 1974",T1619,"T16
18","Birth/Ha
tch","Mar 05, 1974",CHICAGOLP
,,,,,Death,"Mar 05, 1974",CHICAGOLP
T2756,Male,"Mar 07, 1974 +/-
6 month",UND,UND,Birth/Ha tch,"Mar 07, 1974 +/-
6 month",Undetermined
,,,,,Transfer,Undetermined,PRIVATE
,,,,,Transfer,"Mar 07, 1976",TORONTO
,,,,,Death,"Aug 12, 1976",TORONTO
T2757,Male,"Mar 07, 1974 +/-
6 month",UND,UND,"Birth/Ha
tch","Mar 07, 1974 +/-
6 month",Undetermined
,,,,,Transfer,Undetermined,PRIVATE
,,,,,Transfer,"Mar 07, 1976",TORONTO
,,,,,Transfer,"Jul 28, 1979",SEATTLE
,,,,,GO LTF,"Jul 28, 1979",SEATTLE
T2758,Male,"Mar 07, 1974 +/-
6 month",UND,UND,"Birth/Ha
tch","Mar 07, 1974 +/-
6 month",Undetermined
,,,,,Transfer,Undetermined,PRIVATE
,,,,,Transfer,"Mar 07, 1976",TORONTO
,,,,,Death,"Aug 12, 1976",TORONTO
T2759,Female,"Mar 06, 1974 +/-
6 month",UND,UND,"Birth/Ha
tch","Mar 06, 1974 +/-
6 month",PRIVATE
,,,,,Transfer,"Mar 07, 1976",TORONTO
,,,,,Death,"Dec 16, 1992",TORONTO
T2760,Female,"Mar 07, 1974",UND,UND,Birth/Ha tch,"Mar 07, 1974",PRIVATE
,,,,,Transfer,"Mar 07, 1976",TORONTO
,,,,,Transfer,"Mar 23, 1995",PRIVATE
,,,,,Transfer,"Sep 13, 1995",TORONTO
,,,,,Death,"Jan 02, 1996",TORONTO
T2761,Male,"Mar 19, 1974",T2241,T23 00,Birth/Ha tch,"Mar 19, 1974",TULSA
,,,,,Transfer,"Sep 09, 1974",PRIVATE
,,,,,GO LTF,"Sep 09, 1974",PRIVATE
T2762,Female,"Mar 19, 1974",T2241,"T23
00","Birth/Ha
tch","Mar 19, 1974",TULSA
,,,,,Transfer,"Sep 09, 1974",PRIVATE
,,,,,GO LTF,"Sep 09, 1974",PRIVATE
T2763,Male,"Mar 21, 1974 +/- 15 day",UND,UND,"Birth/Ha
tch","Mar 21, 1974 +/- 15 day",PRIVATE
,,,,,Transfer,"Nov 20, 1974",PROVIDNCE
,,,,,Transfer,"May 16, 1975",PRIVATE
,,,,,GO LTF,"May 16, 1975",PRIVATE
T2764,Male,"Mar 21, 1974 +/- 15 day",UND,UND,"Birth/Ha
tch","Mar 21, 1974 +/- 15 day",PRIVATE
,,,,,Transfer,"Nov 20, 1974",PROVIDNCE
,,,,,Transfer,"Jul 21, 1984",PRIVATE
,,,,,GO LTF,"Jul 21, 1984",PRIVATE
T2765,Female,"Mar 21, 1974 +/- 15 day",UND,UND,"Birth/Ha
tch","Mar 21, 1974 +/- 15 day",PRIVATE
,,,,,Transfer,"Nov 20, 1974",PROVIDNCE
,,,,,Transfer,"May 16, 1975",PRIVATE
,,,,,GO LTF,"May 16, 1975",PRIVATE
T2766,Female,"Mar 21, 1974 +/- 15 day",UND,UND,"Birth/Ha
tch","Mar 21, 1974 +/- 15 day",PRIVATE
,,,,,Transfer,"Nov 20, 1974",PROVIDNCE
,,,,,Death,"Apr 19, 1984",PROVIDNCE
T2767,Male,"Mar 28, 1974",T1963,"T17
76","Birth/Ha
tch","Mar 28, 1974",OKLAHOMA
,,,,,Death,"Mar 30, 1974",OKLAHOMA
T2768,Male,"Mar 29, 1974",T2102,"T19
91","Birth/Ha
tch","Mar 29, 1974",MILWAUKEE
,,,,,Transfer,"Sep 17, 1974",PRIVATE
,,,,,GO LTF,"Sep 17, 1974",PRIVATE
T2769,Female,"Mar 29, 1974",T2102,"T19
91","Birth/Ha
tch","Mar 29, 1974",MILWAUKEE
,,,,,Transfer,"Sep 17, 1974",PRIVATE
,,,,,GO LTF,"Sep 17, 1974",PRIVATE
T2770,Female,"Mar 31, 1974",UND,"T50
46","Birth/Ha
tch","Mar 31, 1974",W PALM BE
,,,,,Death,"Oct 29, 1991",W PALM BE
T2778,Male,"Apr 06, 1974",T2232,"T19
94","Birth/Ha
tch","Apr 06, 1974",ABQBIOPK
,,,,,Transfer,"Sep 18, 1975",PRIVATE
,,,,,GO LTF,"Sep 18, 1975",PRIVATE
T2779,Male,"Apr 06, 1974",T2232,T19 94,Birth/Ha tch,"Apr 06, 1974",ABQBIOPK
,,,,,Transfer,"Oct 06, 1975",PRIVATE
,,,,,GO LTF,"Oct 06, 1975",PRIVATE
T2780,Male,"Apr 08, 1974",T2111,"T19
52","Birth/Ha
tch","Apr 08, 1974",DENVER
,,,,,Transfer,"Sep 16, 1974",PRIVATE
,,,,,GO LTF,"Sep 16, 1974",PRIVATE
T2781,Male,"Apr 08, 1974",T2111,"T19
52","Birth/Ha
tch","Apr 08, 1974",DENVER
,,,,,Transfer,"Sep 16, 1974",PRIVATE
,,,,,GO LTF,"Sep 16, 1974",PRIVATE
T2782,Female,"Apr 08, 1974",T2111,"T19
52","Birth/Ha
tch","Apr 08, 1974",DENVER
,,,,,Death,"Apr 08, 1974",DENVER
T2783,Female,"Apr 10, 1974 +/- 15 day",UND,UND,"Birth/Ha
tch","Apr 10, 1974 +/- 15 day",AUDUBON
,,,,,Transfer,Undetermined,PRIVATE
,,,,,Transfer,"Aug 10, 1974",KNOXVILLE
,,,,,Transfer,"Jun 04, 1976",PRIVATE
,,,,,GO LTF,"Jun 04, 1976",PRIVATE
T2784,Female,"Apr 15, 1974",T1793,"T50
24","Birth/Ha
tch","Apr 15, 1974",METROZOO
,,,,,Transfer,"Mar 01, 1978",PRIVATE
,,,,,Death,"Sep 14, 1982",PRIVATE
T2785,Female,"Apr 15, 1974",T1793,"T50
24","Birth/Ha
tch","Apr 15, 1974",METROZOO
,,,,,Transfer,"Mar 01, 1978",PRIVATE
,,,,,Death,"Sep 14, 1982",PRIVATE
T2786,Female,"Apr 15, 1974",T1793,"T50
24","Birth/Ha
tch","Apr 15, 1974",METROZOO
,,,,,Transfer,"Feb 13, 1982",PRIVATE
,,,,,GO LTF,"Feb 13, 1982",PRIVATE
T2787,Female,"Apr 19, 1974",T2116,"T21
09","Birth/Ha
tch","Apr 19, 1974",ATLANTA
,,,,,Death,"May 29, 1984",ATLANTA
T2788,Male,"Apr 19, 1974",T2116,T21 09,Birth/Ha tch,"Apr 19, 1974",ATLANTA
,,,,,Death,"Aug 24, 1989",ATLANTA
T2789,Female,"Apr 23, 1974",T1458,T17 44,Birth/Ha tch,"Apr 23, 1974",KNOXVILLE
,,,,,Transfer,"Sep 14, 1976",PRIVATE
,,,,,GO LTF,"Sep 14, 1976",PRIVATE
T2790,Male,"Apr 27, 1974",UND,UND,"Birth/Ha
tch","Apr 27, 1974",BROWNSVIL
,,,,,Transfer,"Jun 09, 1975",INDIANAPL
,,,,,Transfer,"Mar 27, 1979",PRIVATE
,,,,,GO LTF,"Mar 27, 1979",PRIVATE
T2791,Female,"Apr 27, 1974",UND,UND,"Birth/Ha
tch","Apr 27, 1974",BROWNSVIL
,,,,,Transfer,"Jun 09, 1975",INDIANAPL
,,,,,Transfer,"Mar 27, 1979",PRIVATE
,,,,,GO LTF,"Mar 27, 1979",PRIVATE
T2792,Male,"May 01, 1974",T2102,T22 48,Birth/Ha tch,"May 01, 1974",MILWAUKEE
,,,,,Transfer,"Sep 04, 1974",PRIVATE
,,,,,GO LTF,"Sep 04, 1974",PRIVATE
T2793,Female,"May 10, 1974",UND,UND,"Birth/Ha
tch","May 10, 1974",WINSTON
,,,,,Transfer,"Dec 27, 1974",PRIVATE
,,,,,GO LTF,"Dec 27, 1974",PRIVATE
T2794,Male,"May 10, 1974",UND,UND,"Birth/Ha
tch","May 10, 1974",SEATTLE
,,,,,Transfer,"May 15, 1975",UNDETERMI
,,,,,GO LTF,"May 15, 1975",UNDETERMI
T2795,Female,"May 11, 1974",UND,UND,Birth/Ha tch,"May 11, 1974",SD-WAP
,,,,,Transfer,"Aug 15, 1983",PRIVATE
,,,,,GO LTF,"Aug 15, 1983",PRIVATE
T2796,Male,"May 11, 1974",UND,UND,"Birth/Ha
tch","May 11, 1974",SD-WAP
,,,,,Death,"Jan 12, 1982",SD-WAP
T2797,Male,"May 11, 1974",UND,UND,"Birth/Ha
tch","May 11, 1974",SD-WAP
,,,,,Death,"Jan 12, 1982",SD-WAP
T2798,Female,"May 11, 1974",UND,UND,"Birth/Ha
tch","May 11, 1974",SD-WAP
,,,,,Death,"Jul 02, 1974",SD-WAP
T2799,Female,"May 12, 1974",T2232,T18 50,Birth/Ha tch,"May 12, 1974",ABQBIOPK
,,,,,Transfer,"Sep 18, 1975",PRIVATE
,,,,,GO LTF,"Sep 18, 1975",PRIVATE
T2800,Male,"May 13, 1974",T1784,"T20
22","Birth/Ha
tch","May 13, 1974",WNCNATCTR
,,,,,Transfer,"May 24, 1977",WNCNATCTR
,,,,,GO LTF,"May 24, 1977",WNCNATCTR
T2801,Female,"May 13, 1974",UND,"T50
47","Birth/Ha
tch","May 13, 1974",W PALM BE
,,,,,Death,"Oct 29, 1991",W PALM BE
T2802,Male,"Jun 10, 1974",T2157,T21 19,Birth/Ha tch,"Jun 10, 1974",ROCHESTER
,,,,,Transfer,"Jan 13, 1975",PRIVATE
,,,,,GO LTF,"Jan 13, 1975",PRIVATE
T2803,Female,"Jun 11, 1974",UND,"T18
79","Birth/Ha
tch","Jun 11, 1974",ST PAUL
,,,,,Transfer,"Dec 31, 1974",PRIVATE
,,,,,GO LTF,"Dec 31, 1974",PRIVATE
T2804,Male,"Jun 11, 1974",UND,T18 79,Birth/Ha tch,"Jun 11, 1974",ST PAUL
,,,,,Transfer,"Dec 31, 1974",UNDETERMI
,,,,,GO LTF,"Dec 31, 1974",UNDETERMI
T2805,Male,"Jun 11, 1974",UND,T18 79,Birth/Ha tch,"Jun 11, 1974",ST PAUL
,,,,,Transfer,"Dec 31, 1974",PRIVATE
,,,,,GO LTF,"Dec 31, 1974",PRIVATE
T2806,Female,"Jun 18, 1974",T2270,"T22
86","Birth/Ha
tch","Jun 18, 1974",KNOXVILLE
,,,,,Transfer,"Sep 14, 1976",PRIVATE
,,,,,GO LTF,"Sep 14, 1976",PRIVATE
T2807,Female,"Jun 18, 1974",T2270,"T22
86","Birth/Ha
tch","Jun 18, 1974",KNOXVILLE
,,,,,Transfer,"Sep 14, 1976",PRIVATE
,,,,,GO LTF,"Sep 14, 1976",PRIVATE
T2808,Male,"Jun 22, 1974",T1961,"T24
57","Birth/Ha
tch","Jun 22, 1974",SAN ANTON
,,,,,Death,"Jul 15, 1975",SAN ANTON
T2809,Male,"Jun 22, 1974",T1961,"T24
57","Birth/Ha
tch","Jun 22, 1974",SAN ANTON
,,,,,Death,"Jul 15, 1975",SAN ANTON
T2810,Male,"Jun 22, 1974",T1961,"T24
57","Birth/Ha
tch","Jun 22, 1974",SAN ANTON
,,,,,Death,"Sep 20, 1974",SAN ANTON
T2811,Female,"Jun 22, 1974",UND,UND,"Birth/Ha
tch","Jun 22, 1974",SAN ANTON
,,,,,Death,"Jun 25, 1974",SAN ANTON
T2812,Male,"Jun 24, 1974",T1947,T18 08,Birth/Ha tch,"Jun 24, 1974",JACKSONVL
,,,,,Transfer,"Mar 13, 1990",ATTLEBORO
,,,,,Death,"Nov 20, 1995",ATTLEBORO
T2813,Female,"Jun 24, 1974",T1947,"T18
08","Birth/Ha
tch","Jun 24, 1974",JACKSONVL
,,,,,Transfer,"Mar 13, 1990",ATTLEBORO
,,,,,GO LTF,"Mar 13, 1990",ATTLEBORO
T2814,Female,"Jun 25, 1974",T2396,T24 31,Birth/Ha tch,"Jun 25, 1974",KNOXVILLE
,,,,,Transfer,"Sep 14, 1976",PRIVATE
,,,,,GO LTF,"Sep 14, 1976",PRIVATE
T2815,Female,"Jun 27, 1974",T2402,"T23
62","Birth/Ha
tch","Jun 27, 1974",FORTWORTH
,,,,,Transfer,"Oct 14, 1974",PRIVATE
,,,,,GO LTF,"Oct 14, 1974",PRIVATE
T2816,Male,"Jun 27, 1974",T2402,T23 62,Birth/Ha tch,"Jun 27, 1974",FORTWORTH
,,,,,Transfer,"Sep 30, 1974",PRIVATE
,,,,,GO LTF,"Sep 30, 1974",PRIVATE
T2817,Male,"Jun 27, 1974",T2396,"T24
32","Birth/Ha
tch","Jun 27, 1974",KNOXVILLE
,,,,,Transfer,"Sep 14, 1976",PRIVATE
,,,,,GO LTF,"Sep 14, 1976",PRIVATE
T2818,Male,"Jun 30, 1974 +/- 1 day",UND,UND,"Birth/Ha
tch","Jun 30, 1974 +/- 1 day",Undetermined
,,,,,Transfer,Undetermined,PRIVATE
,,,,,Transfer,"Aug 30, 1974",TORONTO
,,,,,Death,"Jun 17, 1975",TORONTO
T2819,Female,"Jun 30, 1974",MULT,"T22
73","Birth/Ha
tch","Jun 30, 1974",FORTWORTH
,,,,,Transfer,"Aug 13, 1974",PRIVATE
,,,,,GO LTF,"Aug 13, 1974",PRIVATE
T2820,Female,"Jun 30, 1974",MULT,T22 73,Birth/Ha tch,"Jun 30, 1974",FORTWORTH
,,,,,Transfer,"Aug 13, 1974",PRIVATE
,,,,,GO LTF,"Aug 13, 1974",PRIVATE
T2830,Male,"Jul 13, 1974",UND,UND,"Birth/Ha
tch","Jul 13, 1974",SD-WAP
,,,,,Death,"Jul 13, 1974",SD-WAP
T2831,Male,"Jul 13, 1974",UND,UND,"Birth/Ha
tch","Jul 13, 1974",SD-WAP
,,,,,Death,"Jul 31, 1974",SD-WAP
T2832,Male,"Jul 13, 1974",UND,UND,Birth/Ha tch,"Jul 13, 1974",SD-WAP
,,,,,Death,"Aug 03, 1974",SD-WAP
T2833,Male,"Jul 13, 1974",T1762,T20 91,Birth/Ha tch,"Jul 13, 1974",CHICAGOBR
,,,,,Transfer,"May 25, 1978",BLOOMINGT
,,,,,Transfer,"Dec 06, 1979",CHICAGOBR
,,,,,Death,"Dec 31, 1992",CHICAGOBR
T2834,Female,"Jul 13, 1974",T1762,"T20
91","Birth/Ha
tch","Jul 13, 1974",CHICAGOBR
,,,,,Transfer,"Jan 23, 1975",PRIVATE
,,,,,GO LTF,"Jan 23, 1975",PRIVATE
T2835,Female,"Jul 13, 1974",T1762,T20 91,Birth/Ha tch,"Jul 13, 1974",CHICAGOBR
,,,,,Transfer,"Jan 23, 1975",PRIVATE
,,,,,GO LTF,"Jan 23, 1975",PRIVATE
T2836,Female,"Jul 14, 1974",UND,UND,"Birth/Ha
tch","Jul 14, 1974",SEATTLE
,,,,,Transfer,"Feb 03, 1976",MINOT
,,,,,Death,"Feb 01, 1988",MINOT
T2837,Female,"Jul 25, 1974",T2111,UND,Birth/Ha tch,"Jul 25, 1974",DENVER
,,,,,Transfer,"Feb 14, 1975",INDIANAPL
,,,,,Death,"Jun 27, 1994",INDIANAPL
T2838,Female,"Jul 25, 1974",T2111,UND,"Birth/Ha
tch","Jul 25, 1974",DENVER
,,,,,Transfer,"Feb 14, 1975",INDIANAPL
,,,,,Death,"Dec 28, 1995",INDIANAPL
T2839,Female,"Jul 23, 1974 +/- 6 month",UND,UND,Birth/Ha tch,"Jul 23, 1974 +/- 6 month",Undetermined
,,,,,Transfer,Undetermined,ST LOUIS
,,,,,Transfer,"Jul 25, 1974",CHEHAW
,,,,,Death,"Jan 13, 1987",CHEHAW
T2840,Male,"Jul 23, 1974 +/- 6 month",UND,UND,"Birth/Ha
tch","Jul 23, 1974 +/- 6 month",Undetermined
,,,,,Transfer,Undetermined,ST LOUIS
,,,,,Transfer,"Jul 25, 1974",CHEHAW
,,,,,Death,"Dec 31, 1978 +/-
6 month",CHEHAW
T2843,Female,"Jul 27, 1974",T5056,T24 76,Birth/Ha tch,"Jul 27, 1974",WINSTON
,,,,,Transfer,"Aug 16, 1974",UNDETERMI
,,,,,GO LTF,"Aug 16, 1974",UNDETERMI
T2844,Female,"Jul 27, 1974",T5056,"T24
76","Birth/Ha
tch","Jul 27, 1974",WINSTON
,,,,,Transfer,"Aug 14, 1974",PRIVATE
,,,,,GO LTF,"Aug 14, 1974",PRIVATE
T2845,Male,"Jul 28, 1974 +/- 6 month",UND,UND,"Birth/Ha
tch","Jul 28, 1974 +/- 6 month",Undetermined
,,,,,Transfer,Undetermined,DES MOINE
,,,,,Transfer,"Jul 30, 1976",OMAHA
,,,,,Death,"Jul 30, 1976",OMAHA
T2846,Male,"Jul 30, 1974",T2396,"T23
78","Birth/Ha
tch","Jul 30, 1974",KNOXVILLE
,,,,,Transfer,"Sep 14, 1976",PRIVATE
,,,,,GO LTF,"Sep 14, 1976",PRIVATE
T2847,Male,"Jul 30, 1974",T2396,"T23
78","Birth/Ha
tch","Jul 30, 1974",KNOXVILLE
,,,,,Transfer,"Sep 14, 1976",PRIVATE
,,,,,GO LTF,"Sep 14, 1976",PRIVATE
T2848,Female,"Aug 02, 1974",T1614,T24 78,Birth/Ha tch,"Aug 02, 1974",WINSTON
,,,,,Transfer,"Apr 10, 1978",UNDETERMI
,,,,,GO LTF,"Apr 10, 1978",UNDETERMI
T2849,Male,"Aug 02, 1974",T1614,"T24
78","Birth/Ha
tch","Aug 02, 1974",WINSTON
,,,,,Death,"Apr 15, 1975",WINSTON
T2850,Male,"Aug 02, 1974",T1614,"T24
78","Birth/Ha
tch","Aug 02, 1974",WINSTON
,,,,,Death,"Feb 04, 1975",WINSTON
T2851,Male,"Aug 02, 1974",T1614,T24 78,Birth/Ha tch,"Aug 02, 1974",WINSTON
,,,,,Transfer,"Sep 24, 1974",UNDETERMI
,,,,,GO LTF,"Sep 24, 1974",UNDETERMI
T2855,Female,"Aug 15, 1974 +/-
6 month",WILD,WIL D,Birth/Ha tch,"Aug 15, 1974 +/-
6 month",Undetermined
,,,,,Wild Capture,Undetermined,Undetermined
,,,,,Transfer,Undetermined,PRIVATE
,,,,,Transfer,"Aug 16, 1979",DENVER
,,,,,Transfer,"May 13, 1980",FRESNO
,,,,,Death,"Oct 29, 1991",FRESNO
T2856,Female,"Aug 26, 1974",T1614,"T16
13","Birth/Ha
tch","Aug 26, 1974",WINSTON
,,,,,Transfer,"Sep 15, 1974",PRIVATE
,,,,,GO LTF,"Sep 15, 1974",PRIVATE
T2857,Female,"Aug 26, 1974",T1614,"T16
13","Birth/Ha
tch","Aug 26, 1974",WINSTON
,,,,,Transfer,"Sep 15, 1974",PRIVATE
,,,,,GO LTF,"Sep 15, 1974",PRIVATE
T2858,Male,"Aug 26, 1974",T1614,"T16
13","Birth/Ha
tch","Aug 26, 1974",WINSTON
,,,,,Transfer,"Sep 15, 1974",PRIVATE
,,,,,GO LTF,"Sep 15, 1974",PRIVATE
T2859,Female,"Aug 27, 1974",T2444,T50 48,Birth/Ha tch,"Aug 27, 1974",WINSTON
,,,,,Transfer,"Jun 04, 1978",PRIVATE
,,,,,GO LTF,"Jun 04, 1978",PRIVATE
T2860,Female,"Aug 27, 1974",T2444,"T50
48","Birth/Ha
tch","Aug 27, 1974",WINSTON
,,,,,Transfer,"Jun 04, 1978",PRIVATE
,,,,,Transfer,"Jun 04, 1978",PRIVATE
,,,,,GO LTF,"Jun 04, 1978",PRIVATE
T2861,Female,"Aug 27, 1974",T2444,"T50
48","Birth/Ha
tch","Aug 27, 1974",WINSTON
,,,,,Death,"Jan 04, 1980",WINSTON
T2862,Male,"Aug 30, 1974",T2102,T22 48,Birth/Ha tch,"Aug 30, 1974",MILWAUKEE
,,,,,Transfer,"Sep 13, 1974",PRIVATE
,,,,,GO LTF,"Sep 13, 1974",PRIVATE
T2863,Female,"Aug 30, 1974",T2102,"T22
48","Birth/Ha
tch","Aug 30, 1974",MILWAUKEE
,,,,,Transfer,"Sep 13, 1974",PRIVATE
,,,,,GO LTF,"Sep 13, 1974",PRIVATE
T2864,Undeter mined,"Sep 06, 1974",UND,UND,Birth/Ha tch,"Sep 06, 1974",SD-WAP
,,,,,Death,"Sep 06, 1974",SD-WAP
T2865,Undeter mined,"Sep 06, 1974",UND,UND,Birth/Ha tch,"Sep 06, 1974",SD-WAP
,,,,,Death,"Sep 06, 1974",SD-WAP
T2866,Male,"Sep 06, 1974",UND,UND,"Birth/Ha
tch","Sep 06, 1974",SD-WAP
,,,,,Death,"Sep 14, 1974",SD-WAP
T2870,Female,"Sep 22, 1974",UND,UND,"Birth/Ha
tch","Sep 22, 1974",WINSTON
,,,,,Transfer,"Oct 16, 1974",PRIVATE
,,,,,GO LTF,"Oct 16, 1974",PRIVATE
T2871,Male,"Sep 22, 1974",UND,UND,Birth/Ha tch,"Sep 22, 1974",WINSTON
,,,,,Transfer,"Oct 16, 1974",PRIVATE
,,,,,GO LTF,"Oct 16, 1974",PRIVATE
T2872,Male,"Sep 22, 1974",UND,UND,"Birth/Ha
tch","Sep 22, 1974",WINSTON
,,,,,Transfer,"Oct 16, 1974",PRIVATE
,,,,,GO LTF,"Oct 16, 1974",PRIVATE
T2873,Female,"Sep 23, 1974 +/- 15 day",UND,UND,Birth/Ha tch,"Sep 23, 1974 +/- 15 day",Undetermined
,,,,,Transfer,Undetermined,PRIVATE
,,,,,Transfer,"Mar 25, 1975",CHICAGOBR
,,,,,Transfer,"May 25, 1978",BLOOMINGT
,,,,,Transfer,"Dec 06, 1979",CHICAGOBR
,,,,,Transfer,"Apr 29, 1993",PRIVATE
,,,,,Transfer,"Jul 21, 1994",RACINE
,,,,,Death,"Sep 02, 1997",RACINE
T2874,Female,"Sep 24, 1974 +/-
6 month",UND,UND,"Birth/Ha
tch","Sep 24, 1974 +/-
6 month",Undetermined
,,,,,Transfer,Undetermined,PRIVATE
,,,,,Transfer,"Sep 26, 1974",TORONTO
,,,,,Transfer,"Dec 13, 1977",PRIVATE
,,,,,GO LTF,"Dec 13, 1977",PRIVATE
T2875,Female,Undetermined,UND,UND,"Birth/Ha
tch",Undetermined,Undetermined
,,,,,Transfer,Undetermined,PRIVATE
,,,,,Transfer,"Sep 26, 1974",TORONTO
,,,,,Transfer,"Dec 13, 1977",PRIVATE
,,,,,GO LTF,"Dec 13, 1977",PRIVATE
T2876,Female,"Sep 26, 1974",UND,UND,"Birth/Ha
tch","Sep 26, 1974",NY BRONX
,,,,,Transfer,"Nov 29, 1979",OMAHA
,,,,,Death,"Nov 12, 1988",OMAHA
T2877,Female,Undetermined,UND,UND,Birth/Ha tch,Undetermined,Undetermined
,,,,,Transfer,Undetermined,PRIVATE
,,,,,Transfer,"Sep 27, 1974",TORONTO
,,,,,Death,"Jun 14, 1975",TORONTO
T2878,Male,"Sep 30, 1974 +/-
6 month",UND,UND,"Birth/Ha
tch","Sep 30, 1974 +/-
6 month",Undetermined
,,,,,Transfer,Undetermined,PRIVATE
,,,,,Transfer,"Sep 29, 1976",PHOENIX
,,,,,Transfer,"Oct 18, 1976",PRIVATE
,,,,,GO LTF,"Oct 18, 1976",PRIVATE
T2879,Female,"Oct 04, 1974",T1934,UND,"Birth/Ha
tch","Oct 04, 1974",BROWNSVIL
,,,,,Transfer,"Dec 17, 1974",PRIVATE
,,,,,GO LTF,"Dec 17, 1974",PRIVATE
T2880,Male,"Oct 04, 1974",T1934,UND,Birth/Ha tch,"Oct 04, 1974",BROWNSVIL
,,,,,Transfer,"Dec 17, 1974",PRIVATE
,,,,,GO LTF,"Dec 17, 1974",PRIVATE
T2881,Female,"Oct 04, 1974",T1934,UND,"Birth/Ha
tch","Oct 04, 1974",BROWNSVIL
,,,,,Transfer,"Dec 17, 1974",PRIVATE
,,,,,GO LTF,"Dec 17, 1974",PRIVATE
T2882,Female,"Oct 04, 1974",T1934,UND,"Birth/Ha
tch","Oct 04, 1974",BROWNSVIL
,,,,,Transfer,"Dec 17, 1974",PRIVATE
,,,,,GO LTF,"Dec 17, 1974",PRIVATE
T2883,Female,"Oct 06, 1974 +/- 15 day",UND,UND,"Birth/Ha
tch","Oct 06, 1974 +/- 15 day",Undetermined
,,,,,Transfer,Undetermined,PRIVATE
,,,,,Transfer,"Mar 07, 1976",TORONTO
,,,,,Transfer,"Jun 29, 1979",CALGARY
,,,,,Death,"Aug 23, 1990",CALGARY
T2884,Female,"Oct 06, 1974 +/- 15 day",UND,UND,"Birth/Ha
tch","Oct 06, 1974 +/- 15 day",PRIVATE
,,,,,Transfer,"Mar 07, 1976",TORONTO
,,,,,Transfer,"Dec 20, 1982",PRIVATE
,,,,,GO LTF,"Dec 20, 1982",PRIVATE
T2885,Male,"Oct 06, 1974 +/- 15 day",UND,UND,Birth/Ha tch,"Oct 06, 1974 +/- 15 day",Undetermined
,,,,,Transfer,Undetermined,PRIVATE
,,,,,Transfer,"Mar 07, 1976",TORONTO
,,,,,Transfer,"May 27, 1977",PRIVATE
,,,,,GO LTF,"May 27, 1977",PRIVATE
T2886,Female,"Oct 06, 1974 +/- 15 day",UND,UND,"Birth/Ha
tch","Oct 06, 1974 +/- 15 day",PRIVATE
,,,,,Transfer,Undetermined,PRIVATE
,,,,,Transfer,"Mar 07, 1976",TORONTO
,,,,,Death,"Apr 07, 1993",TORONTO
T2887,Female,"Oct 06, 1974",UND,UND,"Birth/Ha
tch","Oct 06, 1974",PRIVATE
,,,,,Transfer,"Mar 07, 1976",TORONTO
,,,,,Transfer,"Mar 23, 1995",PRIVATE
,,,,,Transfer,"Sep 13, 1995",TORONTO
,,,,,Death,"Jan 02, 1996",TORONTO
T2888,Male,"Oct 06, 1974 +/- 15 day",UND,UND,"Birth/Ha
tch","Oct 06, 1974 +/- 15 day",PRIVATE
,,,,,Transfer,"Mar 07, 1976",TORONTO
,,,,,Death,"Oct 22, 1993",TORONTO
T2889,Female,"Oct 14, 1974",UND,UND,"Birth/Ha
tch","Oct 14, 1974",SD-WAP
,,,,,Transfer,"Oct 21, 1974",SANDIEGOZ
,,,,,Death,"Oct 24, 1974",SANDIEGOZ
T2891,Male,"Oct 14, 1974",UND,UND,"Birth/Ha
tch","Oct 14, 1974",SD-WAP
,,,,,Transfer,"Oct 21, 1974",SANDIEGOZ
,,,,,Death,"Oct 24, 1974",SANDIEGOZ
T2892,Female,"Oct 14, 1974",UND,UND,"Birth/Ha
tch","Oct 14, 1974",CHICAGOLP
,,,,,Death,"Oct 14, 1974",CHICAGOLP
T2893,Female,"Oct 14, 1974",UND,UND,"Birth/Ha
tch","Oct 14, 1974",CHICAGOLP
,,,,,Death,"Oct 27, 1974",CHICAGOLP
T2894,Male,"Oct 21, 1974",T2241,T23 00,Birth/Ha tch,"Oct 21, 1974",TULSA
,,,,,Transfer,"Mar 21, 1978",PRIVATE
,,,,,GO LTF,"Mar 21, 1978",PRIVATE
T2895,Male,"Oct 21, 1974",T2241,"T23
00","Birth/Ha
tch","Oct 21, 1974",TULSA
,,,,,Transfer,"Mar 21, 1978",PRIVATE
,,,,,GO LTF,"Mar 21, 1978",PRIVATE
T2896,Male,"Oct 21, 1974",T2241,T23 00,Birth/Ha tch,"Oct 21, 1974",TULSA
,,,,,Transfer,"May 05, 1979",PRIVATE
,,,,,GO LTF,"May 05, 1979",PRIVATE
T2897,Female,"Oct 23, 1974 +/- 15 day",UND,UND,"Birth/Ha
tch","Oct 23, 1974 +/- 15 day",Undetermined
,,,,,Transfer,Undetermined,PRIVATE
,,,,,Transfer,"Apr 24, 1975",OMAHA
,,,,,Transfer,"Aug 12, 1975",PRIVATE
,,,,,GO LTF,"Aug 12, 1975",PRIVATE
T2898,Male,"Oct 27, 1974",T2229,"T22
28","Birth/Ha
tch","Oct 27, 1974",CHICAGOLP
,,,,,Death,"Oct 28, 1974",CHICAGOLP
T2899,Male,"Oct 27, 1974",T2229,"T22
28","Birth/Ha
tch","Oct 27, 1974",CHICAGOLP
,,,,,Death,"Nov 05, 1974",CHICAGOLP
T2900,Male,"Oct 27, 1974",T2229,"T22
28","Birth/Ha
tch","Oct 27, 1974",CHICAGOLP
,,,,,Death,"Jul 06, 1978",CHICAGOLP
T2901,Female,"Oct 27, 1974",T2229,T22 28,Birth/Ha tch,"Oct 27, 1974",CHICAGOLP
,,,,,Death,"Dec 28, 1978",CHICAGOLP
T2903,Male,"Nov 03, 1974",T1874,T21 08,Birth/Ha tch,"Nov 03, 1974",DALLAS
,,,,,Transfer,"Feb 05, 1975",PRIVATE
,,,,,GO LTF,"Feb 05, 1975",PRIVATE
T2904,Male,"Nov 03, 1974",T1874,"T21
08","Birth/Ha
tch","Nov 03, 1974",DALLAS
,,,,,Transfer,"Feb 12, 1975",PRIVATE
,,,,,GO LTF,"Feb 12, 1975",PRIVATE
T2905,Female,"Nov 03, 1974",T1874,T21 08,Birth/Ha tch,"Nov 03, 1974",DALLAS
,,,,,Transfer,"Feb 05, 1975",PRIVATE
,,,,,GO LTF,"Feb 05, 1975",PRIVATE
T2906,Female,"Nov 03, 1974",T1874,"T21
08","Birth/Ha
tch","Nov 03, 1974",DALLAS
,,,,,Transfer,"Feb 05, 1975",PRIVATE
,,,,,GO LTF,"Feb 05, 1975",PRIVATE
T2907,Male,"Nov 05, 1974",T2004,T20 56,Birth/Ha tch,"Nov 05, 1974",TUCSON
,,,,,Transfer,"Jan 13, 1975",PRIVATE
,,,,,GO LTF,"Jan 13, 1975",PRIVATE
T2908,Female,"Nov 05, 1974",T2004,"T20
56","Birth/Ha
tch","Nov 05, 1974",TUCSON
,,,,,Transfer,"Jan 13, 1975",PRIVATE
,,,,,GO LTF,"Jan 13, 1975",PRIVATE
T2909,Female,"Nov 15, 1974",T1892,"T18
94","Birth/Ha
tch","Nov 15, 1974",CALDWELL
,,,,,Transfer,"Jan 01, 1978",UNDETERMI
,,,,,GO LTF,"Jan 01, 1978",UNDETERMI
T2910,Female,"Nov 15, 1974",T1892,"T18
94","Birth/Ha
tch","Nov 15, 1974",CALDWELL
,,,,,Transfer,"Jan 01, 1978",UNDETERMI
,,,,,GO LTF,"Jan 01, 1978",UNDETERMI
T2911,Male,"Nov 15, 1974",T1892,"T18
94","Birth/Ha
tch","Nov 15, 1974",CALDWELL
,,,,,Death,"Nov 20, 1974",CALDWELL
T2912,Male,"Nov 20, 1974",MULT,"T22
73","Birth/Ha
tch","Nov 20, 1974",FORTWORTH
,,,,,Transfer,"Nov 27, 1974",PRIVATE
,,,,,GO LTF,"Nov 27, 1974",PRIVATE
T2913,Male,"Nov 20, 1974",MULT,"T22
73","Birth/Ha
tch","Nov 20, 1974",FORTWORTH
,,,,,Transfer,"May 01, 1975",PRIVATE
,,,,,GO LTF,"May 01, 1975",PRIVATE
T2914,Female,"Nov 20, 1974",MULT,"T22
73","Birth/Ha
tch","Nov 20, 1974",FORTWORTH
,,,,,Transfer,"May 01, 1975",PRIVATE
,,,,,GO LTF,"May 01, 1975",PRIVATE
T2915,Female,"Nov 30, 1974",T5056,UND,Birth/Ha tch,"Nov 30, 1974",WINSTON
,,,,,Transfer,"Aug 14, 1978",PRIVATE
,,,,,GO LTF,"Aug 14, 1978",PRIVATE
T2917,Male,"Dec 14, 1974",UND,UND,"Birth/Ha
tch","Dec 14, 1974",SD-WAP
,,,,,Transfer,"Dec 16, 1974",SANDIEGOZ
,,,,,Death,"Dec 18, 1974",SANDIEGOZ
T2918,Male,"Dec 14, 1974",UND,UND,Birth/Ha tch,"Dec 14, 1974",SANDIEGOZ
,,,,,Death,"Dec 19, 1974",SANDIEGOZ
T2919,Male,"Dec 30, 1974",T1722,T20 27,Birth/Ha tch,"Dec 30, 1974",MEMPHIS
,,,,,Transfer,"Nov 21, 1975",PRIVATE
,,,,,GO LTF,"Nov 21, 1975",PRIVATE
T2920,Male,"Jan 07, 1975",T2241,"T23
01","Birth/Ha
tch","Jan 07, 1975",TULSA
,,,,,Death,"Jan 07, 1975",TULSA
T2921,Male,"Jan 07, 1975",T2241,"T23
01","Birth/Ha
tch","Jan 07, 1975",TULSA
,,,,,Death,"Jan 07, 1975",TULSA
T2922,Female,"Jan 14, 1975",T1934,UND,"Birth/Ha
tch","Jan 14, 1975",BROWNSVIL
,,,,,Transfer,"Mar 24, 1975",PRIVATE
,,,,,GO LTF,"Mar 24, 1975",PRIVATE
T2923,Male,"Jan 14, 1975",T1934,UND,"Birth/Ha
tch","Jan 14, 1975",BROWNSVIL
,,,,,Transfer,"Mar 24, 1975",PRIVATE
,,,,,GO LTF,"Mar 24, 1975",PRIVATE
T2924,Male,"Jan 25, 1975",T1843,"T18
65","Birth/Ha
tch","Jan 25, 1975",ST PAUL
,,,,,Death,"Feb 28, 1995",ST PAUL
T2927,Male,"Feb 13, 1975",UND,UND,"Birth/Ha
tch","Feb 13, 1975",SIOUX FAL
,,,,,Transfer,"May 04, 1984",SIOUX FAL
,,,,,GO LTF,"May 04, 1984",SIOUX FAL
T2928,Female,"Feb 20, 1975",T2111,"T19
52","Birth/Ha
tch","Feb 20, 1975",DENVER
,,,,,Transfer,"Nov 30, 1977",COLUMBIA
,,,,,Death,"Aug 15, 1989",COLUMBIA
T2929,Male,"Feb 20, 1975",T2111,"T19
52","Birth/Ha
tch","Feb 20, 1975",DENVER
,,,,,Transfer,"Sep 27, 1976",WINNIPEG
,,,,,Transfer,"May 18, 1982",PRIVATE
,,,,,GO LTF,"May 18, 1982",PRIVATE
T2930,Female,"Feb 20, 1975",T2111,T19 52,Birth/Ha tch,"Feb 20, 1975",DENVER
,,,,,Transfer,"Sep 27, 1976",WINNIPEG
,,,,,Transfer,"May 18, 1982",PRIVATE
,,,,,GO LTF,"May 18, 1982",PRIVATE
T2933,Female,"Feb 28, 1975",T2470,"T25
53","Birth/Ha
tch","Feb 28, 1975",SEDGWICK
,,,,,Death,"Feb 28, 1975",SEDGWICK
T2934,Male,"Mar 07, 1975 +/- 15 day",UND,UND,Birth/Ha tch,"Mar 07, 1975 +/- 15 day",Undetermined
,,,,,Transfer,Undetermined,PRIVATE
,,,,,Transfer,"Mar 07, 1976",TORONTO
,,,,,Death,"Apr 26, 1979",TORONTO
T2935,Female,"Mar 09, 1975",T1961,"T16
23","Birth/Ha
tch","Mar 09, 1975",SAN ANTON
,,,,,Transfer,"Feb 03, 1976",ST PAUL
,,,,,Death,"Aug 11, 1993",ST PAUL
T2936,Female,"Mar 09, 1975",T1961,"T16
23","Birth/Ha
tch","Mar 09, 1975",SAN ANTON
,,,,,Transfer,"Feb 03, 1976",ST PAUL
,,,,,Death,"Mar 04, 1993",ST PAUL
T2937,Female,"Mar 09, 1975",T1961,"T16
23","Birth/Ha
tch","Mar 09, 1975",SAN ANTON
,,,,,Transfer,"Feb 03, 1976",ST PAUL
,,,,,Transfer,"Dec 31, 1976",PRIVATE
,,,,,GO LTF,"Dec 31, 1976",PRIVATE
T2938,Male,"Mar 16, 1975",T2384,"T23
99","Birth/Ha
tch","Mar 16, 1975",CHICAGOLP
,,,,,Transfer,"May 14, 1975",PRIVATE
,,,,,GO LTF,"May 14, 1975",PRIVATE
T2939,Female,"Mar 16, 1975",T2384,"T23
99","Birth/Ha
tch","Mar 16, 1975",CHICAGOLP
,,,,,Death,"Mar 19, 1975",CHICAGOLP
T2940,Female,"Mar 16, 1975",T2384,"T23
99","Birth/Ha
tch","Mar 16, 1975",CHICAGOLP
,,,,,Transfer,"May 14, 1975",PRIVATE
,,,,,GO LTF,"May 14, 1975",PRIVATE
T2941,Male,"Mar 20, 1975",T1934,UND,"Birth/Ha
tch","Mar 20, 1975",BROWNSVIL
,,,,,Transfer,"May 14, 1975",PRIVATE
,,,,,GO LTF,"May 14, 1975",PRIVATE
T2942,Male,"Mar 20, 1975",T1934,UND,"Birth/Ha
tch","Mar 20, 1975",BROWNSVIL
,,,,,Transfer,"May 14, 1975",PRIVATE
,,,,,GO LTF,"May 14, 1975",PRIVATE
T2943,Female,"Mar 20, 1975",T1934,UND,"Birth/Ha
tch","Mar 20, 1975",BROWNSVIL
,,,,,Transfer,"May 14, 1975",PRIVATE
,,,,,GO LTF,"May 14, 1975",PRIVATE
T2944,Male,"Mar 26, 1975",T2229,"T22
28","Birth/Ha
tch","Mar 26, 1975",CHICAGOLP
,,,,,Transfer,"Jan 22, 1976",PRIVATE
,,,,,GO LTF,"Jan 22, 1976",PRIVATE
T2945,Female,"Mar 26, 1975",T2229,"T22
28","Birth/Ha
tch","Mar 26, 1975",CHICAGOLP
,,,,,Death,"Apr 13, 1975",CHICAGOLP
T2946,Female,"Mar 26, 1975",T2229,"T22
28","Birth/Ha
tch","Mar 26, 1975",CHICAGOLP
,,,,,Transfer,"Dec 22, 1989",KNOXVILLE
,,,,,Death,"May 10, 1991",KNOXVILLE
T2947,Female,"Mar 26, 1975",T2229,"T22
28","Birth/Ha
tch","Mar 26, 1975",CHICAGOLP
,,,,,Death,"Mar 28, 1975",CHICAGOLP
T2948,Male,"Mar 29, 1975",T2584,T26 00,Birth/Ha tch,"Mar 29, 1975",PORTLAND
,,,,,Transfer,"Feb 26, 1976",TORONTO
,,,,,Death,"May 12, 1976",TORONTO
T2949,Female,"Mar 29, 1975",T2584,"T26
00","Birth/Ha
tch","Mar 29, 1975",PORTLAND
,,,,,Transfer,"Feb 26, 1976",TORONTO
,,,,,Death,"Apr 29, 1976",TORONTO
T2950,Male,"Mar 29, 1975",UND,UND,Birth/Ha tch,"Mar 29, 1975",PORTLAND
,,,,,Death,"Dec 29, 1975",PORTLAND
T2951,Male,"Mar 31, 1975",UND,UND,Birth/Ha tch,"Mar 31, 1975",PORTLAND
,,,,,Transfer,"Sep 28, 1975",PRIVATE
,,,,,GO LTF,"Sep 28, 1975",PRIVATE
T2952,Male,"Mar 31, 1975",UND,UND,"Birth/Ha
tch","Mar 31, 1975",PORTLAND
,,,,,Transfer,"Aug 28, 1975",PRIVATE
,,,,,GO LTF,"Aug 28, 1975",PRIVATE
T2953,Female,"Mar 31, 1975",UND,UND,Birth/Ha tch,"Mar 31, 1975",PORTLAND
,,,,,Transfer,"Aug 28, 1975",PRIVATE
,,,,,GO LTF,"Aug 28, 1975",PRIVATE
T2954,Male,"Apr 01, 1975",UND,UND,"Birth/Ha
tch","Apr 01, 1975",PRIVATE
,,,,,Transfer,"Sep 16, 1975",GREENVISC
,,,,,Transfer,"Dec 08, 1984",PRIVATE
,,,,,GO LTF,"Dec 08, 1984",PRIVATE
T2956,Male,"Apr 13, 1975",T2620,T26 79,Birth/Ha tch,"Apr 13, 1975",HOUSTON
,,,,,Death,"Feb 15, 1994",HOUSTON
T2957,Male,"Apr 15, 1975",T2157,"T21
19","Birth/Ha
tch","Apr 15, 1975",ROCHESTER
,,,,,Transfer,"Jul 16, 1975",PRIVATE
,,,,,GO LTF,"Jul 16, 1975",PRIVATE
T2958,Female,"Apr 15, 1975",T2157,"T21
19","Birth/Ha
tch","Apr 15, 1975",ROCHESTER
,,,,,Transfer,"Jul 16, 1975",PRIVATE
,,,,,GO LTF,"Jul 16, 1975",PRIVATE
T2959,Female,"Apr 15, 1975",T2157,T21 19,Birth/Ha tch,"Apr 15, 1975",ROCHESTER
,,,,,Transfer,"Jul 16, 1975",PRIVATE
,,,,,GO LTF,"Jul 16, 1975",PRIVATE
T2960,Male,"Apr 22, 1975 +/- 1 day",UND,UND,Birth/Ha tch,"Apr 22, 1975 +/- 1 day",Undetermined
,,,,,Transfer,Undetermined,BERLIN TP
,,,,,Transfer,"Feb 28, 1976",CHICAGOLP
,,,,,Transfer,"Feb 28, 1991",JACKSON
,,,,,Death,"Jun 24, 1994",JACKSON
T2961,Male,"Apr 23, 1975",T1912,"T20
07","Birth/Ha
tch","Apr 23, 1975",FORTWORTH
,,,,,Death,"May 14, 1975",FORTWORTH
T2962,Female,"Apr 23, 1975",T1912,T20 07,Birth/Ha tch,"Apr 23, 1975",FORTWORTH
,,,,,Death,"May 23, 1975",FORTWORTH
T2963,Male,"Apr 23, 1975",T1912,T20 07,Birth/Ha tch,"Apr 23, 1975",FORTWORTH
,,,,,Transfer,"May 01, 1975",PRIVATE
,,,,,GO LTF,"May 01, 1975",PRIVATE
T2964,Male,"Apr 23, 1975",T1912,"T20
07","Birth/Ha
tch","Apr 23, 1975",FORTWORTH
,,,,,Transfer,"May 01, 1975",PRIVATE
,,,,,GO LTF,"May 01, 1975",PRIVATE
T2965,Female,"Apr 26, 1975 +/- 15 day",UND,UND,Birth/Ha tch,"Apr 26, 1975 +/- 15 day",Undetermined
,,,,,Transfer,Undetermined,PRIVATE
,,,,,Transfer,"Sep 25, 1977",CHICAGOBR
,,,,,Death,"Nov 29, 1993",CHICAGOBR
T2966,"Undeter
mined","May 02, 1975",T1934,UND,"Birth/Ha
tch","May 02, 1975",BROWNSVIL
,,,,,Transfer,"Jul 24, 1975",PRIVATE
,,,,,GO LTF,"Jul 24, 1975",PRIVATE
T2967,"Undeter
mined","May 02, 1975",T1934,UND,"Birth/Ha
tch","May 02, 1975",BROWNSVIL
,,,,,Transfer,"Jul 24, 1975",PRIVATE
,,,,,GO LTF,"Jul 24, 1975",PRIVATE
T2968,"Undeter
mined","May 02, 1975",T1934,UND,"Birth/Ha
tch","May 02, 1975",BROWNSVIL
,,,,,Transfer,"Jul 24, 1975",PRIVATE
,,,,,GO LTF,"Jul 24, 1975",PRIVATE
T2969,Undeter mined,"May 02, 1975",T1934,UND,Birth/Ha tch,"May 02, 1975",BROWNSVIL
,,,,,Transfer,"Jul 24, 1975",PRIVATE
,,,,,GO LTF,"Jul 24, 1975",PRIVATE
T2970,Female,"May 19, 1975",T2271,"T22
33","Birth/Ha
tch","May 19, 1975",MEMPHIS
,,,,,Transfer,"Nov 21, 1975",PRIVATE
,,,,,GO LTF,"Nov 21, 1975",PRIVATE
T2974,Male,"May 20, 1975 +/-
6 month",UND,UND,Birth/Ha tch,"May 20, 1975 +/-
6 month",PRIVATE
,,,,,Transfer,Undetermined,PRIVATE
,,,,,Transfer,"May 20, 1976",NZP-WASH
,,,,,Transfer,"Aug 25, 1976",PRIVATE
,,,,,GO LTF,"Aug 25, 1976",PRIVATE
T2975,Female,"May 20, 1975 +/-
6 month",UND,UND,Birth/Ha tch,"May 20, 1975 +/-
6 month",PRIVATE
,,,,,Transfer,Undetermined,PRIVATE
,,,,,Transfer,"May 20, 1976",NZP-WASH
,,,,,Transfer,"Aug 25, 1976",PRIVATE
,,,,,GO LTF,"Aug 25, 1976",PRIVATE
T2976,Female,"May 20, 1975 +/-
6 month",UND,UND,Birth/Ha tch,"May 20, 1975 +/-
6 month",PRIVATE
,,,,,Transfer,Undetermined,PRIVATE
,,,,,Transfer,"May 20, 1976",NZP-WASH
,,,,,Transfer,"Aug 25, 1976",PRIVATE
,,,,,GO LTF,"Aug 25, 1976",PRIVATE
T2977,Female,"May 22, 1975",T1762,"T24
90","Birth/Ha
tch","May 22, 1975",CHICAGOBR
,,,,,Death,"Jan 12, 1988",CHICAGOBR
T2978,Male,"May 23, 1975",UND,UND,Birth/Ha tch,"May 23, 1975",LOWRY
,,,,,Transfer,"Apr 13, 1988",PRIVATE
,,,,,GO LTF,"Apr 13, 1988",PRIVATE
T2979,"Undeter
mined","Jun 07, 1975",T1934,UND,"Birth/Ha
tch","Jun 07, 1975",BROWNSVIL
,,,,,Death,"Jun 12, 1975",BROWNSVIL
T2980,Undeter mined,"Jun 07, 1975",T1934,UND,Birth/Ha tch,"Jun 07, 1975",BROWNSVIL
,,,,,Transfer,"Jun 25, 1975",PRIVATE
,,,,,GO LTF,"Jun 25, 1975",PRIVATE
T2981,"Undeter
mined","Jun 07, 1975",T1934,UND,"Birth/Ha
tch","Jun 07, 1975",BROWNSVIL
,,,,,Transfer,"Jan 06, 1976",PRIVATE
,,,,,GO LTF,"Jan 06, 1976",PRIVATE
T2982,Undeter mined,"Jun 07, 1975",T1934,UND,Birth/Ha tch,"Jun 07, 1975",BROWNSVIL
,,,,,Transfer,"Jan 06, 1976",UNDETERMI
,,,,,GO LTF,"Jan 06, 1976",UNDETERMI
T2987,Male,"Jun 28, 1975",T1900,T24 92,Birth/Ha tch,"Jun 28, 1975",EVANSVLLE
,,,,,Transfer,"Apr 20, 1976",KNOXVILLE
,,,,,Death,"Mar 08, 1985",KNOXVILLE
T2988,Female,"Jun 28, 1975",T1900,"T24
92","Birth/Ha
tch","Jun 28, 1975",EVANSVLLE
,,,,,Death,"Jul 17, 1989",EVANSVLLE
T2989,Female,"Jun 28, 1975",T1900,"T24
92","Birth/Ha
tch","Jun 28, 1975",EVANSVLLE
,,,,,Transfer,"Jul 16, 1975",PRIVATE
,,,,,GO LTF,"Jul 16, 1975",PRIVATE
T2992,Female,"Jul 07, 1975",T2494,T17 44,Birth/Ha tch,"Jul 07, 1975",KNOXVILLE
,,,,,Transfer,"Sep 14, 1976",PRIVATE
,,,,,GO LTF,"Sep 14, 1976",PRIVATE
T2993,Female,"Jul 07, 1975",T2494,"T17
44","Birth/Ha
tch","Jul 07, 1975",KNOXVILLE
,,,,,Transfer,"Sep 14, 1976",PRIVATE
,,,,,GO LTF,"Sep 14, 1976",PRIVATE
T2994,Female,"Jul 13, 1975",T2693,T22 19,Birth/Ha tch,"Jul 13, 1975",KANSASCTY
,,,,,Transfer,"Jul 22, 1975",PRIVATE
,,,,,GO LTF,"Jul 22, 1975",PRIVATE
T2995,Male,"Jul 13, 1975",T2693,T22 19,Birth/Ha tch,"Jul 13, 1975",KANSASCTY
,,,,,Transfer,"Jul 22, 1975",PRIVATE
,,,,,GO LTF,"Jul 22, 1975",PRIVATE
T2996,Male,"Jul 13, 1975",T2693,"T22
19","Birth/Ha
tch","Jul 13, 1975",KANSASCTY
,,,,,Transfer,"Jul 22, 1975",PRIVATE
,,,,,GO LTF,"Jul 22, 1975",PRIVATE
T2997,Male,"Jul 13, 1975",T2470,T25 53,Birth/Ha tch,"Jul 13, 1975",SEDGWICK
,,,,,Transfer,"Apr 22, 1976",PRIVATE
,,,,,GO LTF,"Apr 22, 1976",PRIVATE
T2998,Male,"Jul 13, 1975",T2470,"T25
53","Birth/Ha
tch","Jul 13, 1975",SEDGWICK
,,,,,Transfer,"Apr 22, 1976",PRIVATE
,,,,,GO LTF,"Apr 22, 1976",PRIVATE
T2999,Female,"Jul 16, 1975",T2470,"T25
53","Birth/Ha
tch","Jul 16, 1975",SEDGWICK
,,,,,Transfer,"Jun 03, 1976",TOPEKA
,,,,,Death,"Mar 28, 1987",TOPEKA
T3000,Male,"Jul 17, 1975",T1843,"T18
79","Birth/Ha
tch","Jul 17, 1975",ST PAUL
,,,,,Transfer,"Oct 24, 1977",PRIVATE
,,,,,GO LTF,"Oct 24, 1977",PRIVATE
T3001,Male,"Jul 17, 1975",T1843,"T18
79","Birth/Ha
tch","Jul 17, 1975",ST PAUL
,,,,,Death,"Aug 31, 1975",ST PAUL
T3002,Female,"Jul 25, 1975",T2608,T26 09,Birth/Ha tch,"Jul 25, 1975",COLO SPRG
,,,,,Transfer,Undetermined,PRIVATE
,,,,,Transfer,"Mar 16, 1986",MADISON
,,,,,Transfer,"Apr 09, 1996",PRIVATE
,,,,,GO LTF,"Apr 09, 1996",PRIVATE
T3003,Male,"Jul 25, 1975",T2608,"T26
09","Birth/Ha
tch","Jul 25, 1975",COLO SPRG
,,,,,Transfer,"Jan 13, 1982",PRIVATE
,,,,,GO LTF,"Jan 13, 1982",PRIVATE
T3005,Female,"Jul 27, 1975",T2229,"T22
28","Birth/Ha
tch","Jul 27, 1975",CHICAGOLP
,,,,,Transfer,"Dec 22, 1989",KNOXVILLE
,,,,,Death,"Mar 26, 1992",KNOXVILLE
T3006,Female,"Jul 31, 1975 +/- 6 month",UND,UND,"Birth/Ha
tch","Jul 31, 1975 +/- 6 month",PRIVATE
,,,,,Transfer,Undetermined,PRIVATE
,,,,,Transfer,"Jul 31, 1978",ATLANTA
,,,,,Death,"Apr 10, 1988",ATLANTA
T3007,Female,"Aug 01, 1975",UND,"T20
55","Birth/Ha
tch","Aug 01, 1975",W PALM BE
,,,,,Death,"Nov 19, 1989",W PALM BE
T3010,Male,"Aug 05, 1975 +/-
6 month",UND,UND,"Birth/Ha
tch","Aug 05, 1975 +/-
6 month",DES MOINE
,,,,,Transfer,"Aug 05, 1976",OMAHA
,,,,,Death,"Jan 31, 1992",OMAHA
T3011,Male,"Aug 08, 1975",UND,"T26
32","Birth/Ha
tch","Aug 08, 1975",SD-WAP
,,,,,Death,"Sep 10, 1976",SD-WAP
T3012,Female,"Aug 08, 1975",UND,"T26
32","Birth/Ha
tch","Aug 08, 1975",SD-WAP
,,,,,Death,"Oct 11, 1976",SD-WAP
T3013,Male,"Aug 08, 1975",UND,"T26
32","Birth/Ha
tch","Aug 08, 1975",SD-WAP
,,,,,Death,"Sep 10, 1976",SD-WAP
T3014,Female,"Aug 08, 1975",UND,"T26
32","Birth/Ha
tch","Aug 08, 1975",SD-WAP
,,,,,Death,"Sep 10, 1976",SD-WAP
T3015,Female,"Aug 08, 1975 +/- 15 day",UND,UND,Birth/Ha tch,"Aug 08, 1975 +/- 15 day",Undetermined
,,,,,Transfer,Undetermined,PRIVATE
,,,,,Transfer,"Feb 07, 1976",PHILADELP
,,,,,Transfer,"Sep 08, 1976",PRIVATE
,,,,,GO LTF,"Sep 08, 1976",PRIVATE
T3016,Female,"Aug 08, 1975 +/- 15 day",UND,UND,Birth/Ha tch,"Aug 08, 1975 +/- 15 day",Undetermined
,,,,,Transfer,Undetermined,PRIVATE
,,,,,Transfer,"Feb 07, 1976",PHILADELP
,,,,,Transfer,"Sep 09, 1976",PRIVATE
,,,,,GO LTF,"Sep 09, 1976",PRIVATE
T3019,Female,"Aug 16, 1975",T1762,"T21
56","Birth/Ha
tch","Aug 16, 1975",CHICAGOBR
,,,,,Transfer,"Mar 12, 1976",ST LOUIS
,,,,,Death,"Sep 25, 1990",ST LOUIS
T3020,Male,"Aug 16, 1975",T1762,"T21
56","Birth/Ha
tch","Aug 16, 1975",CHICAGOBR
,,,,,Transfer,"Mar 12, 1976",ST LOUIS
,,,,,Transfer,"Sep 14, 1979",PRIVATE
,,,,,GO LTF,"Sep 14, 1979",PRIVATE
T3021,Female,"Aug 28, 1975",T1742,T19 42,Birth/Ha tch,"Aug 28, 1975",DETROIT
,,,,,Transfer,"Jun 25, 1982",PRIVATE
,,,,,GO LTF,"Jun 25, 1982",PRIVATE
T3022,Female,"Aug 28, 1975",T1742,"T19
42","Birth/Ha
tch","Aug 28, 1975",DETROIT
,,,,,Death,"Nov 17, 1979",DETROIT
T3023,Female,"Aug 28, 1975",T1742,"T19
42","Birth/Ha
tch","Aug 28, 1975",DETROIT
,,,,,Transfer,"Aug 06, 1976",PRIVATE
,,,,,GO LTF,"Aug 06, 1976",PRIVATE
T3024,Female,"Aug 28, 1975",T1742,T19 42,Birth/Ha tch,"Aug 28, 1975",DETROIT
,,,,,Transfer,"Aug 06, 1976",PRIVATE
,,,,,GO LTF,"Aug 06, 1976",PRIVATE
T3025,"Undeter
mined","Aug 31, 1975",T1843,"T18
79","Birth/Ha
tch","Aug 31, 1975",ST PAUL
,,,,,Death,"Aug 31, 1975",ST PAUL
T3026,Male,"Sep 02, 1975",T1436,"T16
85","Birth/Ha
tch","Sep 02, 1975",LOUISVILL
,,,,,Transfer,"Apr 30, 1980",PRIVATE
,,,,,GO LTF,"Apr 30, 1980",PRIVATE
T3027,Male,"Sep 02, 1975",T1436,T16 85,Birth/Ha tch,"Sep 02, 1975",LOUISVILL
,,,,,Transfer,"Apr 30, 1980",PRIVATE
,,,,,GO LTF,"Apr 30, 1980",PRIVATE
T3028,Female,"Sep 02, 1975",UND,UND,"Birth/Ha
tch","Sep 02, 1975",LOUISVILL
,,,,,Transfer,"Apr 30, 1980",PRIVATE
,,,,,GO LTF,"Apr 30, 1980",PRIVATE
T3029,Female,"Sep 05, 1975",T1912,T20 07,Birth/Ha tch,"Sep 05, 1975",FORTWORTH
,,,,,Transfer,"Sep 13, 1977",PRIVATE
,,,,,GO LTF,"Sep 13, 1977",PRIVATE
T3030,Female,"Sep 05, 1975",T1912,"T20
07","Birth/Ha
tch","Sep 05, 1975",FORTWORTH
,,,,,Transfer,"Dec 12, 1975",PRIVATE
,,,,,GO LTF,"Dec 12, 1975",PRIVATE
T3031,Male,"Sep 05, 1975",T1912,"T20
07","Birth/Ha
tch","Sep 05, 1975",FORTWORTH
,,,,,Transfer,"Mar 28, 1977",PRIVATE
,,,,,GO LTF,"Mar 28, 1977",PRIVATE
T3032,Male,"Sep 05, 1975",T1912,"T20
07","Birth/Ha
tch","Sep 05, 1975",FORTWORTH
,,,,,Transfer,"Mar 28, 1977",PRIVATE
,,,,,GO LTF,"Mar 28, 1977",PRIVATE
T3038,Male,"Oct 06, 1975",T1934,UND,"Birth/Ha
tch","Oct 06, 1975",BROWNSVIL
,,,,,Transfer,"Mar 19, 1976",ST LOUIS
,,,,,Death,"May 07, 1992",ST LOUIS
T3039,Female,"Oct 06, 1975",T1934,UND,"Birth/Ha
tch","Oct 06, 1975",BROWNSVIL
,,,,,Transfer,"Mar 19, 1976",ST LOUIS
,,,,,Death,"Aug 27, 1989",ST LOUIS
T3040,Female,"Oct 06, 1975",T1436,"T25
49","Birth/Ha
tch","Oct 06, 1975",LOUISVILL
,,,,,Death,"Oct 29, 1975",LOUISVILL
T3041,Male,"Oct 10, 1975",UND,UND,Birth/Ha tch,"Oct 10, 1975",BUSCH TAM
,,,,,Transfer,"Sep 15, 1976",TATUM E
,,,,,GO LTF,"Sep 15, 1976",TATUM E
T3042,Female,"Oct 10, 1975 +/- 15 day",UND,UND,"Birth/Ha
tch","Oct 10, 1975 +/- 15 day",Undetermined
,,,,,Transfer,Undetermined,PRIVATE
,,,,,Transfer,"Jul 09, 1976",PHOENIX
,,,,,Transfer,"Jul 16, 1976",PRIVATE
,,,,,GO LTF,"Jul 16, 1976",PRIVATE
T3043,Female,"Oct 21, 1975",T1761,"T13
87","Birth/Ha
tch","Oct 21, 1975",DULUTH
,,,,,Death,"Mar 23, 1985",DULUTH
T3044,Male,"Oct 23, 1975",T2157,"T21
19","Birth/Ha
tch","Oct 23, 1975",ROCHESTER
,,,,,Transfer,"Feb 23, 1976",PRIVATE
,,,,,GO LTF,"Feb 23, 1976",PRIVATE
T3045,Female,"Oct 23, 1975",T2157,"T21
19","Birth/Ha
tch","Oct 23, 1975",ROCHESTER
,,,,,Transfer,"Feb 23, 1976",PRIVATE
,,,,,GO LTF,"Feb 23, 1976",PRIVATE
T3046,Female,"Oct 23, 1975",T2157,"T21
19","Birth/Ha
tch","Oct 23, 1975",ROCHESTER
,,,,,Transfer,"Feb 23, 1976",PRIVATE
,,,,,GO LTF,"Feb 23, 1976",PRIVATE
T3047,Female,"Oct 23, 1975",T2157,"T21
19","Birth/Ha
tch","Oct 23, 1975",ROCHESTER
,,,,,Transfer,"Feb 23, 1976",PRIVATE
,,,,,GO LTF,"Feb 23, 1976",PRIVATE
T3048,Female,"Nov 06, 1975",T2270,"T22
86","Birth/Ha
tch","Nov 06, 1975",KNOXVILLE
,,,,,Transfer,"Dec 14, 1988",PRIVATE
,,,,,GO LTF,"Dec 14, 1988",PRIVATE
T3049,Male,"Nov 22, 1975",T2669,"T26
15","Birth/Ha
tch","Nov 22, 1975",STONEHAM
,,,,,Transfer,"Oct 11, 1977",CATSKILL
,,,,,GO LTF,"Oct 11, 1977",CATSKILL
T3050,Male,"Nov 22, 1975",T2669,T26 15,Birth/Ha tch,"Nov 22, 1975",STONEHAM
,,,,,Transfer,"Oct 11, 1977",CATSKILL
,,,,,GO LTF,"Oct 11, 1977",CATSKILL
T3053,"Undeter
mined","Dec 10, 1975",UND,UND,"Birth/Ha
tch","Dec 10, 1975",SD-WAP
,,,,,Death,"Dec 11, 1975",SD-WAP
T3054,"Undeter
mined","Dec 10, 1975",UND,UND,"Birth/Ha
tch","Dec 10, 1975",SD-WAP
,,,,,Death,"Dec 11, 1975",SD-WAP
T3055,Undeter mined,"Dec 10, 1975",UND,UND,Birth/Ha tch,"Dec 10, 1975",SD-WAP
,,,,,Death,"Dec 11, 1975",SD-WAP
T3056,Undeter mined,"Dec 10, 1975",UND,UND,Birth/Ha tch,"Dec 10, 1975",SD-WAP
,,,,,Death,"Dec 11, 1975",SD-WAP
T3057,"Undeter
mined","Dec 10, 1975",UND,UND,"Birth/Ha
tch","Dec 10, 1975",SD-WAP
,,,,,Death,"Dec 11, 1975",SD-WAP
T3058,"Undeter
mined","Dec 10, 1975",UND,UND,"Birth/Ha
tch","Dec 10, 1975",SD-WAP
,,,,,Death,"Dec 11, 1975",SD-WAP
T3060,Female,"Dec 23, 1975",UND,UND,"Birth/Ha
tch","Dec 23, 1975",DES MOINE
,,,,,Transfer,"May 01, 1977",OMAHA
,,,,,Death,"Oct 02, 1984",OMAHA
T3062,Male,"Jan 01, 1976 +/-
6 month",UND,UND,Birth/Ha tch,"Jan 01, 1976 +/-
6 month",Undetermined
,,,,,Transfer,"Jan 01, 1977",METROZOO
,,,,,Transfer,"Sep 24, 1983",PRIVATE
,,,,,GO LTF,"Sep 24, 1983",PRIVATE
T3063,Male,"Jan 01, 1976",UND,UND,"Birth/Ha
tch","Jan 01, 1976",Undetermined
,,,,,Transfer,Undetermined,PRIVATE
,,,,,Transfer,"Dec 04, 1977",KNOXVILLE
,,,,,Transfer,"Feb 17, 1978",PRIVATE
,,,,,GO LTF,"Feb 17, 1978",PRIVATE
T3065,"Undeter
mined","Jan 18, 1976",T2229,"T22
28","Birth/Ha
tch","Jan 18, 1976",CHICAGOLP
,,,,,Death,"Jan 18, 1976",CHICAGOLP
T3066,Female,"Jan 18, 1976",T2229,"T22
28","Birth/Ha
tch","Jan 18, 1976",CHICAGOLP
,,,,,Death,"Jan 21, 1976",CHICAGOLP
T3067,Female,"Jan 18, 1976",T2229,"T22
28","Birth/Ha
tch","Jan 18, 1976",CHICAGOLP
,,,,,Death,"May 06, 1980",CHICAGOLP
T3068,Female,"Jan 24, 1976",T1874,T21 08,Birth/Ha tch,"Jan 24, 1976",DALLAS
,,,,,Death,"Jan 27, 1976",DALLAS
T3070,Female,"Feb 09, 1976",T2532,T24 20,Birth/Ha tch,"Feb 09, 1976",CLEVELAND
,,,,,Death,"Feb 09, 1976",CLEVELAND
T3071,Female,"Feb 09, 1976",T2532,"T24
20","Birth/Ha
tch","Feb 09, 1976",CLEVELAND
,,,,,Death,"Feb 09, 1976",CLEVELAND
T3072,Female,"Feb 12, 1976",T2532,"T24
20","Birth/Ha
tch","Feb 12, 1976",CLEVELAND
,,,,,Death,"Feb 13, 1976",CLEVELAND
T3073,Male,"Feb 12, 1976",T2532,"T24
20","Birth/Ha
tch","Feb 12, 1976",CLEVELAND
,,,,,Death,"Feb 13, 1976",CLEVELAND
T3074,Male,"Mar 30, 1976",UND,UND,"Birth/Ha
tch","Mar 30, 1976",TORONTO
,,,,,Death,"Mar 30, 1976",TORONTO
T3075,Undeter mined,"Apr 06, 1976",UND,T18 80,Birth/Ha tch,"Apr 06, 1976",BUSCH TAM
,,,,,Death,"May 28, 1976",BUSCH TAM
T3077,Male,"May 01, 1976",T1614,T24 76,Birth/Ha tch,"May 01, 1976",WINSTON
,,,,,Transfer,"Feb 24, 1986",PRIVATE
,,,,,GO LTF,"Feb 24, 1986",PRIVATE
T3078,Female,"May 01, 1976",UND,UND,Birth/Ha tch,"May 01, 1976",PRIVATE
,,,,,Transfer,"Dec 30, 1977",KNOXVILLE
,,,,,Transfer,"Dec 14, 1988",PRIVATE
,,,,,GO LTF,"Dec 14, 1988",PRIVATE
T3081,Male,"May 05, 1976",T2608,"T26
09","Birth/Ha
tch","May 05, 1976",COLO SPRG
,,,,,Transfer,"Aug 30, 1978",AUDUBON
,,,,,Transfer,"Aug 12, 1980",CHICAGOLP
,,,,,Transfer,"Aug 13, 1980",LOSANGELE
,,,,,Death,"Oct 15, 1992",LOSANGELE
T3082,Female,"May 05, 1976",T2608,"T26
09","Birth/Ha
tch","May 05, 1976",COLO SPRG
,,,,,Transfer,"Sep 13, 1978",AUDUBON
,,,,,Transfer,"Jul 25, 1983",ALEXANDRI
,,,,,Transfer,"Dec 15, 1983",AUDUBON
,,,,,Death,"Feb 28, 1993",AUDUBON
T3083,Female,"May 17, 1976",T2157,"T21
19","Birth/Ha
tch","May 17, 1976",ROCHESTER
,,,,,Transfer,"Jul 05, 1976",PRIVATE
,,,,,GO LTF,"Jul 05, 1976",PRIVATE
T3084,Female,"May 17, 1976",T2157,T21 19,Birth/Ha tch,"May 17, 1976",ROCHESTER
,,,,,Transfer,"Jul 05, 1976",PRIVATE
,,,,,GO LTF,"Jul 05, 1976",PRIVATE
T3085,Female,"May 17, 1976",T2157,"T21
19","Birth/Ha
tch","May 17, 1976",ROCHESTER
,,,,,Death,"May 20, 1976",ROCHESTER
T3086,Female,"May 18, 1976",UND,"T50
49","Birth/Ha
tch","May 18, 1976",BUSCH TAM
,,,,,Transfer,"May 31, 1977",JOHNSON B
,,,,,GO LTF,"May 31, 1977",JOHNSON B
T3087,Female,"May 18, 1976",UND,T50 49,Birth/Ha tch,"May 18, 1976",BUSCH TAM
,,,,,Transfer,"May 31, 1977",JOHNSON B
,,,,,GO LTF,"May 31, 1977",JOHNSON B
T3088,Undeter mined,"May 18, 1976",UND,T50 49,Birth/Ha tch,"May 18, 1976",BUSCH TAM
,,,,,Death,"May 22, 1976",BUSCH TAM
T3089,Undeter mined,"May 18, 1976",UND,T50 49,Birth/Ha tch,"May 18, 1976",BUSCH TAM
,,,,,Death,"May 22, 1976",BUSCH TAM
T3090,Female,"May 24, 1976",UND,UND,"Birth/Ha
tch","May 24, 1976",PRIVATE
,,,,,Transfer,"Dec 30, 1977",KNOXVILLE
,,,,,Death,"Jul 30, 1986",KNOXVILLE
T3091,Female,Undetermined,T1722,"T26
49","Birth/Ha
tch",Undetermined,MEMPHIS
,,,,,Death,"May 26, 1976",MEMPHIS
T3094,"Undeter
mined","May 29, 1976",T2229,"T22
28","Birth/Ha
tch","May 29, 1976",CHICAGOLP
,,,,,Death,"May 29, 1976",CHICAGOLP
T3095,Undeter mined,"May 29, 1976",T2229,T22 28,Birth/Ha tch,"May 29, 1976",CHICAGOLP
,,,,,Death,"Jun 06, 1976",CHICAGOLP
T3098,Male,"Dec 30, 1975 +/- 1 day",UND,UND,"Birth/Ha
tch","Dec 30, 1975 +/- 1 day",Undetermined
,,,,,Transfer,Undetermined,PRIVATE
,,,,,Transfer,"Jun 01, 1976",ST PAUL
,,,,,Transfer,"Dec 31, 1976",PRIVATE
,,,,,GO LTF,"Dec 31, 1976",PRIVATE
T3099,Female,"Jun 18, 1976",UND,UND,Birth/Ha tch,"Jun 18, 1976",PRIVATE
,,,,,Transfer,"Jul 14, 1976",CINCINNAT
,,,,,Transfer,"Oct 07, 1977",PRIVATE
,,,,,GO LTF,"Oct 07, 1977",PRIVATE
T3100,Female,"Jun 19, 1976 +/- 15 day",UND,UND,Birth/Ha tch,"Jun 19, 1976 +/- 15 day",Undetermined
,,,,,Transfer,Undetermined,PRIVATE
,,,,,Transfer,"Jan 19, 1977",NY BRONX
,,,,,Death,"May 03, 1988",NY BRONX
T3101,Female,"Jun 25, 1976",UND,T23 00,Birth/Ha tch,"Jun 25, 1976",TULSA
,,,,,Death,"Jun 30, 1976",TULSA
T3102,Male,"Jun 25, 1976",UND,T23 00,Birth/Ha tch,"Jun 25, 1976",TULSA
,,,,,Death,"Jun 29, 1976",TULSA
T3103,Female,"Jun 25, 1976",UND,"T23
00","Birth/Ha
tch","Jun 25, 1976",TULSA
,,,,,Death,"Jun 29, 1976",TULSA
T3104,Female,"Jul 01, 1976",UND,UND,"Birth/Ha
tch","Jul 01, 1976",PRIVATE
,,,,,Transfer,"Jul 14, 1976",CINCINNAT
,,,,,Transfer,"Oct 07, 1977",PRIVATE
,,,,,GO LTF,"Oct 07, 1977",PRIVATE
T3105,Male,"Jul 03, 1976",UND,UND,Birth/Ha tch,"Jul 03, 1976",PORTLAND
,,,,,Transfer,"Jul 03, 1976",PRIVATE
,,,,,GO LTF,"Jul 03, 1976",PRIVATE
T3106,Female,"Jul 03, 1976",UND,UND,"Birth/Ha
tch","Jul 03, 1976",PORTLAND
,,,,,Transfer,"Jul 03, 1976",PRIVATE
,,,,,GO LTF,"Jul 03, 1976",PRIVATE
T3107,Female,"Jul 03, 1976",UND,UND,Birth/Ha tch,"Jul 03, 1976",PORTLAND
,,,,,Transfer,"Jul 03, 1976",PRIVATE
,,,,,GO LTF,"Jul 03, 1976",PRIVATE
T3108,Male,"Jul 18, 1976",UND,"T50
50","Birth/Ha
tch","Jul 18, 1976",BUSCH TAM
,,,,,Transfer,"Mar 11, 1977",JOHNSON B
,,,,,GO LTF,"Mar 11, 1977",JOHNSON B
T3109,Female,"Jul 18, 1976",UND,T50 50,Birth/Ha tch,"Jul 18, 1976",BUSCH TAM
,,,,,Transfer,"Mar 11, 1977",JOHNSON B
,,,,,GO LTF,"Mar 11, 1977",JOHNSON B
T3110,Female,"Jul 19, 1976",UND,"T18
81","Birth/Ha
tch","Jul 19, 1976",BUSCH TAM
,,,,,Death,"Jul 19, 1976",BUSCH TAM
T3117,Male,"Aug 01, 1976",T1722,T26 48,Birth/Ha tch,"Aug 01, 1976",MEMPHIS
,,,,,Death,"Aug 01, 1976",MEMPHIS
T3118,Male,"Aug 02, 1976",T2128,"T23
03","Birth/Ha
tch","Aug 02, 1976",PHOENIX
,,,,,Transfer,"Jun 21, 1978",PRIVATE
,,,,,GO LTF,"Jun 21, 1978",PRIVATE
T3119,Male,"Aug 02, 1976",T2128,"T23
03","Birth/Ha
tch","Aug 02, 1976",PHOENIX
,,,,,Transfer,"Sep 21, 1976",PRIVATE
,,,,,GO LTF,"Sep 21, 1976",PRIVATE
T3120,Male,"Aug 02, 1976",T2128,T23 03,Birth/Ha tch,"Aug 02, 1976",PHOENIX
,,,,,Transfer,"Sep 21, 1976",PRIVATE
,,,,,GO LTF,"Sep 21, 1976",PRIVATE
T3121,"Undeter
mined","Aug 10, 1976",T2373,"T19
95","Birth/Ha
tch","Aug 10, 1976",GRANBY
,,,,,Transfer,"Jan 20, 1984",LAVAL
,,,,,Transfer,"Jan 20, 1984",UNDETERMI
,,,,,GO LTF,"Jan 20, 1984",UNDETERMI
T3122,Female,"Aug 10, 1976",T2373,T19 95,Birth/Ha tch,"Aug 10, 1976",GRANBY
,,,,,Death,"Apr 20, 1988",GRANBY
T3123,Male,"Aug 17, 1976",UND,T18 80,Birth/Ha tch,"Aug 17, 1976",BUSCH TAM
,,,,,Transfer,"Nov 04, 1976",PENROSE
,,,,,GO LTF,"Nov 04, 1976",PENROSE
T3124,Female,"Aug 17, 1976",UND,"T18
80","Birth/Ha
tch","Aug 17, 1976",BUSCH TAM
,,,,,Transfer,"Nov 04, 1976",PENROSE
,,,,,GO LTF,"Nov 04, 1976",PENROSE
T3129,Male,"Sep 10, 1976 +/-
6 month",UND,UND,Birth/Ha tch,"Sep 10, 1976 +/-
6 month",Undetermined
,,,,,Transfer,Undetermined,PRIVATE
,,,,,Transfer,"Sep 10, 1979",GARDENCTY
,,,,,Death,"Sep 05, 1996",GARDENCTY
T3130,Female,"Sep 10, 1976 +/-
6 month",UND,UND,"Birth/Ha
tch","Sep 10, 1976 +/-
6 month",Undetermined
,,,,,Transfer,Undetermined,PRIVATE
,,,,,Transfer,"Sep 10, 1979",GARDENCTY
,,,,,Death,"Jun 13, 1996",GARDENCTY
T3132,Female,"Oct 17, 1976",T2229,T22 28,Birth/Ha tch,"Oct 17, 1976",CHICAGOLP
,,,,,Death,"Nov 10, 1976",CHICAGOLP
T3133,Female,"Oct 17, 1976",T2229,"T22
28","Birth/Ha
tch","Oct 17, 1976",CHICAGOLP
,,,,,Transfer,"Apr 27, 1977",LOSANGELE
,,,,,Death,"Jan 20, 1981",LOSANGELE
T3134,Female,"Oct 17, 1976",T2229,"T22
28","Birth/Ha
tch","Oct 17, 1976",CHICAGOLP
,,,,,Transfer,"Apr 27, 1977",LOSANGELE
,,,,,Transfer,"Feb 26, 1981",CHICAGOLP
,,,,,Transfer,"Dec 07, 1981",SD-WAP
,,,,,Death,"Apr 14, 1982",SD-WAP
T3137,Female,"Nov 08, 1976",UND,"T23
00","Birth/Ha
tch","Nov 08, 1976",TULSA
,,,,,Transfer,"Nov 30, 1976",PRIVATE
,,,,,GO LTF,"Nov 30, 1976",PRIVATE
T3138,Male,"Nov 08, 1976",UND,T23 00,Birth/Ha tch,"Nov 08, 1976",TULSA
,,,,,Transfer,"Nov 30, 1976",PRIVATE
,,,,,GO LTF,"Nov 30, 1976",PRIVATE
T3139,Male,"Nov 10, 1976",T1900,"T24
92","Birth/Ha
tch","Nov 10, 1976",EVANSVLLE
,,,,,Death,"Nov 10, 1976",EVANSVLLE
T3140,Female,"Nov 10, 1976",T1900,"T24
92","Birth/Ha
tch","Nov 10, 1976",EVANSVLLE
,,,,,Death,"Nov 10, 1976",EVANSVLLE
T3141,Female,"Nov 10, 1976",T1900,"T24
92","Birth/Ha
tch","Nov 10, 1976",EVANSVLLE
,,,,,Death,"Nov 10, 1976",EVANSVLLE
T3142,Male,"Nov 13, 1976 +/- 1 day",UND,UND,Birth/Ha tch,"Nov 13, 1976 +/- 1 day",DES MOINE
,,,,,Transfer,"Jan 13, 1977",OKLAHOMA
,,,,,Death,"Mar 31, 1993",OKLAHOMA
T3143,Female,"Nov 18, 1976",UND,UND,"Birth/Ha
tch","Nov 18, 1976",LANSING
,,,,,Transfer,"Jul 28, 1986",PRIVATE
,,,,,GO LTF,"Jul 28, 1986",PRIVATE
T3144,Male,"Nov 18, 1976",UND,UND,Birth/Ha tch,"Nov 18, 1976",LANSING
,,,,,Transfer,"Jul 28, 1986",PRIVATE
,,,,,GO LTF,"Jul 28, 1986",PRIVATE
T3145,Female,"Dec 12, 1976 +/-
6 month",UND,UND,"Birth/Ha
tch","Dec 12, 1976 +/-
6 month",Undetermined
,,,,,Transfer,Undetermined,PRIVATE
,,,,,Transfer,"Dec 12, 1980",FORTWORTH
,,,,,Death,"Nov 16, 1994",FORTWORTH
T3146,Female,"Jan 01, 1977",UND,UND,"Birth/Ha
tch","Jan 01, 1977",W PALM BE
,,,,,Death,"Apr 12, 1990",W PALM BE
T3147,Male,"Jan 04, 1977",T1698,"T18
20","Birth/Ha
tch","Jan 04, 1977",NZP-WASH
,,,,,Death,"May 07, 1984",NZP-WASH
T3148,Female,"Jan 04, 1977",T1698,"T18
20","Birth/Ha
tch","Jan 04, 1977",NZP-WASH
,,,,,Transfer,"Oct 27, 1979",BATONROUG
,,,,,Transfer,"Mar 18, 1984",PRIVATE
,,,,,GO LTF,"Mar 18, 1984",PRIVATE
T3149,"Undeter
mined","Jan 11, 1977",UND,"T18
80","Birth/Ha
tch","Jan 11, 1977",BUSCH TAM
,,,,,Transfer,"Mar 01, 1977",PRIVATE
,,,,,GO LTF,"Mar 01, 1977",PRIVATE
T3150,"Undeter
mined","Jan 11, 1977",UND,"T18
80","Birth/Ha
tch","Jan 11, 1977",BUSCH TAM
,,,,,Transfer,"Mar 01, 1977",PRIVATE
,,,,,GO LTF,"Mar 01, 1977",PRIVATE
T3151,Male,"Jan 26, 1977",UND,T50 50,Birth/Ha tch,"Jan 26, 1977",BUSCH TAM
,,,,,Death,"Jan 26, 1977",BUSCH TAM
T3152,Female,"Jan 26, 1977",UND,"T50
50","Birth/Ha
tch","Jan 26, 1977",BUSCH TAM
,,,,,Death,"Jan 26, 1977",BUSCH TAM
T3153,Female,"Jan 26, 1977",UND,"T50
50","Birth/Ha
tch","Jan 26, 1977",BUSCH TAM
,,,,,Death,"Jan 30, 1977",BUSCH TAM
T3154,Female,"Jan 26, 1977",UND,"T50
50","Birth/Ha
tch","Jan 26, 1977",BUSCH TAM
,,,,,Death,"Jan 30, 1977",BUSCH TAM
T3155,Female,"Jan 26, 1977",UND,UND,"Birth/Ha
tch","Jan 26, 1977",BUSCH TAM
,,,,,Death,"Feb 04, 1977",BUSCH TAM
T3156,Male,"Feb 16, 1977",T2157,T21 19,Birth/Ha tch,"Feb 16, 1977",ROCHESTER
,,,,,Death,"Feb 19, 1977",ROCHESTER
T3157,Male,"Feb 16, 1977",T2157,"T21
19","Birth/Ha
tch","Feb 16, 1977",ROCHESTER
,,,,,Death,"Feb 16, 1977",ROCHESTER
T3158,Male,"Feb 16, 1977",T2157,"T21
19","Birth/Ha
tch","Feb 16, 1977",ROCHESTER
,,,,,Transfer,"Mar 27, 1978",PRIVATE
,,,,,GO LTF,"Mar 27, 1978",PRIVATE
T3159,Female,"Feb 16, 1977",T2157,"T21
19","Birth/Ha
tch","Feb 16, 1977",ROCHESTER
,,,,,Transfer,"Mar 27, 1978",PRIVATE
,,,,,GO LTF,"Mar 27, 1978",PRIVATE
T3160,Male,"Feb 23, 1977",UND,UND,"Birth/Ha
tch","Feb 23, 1977",PRIVATE
,,,,,Transfer,"Aug 03, 1978",SD-WAP
,,,,,Transfer,"Nov 27, 1986",PRIVATE
,,,,,GO LTF,"Nov 27, 1986",PRIVATE
T3161,Male,"Feb 23, 1977",UND,UND,Birth/Ha tch,"Feb 23, 1977",PRIVATE
,,,,,Transfer,"Aug 03, 1978",SANDIEGOZ
,,,,,Death,"Sep 23, 1990",SANDIEGOZ
T3162,Male,"Feb 23, 1977",UND,UND,"Birth/Ha
tch","Feb 23, 1977",NZP-WASH
,,,,,Transfer,"Oct 27, 1979",BATONROUG
,,,,,Transfer,"Mar 18, 1984",PRIVATE
,,,,,GO LTF,"Mar 18, 1984",PRIVATE
T3163,Male,"Feb 23, 1977",UND,UND,Birth/Ha tch,"Feb 23, 1977",PRIVATE
,,,,,Transfer,"Sep 13, 1978",KNOXVILLE
,,,,,Transfer,"Jul 26, 1982",JACKSON
,,,,,Death,"Sep 23, 1990",JACKSON
T3164,Male,"Feb 23, 1977",UND,UND,"Birth/Ha
tch","Feb 23, 1977",NZP-WASH
,,,,,Transfer,"Oct 27, 1979",BATONROUG
,,,,,Transfer,"Sep 09, 1983",PRIVATE
,,,,,GO LTF,"Sep 09, 1983",PRIVATE
T3165,Female,"Feb 28, 1977",T2229,"T22
28","Birth/Ha
tch","Feb 28, 1977",CHICAGOLP
,,,,,Death,"Feb 28, 1977",CHICAGOLP
T3166,Male,"Mar 03, 1977",T2229,"T22
28","Birth/Ha
tch","Mar 03, 1977",CHICAGOLP
,,,,,Death,"Mar 03, 1977",CHICAGOLP
T3167,Female,"Mar 03, 1977",T2229,"T22
28","Birth/Ha
tch","Mar 03, 1977",CHICAGOLP
,,,,,Death,"Mar 03, 1977",CHICAGOLP
T3168,Male,"Apr 07, 1977",UND,T50 49,Birth/Ha tch,"Apr 07, 1977",BUSCH TAM
,,,,,Death,"May 09, 1977",BUSCH TAM
T3169,Female,"Apr 07, 1977",UND,T50 49,Birth/Ha tch,"Apr 07, 1977",BUSCH TAM
,,,,,Death,"May 08, 1977",BUSCH TAM
T3170,Male,"Apr 09, 1977",T2737,"T28
36","Birth/Ha
tch","Apr 09, 1977",MINOT
,,,,,Transfer,"Jun 09, 1977",PRIVATE
,,,,,GO LTF,"Jun 09, 1977",PRIVATE
T3171,Female,"Apr 09, 1977",T2737,"T28
36","Birth/Ha
tch","Apr 09, 1977",MINOT
,,,,,Transfer,"Jun 09, 1977",PRIVATE
,,,,,GO LTF,"Jun 09, 1977",PRIVATE
T3172,Female,"Apr 09, 1977",T2737,"T28
36","Birth/Ha
tch","Apr 09, 1977",MINOT
,,,,,Transfer,"Jun 09, 1977",PRIVATE
,,,,,GO LTF,"Jun 09, 1977",PRIVATE
T3173,Female,"Apr 09, 1977",T1900,"T24
92","Birth/Ha
tch","Apr 09, 1977",EVANSVLLE
,,,,,Transfer,"Apr 14, 1977",PRIVATE
,,,,,GO LTF,"Apr 14, 1977",PRIVATE
T3174,Female,"Apr 09, 1977",T1900,"T24
92","Birth/Ha
tch","Apr 09, 1977",EVANSVLLE
,,,,,Transfer,"Apr 14, 1977",PRIVATE
,,,,,GO LTF,"Apr 14, 1977",PRIVATE
T3175,Female,"Apr 09, 1977",T1900,"T24
92","Birth/Ha
tch","Apr 09, 1977",EVANSVLLE
,,,,,Transfer,"Apr 14, 1977",PRIVATE
,,,,,GO LTF,"Apr 14, 1977",PRIVATE
T3177,Female,"Apr 11, 1977 +/- 15 day",T1900,"T24
92","Birth/Ha
tch","Apr 11, 1977 +/- 15 day",EVANSVLLE
,,,,,Transfer,Undetermined,PRIVATE
,,,,,Transfer,"Jul 12, 1977",UTICA
,,,,,Transfer,"Jun 04, 1987",ROCKTON
,,,,,Death,"Oct 17, 1995",ROCKTON
T3184,Male,"Apr 26, 1977",T1742,"T19
42","Birth/Ha
tch","Apr 26, 1977",DETROIT
,,,,,Transfer,"Jun 24, 1978",PRIVATE
,,,,,GO LTF,"Jun 24, 1978",PRIVATE
T3185,Male,"Apr 26, 1977",T1742,T19 42,Birth/Ha tch,"Apr 26, 1977",DETROIT
,,,,,Transfer,"Jul 30, 1980",PRIVATE
,,,,,GO LTF,"Jul 30, 1980",PRIVATE
T3186,Female,"Apr 26, 1977",T1742,T19 42,Birth/Ha tch,"Apr 26, 1977",DETROIT
,,,,,Transfer,"Jun 24, 1978",PRIVATE
,,,,,GO LTF,"Jun 24, 1978",PRIVATE
T3187,Male,"May 24, 1977",T2800,"T26
98","Birth/Ha
tch","May 24, 1977",WNCNATCTR
,,,,,GO LTF,"May 24, 1977",WNCNATCTR
T3188,"Undeter
mined","May 24, 1977",UND,UND,"Birth/Ha
tch","May 24, 1977",NY BRONX
,,,,,Transfer,"May 31, 1977",PRIVATE
,,,,,GO LTF,"May 31, 1977",PRIVATE
T3189,Undeter mined,"May 24, 1977",UND,UND,Birth/Ha tch,"May 24, 1977",NY BRONX
,,,,,Transfer,"May 31, 1977",PRIVATE
,,,,,GO LTF,"May 31, 1977",PRIVATE
T3190,Female,"Jun 01, 1977 +/- 1 day",UND,UND,"Birth/Ha
tch","Jun 01, 1977 +/- 1 day",Undetermined
,,,,,Transfer,Undetermined,PRIVATE
,,,,,Transfer,"Dec 04, 1977",KNOXVILLE
,,,,,Transfer,"Feb 17, 1978",PRIVATE
,,,,,GO LTF,"Feb 17, 1978",PRIVATE
T3195,Female,"Jun 06, 1977",T2750,"T27
51","Birth/Ha
tch","Jun 06, 1977",FORTWORTH
,,,,,Transfer,"Jun 30, 1977",PRIVATE
,,,,,GO LTF,"Jun 30, 1977",PRIVATE
T3196,Female,"Jun 06, 1977",T2750,"T27
51","Birth/Ha
tch","Jun 06, 1977",FORTWORTH
,,,,,Transfer,"Jun 30, 1977",PRIVATE
,,,,,GO LTF,"Jun 30, 1977",PRIVATE
T3197,Male,"Jun 12, 1977",T4341,"T36
62","Birth/Ha
tch","Jun 12, 1977",BINGHAMTO
,,,,,Transfer,"Jun 17, 1977",UTICA
,,,,,Transfer,"Apr 03, 1982",PRIVATE
,,,,,Transfer,"Jun 04, 1987",ROCKTON
,,,,,Death,"Nov 23, 1996",ROCKTON
T3198,Female,"Jun 26, 1977",T2608,T26 09,Birth/Ha tch,"Jun 26, 1977",COLO SPRG
,,,,,Transfer,"Jan 13, 1982",PRIVATE
,,,,,Transfer,"Sep 28, 1985",MINNESOTA
,,,,,Transfer,"May 13, 1994",AUDUBON
,,,,,Death,"Nov 11, 1995",AUDUBON
T3199,Female,"Jun 26, 1977",T2608,"T26
09","Birth/Ha
tch","Jun 26, 1977",COLO SPRG
,,,,,Transfer,"Jun 26, 1979",PHILADELP
,,,,,Transfer,"May 18, 1993",CAPE MAY
,,,,,Death,"Sep 27, 1996",CAPE MAY
T3200,Female,"Jun 26, 1977",T2608,"T26
09","Birth/Ha
tch","Jun 26, 1977",COLO SPRG
,,,,,Transfer,"Aug 07, 1979",PHILADELP
,,,,,Death,"Jul 21, 1989",PHILADELP
T3202,Female,"Jul 03, 1977",UND,T23 68,Birth/Ha tch,"Jul 03, 1977",BROWNSVIL
,,,,,Death,"Jul 04, 1977",BROWNSVIL
T3203,Male,"Jul 03, 1977",UND,"T23
68","Birth/Ha
tch","Jul 03, 1977",BROWNSVIL
,,,,,Transfer,"Aug 10, 1977",PRIVATE
,,,,,GO LTF,"Aug 10, 1977",PRIVATE
T3204,Female,"Jul 03, 1977",UND,"T23
68","Birth/Ha
tch","Jul 03, 1977",BROWNSVIL
,,,,,Transfer,"Aug 10, 1977",PRIVATE
,,,,,GO LTF,"Aug 10, 1977",PRIVATE
T3205,Female,"Jul 03, 1977",UND,T23 68,Birth/Ha tch,"Jul 03, 1977",BROWNSVIL
,,,,,Transfer,"Aug 10, 1977",PRIVATE
,,,,,GO LTF,"Aug 10, 1977",PRIVATE
T3206,Female,"Jul 07, 1977",T1912,"T20
07","Birth/Ha
tch","Jul 07, 1977",FORTWORTH
,,,,,Transfer,"Jul 23, 1977",PRIVATE
,,,,,GO LTF,"Jul 23, 1977",PRIVATE
T3207,Female,"Jul 07, 1977",T1912,"T20
07","Birth/Ha
tch","Jul 07, 1977",FORTWORTH
,,,,,Transfer,"Jul 23, 1977",PRIVATE
,,,,,GO LTF,"Jul 23, 1977",PRIVATE
T3208,Female,"Jul 07, 1977",T1912,"T20
07","Birth/Ha
tch","Jul 07, 1977",FORTWORTH
,,,,,Death,"Aug 22, 1977",FORTWORTH
T3209,Male,"Jul 17, 1977",T2229,"T22
28","Birth/Ha
tch","Jul 17, 1977",CHICAGOLP
,,,,,Transfer,"Dec 02, 1977",LOSANGELE
,,,,,Transfer,"Aug 13, 1980",AUDUBON
,,,,,Transfer,"Sep 26, 1983",KNOXVILLE
,,,,,Death,"Jun 28, 1995",KNOXVILLE
T3214,Male,"Jul 19, 1977",T2229,"T22
28","Birth/Ha
tch","Jul 19, 1977",CHICAGOLP
,,,,,Death,"Jul 19, 1977",CHICAGOLP
T3215,Male,"Jul 27, 1977",T2613,"T25
92","Birth/Ha
tch","Jul 27, 1977",BIRMINGHM
,,,,,Transfer,"Oct 31, 1977",PRIVATE
,,,,,GO LTF,"Oct 31, 1977",PRIVATE
T3216,Female,"Jul 27, 1977",T2613,"T25
92","Birth/Ha
tch","Jul 27, 1977",BIRMINGHM
,,,,,Transfer,"Oct 31, 1977",PRIVATE
,,,,,GO LTF,"Oct 31, 1977",PRIVATE
T3217,Male,"Jul 30, 1977 +/- 6 month",UND,UND,"Birth/Ha
tch","Jul 30, 1977 +/- 6 month",Undetermined
,,,,,Transfer,Undetermined,PRIVATE
,,,,,Transfer,"Jul 30, 1980",TOLEDO
,,,,,Death,"Oct 18, 1996",TOLEDO
T3219,Male,"Aug 01, 1977",T2396,"T24
32","Birth/Ha
tch","Aug 01, 1977",KNOXVILLE
,,,,,Death,"Jan 23, 1978",KNOXVILLE
T3220,Male,"Aug 01, 1977",UND,UND,"Birth/Ha
tch","Aug 01, 1977",KNOXVILLE
,,,,,Death,"Jan 16, 1978",KNOXVILLE
T3223,Male,"Aug 18, 1977",UND,UND,"Birth/Ha
tch","Aug 18, 1977",ST PAUL
,,,,,Death,"Sep 01, 1977",ST PAUL
T3224,Undeter mined,"Aug 18, 1977",UND,UND,Birth/Ha tch,"Aug 18, 1977",ST PAUL
,,,,,Transfer,"Dec 31, 1977",UNDETERMI
,,,,,GO LTF,"Dec 31, 1977",UNDETERMI
T3225,Undeter mined,"Aug 18, 1977",UND,UND,Birth/Ha tch,"Aug 18, 1977",ST PAUL
,,,,,Transfer,"Dec 31, 1977",UNDETERMI
,,,,,GO LTF,"Dec 31, 1977",UNDETERMI
T3229,Undeter mined,"Aug 20, 1977",T1900,T24 92,Birth/Ha tch,"Aug 20, 1977",EVANSVLLE
,,,,,Transfer,"Aug 25, 1977",PRIVATE
,,,,,GO LTF,"Aug 25, 1977",PRIVATE
T3230,"Undeter
mined","Aug 20, 1977",T1900,"T24
92","Birth/Ha
tch","Aug 20, 1977",EVANSVLLE
,,,,,Transfer,"Aug 25, 1977",PRIVATE
,,,,,GO LTF,"Aug 25, 1977",PRIVATE
T3231,Undeter mined,"Aug 20, 1977",T1900,T24 92,Birth/Ha tch,"Aug 20, 1977",EVANSVLLE
,,,,,Transfer,"Aug 25, 1977",PRIVATE
,,,,,GO LTF,"Aug 25, 1977",PRIVATE
T3239,Male,"Sep 02, 1977",T2532,"T24
20","Birth/Ha
tch","Sep 02, 1977",CLEVELAND
,,,,,Death,"Sep 08, 1977",CLEVELAND
T3243,Male,"Oct 11, 1977 +/-
6 month",UND,UND,"Birth/Ha
tch","Oct 11, 1977 +/-
6 month",Undetermined
,,,,,Transfer,Undetermined,PRIVATE
,,,,,Transfer,"Oct 11, 1984",S BARBARA
,,,,,Transfer,"Jan 04, 1985",PRIVATE
,,,,,GO LTF,"Jan 04, 1985",PRIVATE
T3244,Male,"Oct 14, 1977",T2929,"T29
30","Birth/Ha
tch","Oct 14, 1977",WINNIPEG
,,,,,Death,"Oct 14, 1977",WINNIPEG
T3245,Female,"Oct 14, 1977",T2929,"T29
30","Birth/Ha
tch","Oct 14, 1977",WINNIPEG
,,,,,Death,"Oct 14, 1977",WINNIPEG
T3246,Male,"Oct 14, 1977",T2929,T29 30,Birth/Ha tch,"Oct 14, 1977",WINNIPEG
,,,,,Death,"Oct 14, 1977",WINNIPEG
T3247,Female,"Oct 14, 1977",T2929,"T29
30","Birth/Ha
tch","Oct 14, 1977",WINNIPEG
,,,,,Death,"Oct 14, 1977",WINNIPEG
T3248,Male,"Oct 15, 1977",T2750,"T27
51","Birth/Ha
tch","Oct 15, 1977",FORTWORTH
,,,,,Transfer,"Oct 18, 1977",PRIVATE
,,,,,GO LTF,"Oct 18, 1977",PRIVATE
T3249,Female,"Oct 30, 1977",T2396,T24 31,Birth/Ha tch,"Oct 30, 1977",KNOXVILLE
,,,,,Transfer,"Mar 17, 1978",PRIVATE
,,,,,GO LTF,"Mar 17, 1978",PRIVATE
T3250,Female,"Oct 30, 1977",T2396,"T24
31","Birth/Ha
tch","Oct 30, 1977",KNOXVILLE
,,,,,Transfer,"Mar 17, 1978",PRIVATE
,,,,,GO LTF,"Mar 17, 1978",PRIVATE
T3251,Undeter mined,"Nov 01, 1977",T2924,T29 36,Birth/Ha tch,"Nov 01, 1977",ST PAUL
,,,,,Death,"Nov 01, 1977",ST PAUL
T3252,Female,"Nov 02, 1977",T2924,T29 36,Birth/Ha tch,"Nov 02, 1977",ST PAUL
,,,,,Death,"Nov 16, 1977",ST PAUL
T3253,Female,"Nov 03, 1977",T2924,T29 36,Birth/Ha tch,"Nov 03, 1977",ST PAUL
,,,,,Transfer,"Nov 30, 1977",GLEN OAK
,,,,,GO LTF,"Nov 30, 1977",GLEN OAK
T3254,Female,"Nov 05, 1977",T2924,UND,"Birth/Ha
tch","Nov 05, 1977",ST PAUL
,,,,,Transfer,"Dec 12, 1977",PRIVATE
,,,,,GO LTF,"Dec 12, 1977",PRIVATE
T3255,Female,"Nov 06, 1977",T2924,UND,Birth/Ha tch,"Nov 06, 1977",ST PAUL
,,,,,Death,"Nov 08, 1977",ST PAUL
T3256,Male,"Nov 06, 1977",T2924,UND,Birth/Ha tch,"Nov 06, 1977",ST PAUL
,,,,,Transfer,"Dec 12, 1977",PRIVATE
,,,,,GO LTF,"Dec 12, 1977",PRIVATE
T3257,Male,"Nov 13, 1977",UND,UND,"Birth/Ha
tch","Nov 13, 1977",BRIDGETON
,,,,,Transfer,"Jan 04, 1978",CAPE MAY
,,,,,Death,"Mar 26, 1991",CAPE MAY
T3260,Female,"Dec 26, 1977",T1900,"T24
92","Birth/Ha
tch","Dec 26, 1977",EVANSVLLE
,,,,,Transfer,"Dec 26, 1977",PRIVATE
,,,,,GO LTF,"Dec 26, 1977",PRIVATE
T3261,Female,"Dec 26, 1977",T1900,T24 92,Birth/Ha tch,"Dec 26, 1977",EVANSVLLE
,,,,,Transfer,"Dec 26, 1977",PRIVATE
,,,,,GO LTF,"Dec 26, 1977",PRIVATE
T3263,Female,"Feb 04, 1978 +/-
6 month",UND,UND,"Birth/Ha
tch","Feb 04, 1978 +/-
6 month",PRIVATE
,,,,,Transfer,"Feb 05, 1991",WINSTON
,,,,,Transfer,"Jun 01, 1993",PRIVATE
,,,,,GO LTF,"Jun 01, 1993",PRIVATE
T3264,"Undeter
mined","Feb 05, 1978",T2157,"T21
19","Birth/Ha
tch","Feb 05, 1978",ROCHESTER
,,,,,Death,"Feb 06, 1978",ROCHESTER
T3265,Male,"Feb 08, 1978 +/-
6 month",UND,UND,"Birth/Ha
tch","Feb 08, 1978 +/-
6 month",Undetermined
,,,,,Transfer,Undetermined,PRIVATE
,,,,,Transfer,"Feb 05, 1991",WINSTON
,,,,,Transfer,"Jun 01, 1993",PRIVATE
,,,,,GO LTF,"Jun 01, 1993",PRIVATE
T3268,Female,"Mar 16, 1978",UND,UND,"Birth/Ha
tch","Mar 16, 1978",PRIVATE
,,,,,Transfer,Undetermined,PRIVATE
,,,,,Transfer,"Jan 24, 1987",WINSTON
,,,,,Death,"Apr 11, 1990",WINSTON
T3269,Female,"Mar 21, 1978",UND,UND,Birth/Ha tch,"Mar 21, 1978",PRIVATE
,,,,,Transfer,"Mar 23, 1978",FT WAYNE
,,,,,Transfer,"Oct 19, 1978",PRIVATE
,,,,,GO LTF,"Oct 19, 1978",PRIVATE
T3270,Male,"Mar 21, 1978",UND,UND,"Birth/Ha
tch","Mar 21, 1978",PRIVATE
,,,,,Transfer,"Mar 23, 1978",FT WAYNE
,,,,,Transfer,"Sep 13, 1978",PRIVATE
,,,,,GO LTF,"Sep 13, 1978",PRIVATE
T3271,Male,"Mar 24, 1978",UND,"T29
36","Birth/Ha
tch","Mar 24, 1978",ST PAUL
,,,,,Transfer,"Mar 26, 1979",PRIVATE
,,,,,GO LTF,"Mar 26, 1979",PRIVATE
T3273,Female,"Apr 01, 1978",UND,UND,"Birth/Ha
tch","Apr 01, 1978",PRIVATE
,,,,,Transfer,Undetermined,PRIVATE
,,,,,Transfer,"Jan 24, 1987",WINSTON
,,,,,Transfer,"Jun 01, 1993",PRIVATE
,,,,,GO LTF,"Jun 01, 1993",PRIVATE
T3274,Female,"Apr 08, 1978",T2750,"T27
51","Birth/Ha
tch","Apr 08, 1978",FORTWORTH
,,,,,Transfer,"Aug 22, 1978",PRIVATE
,,,,,GO LTF,"Aug 22, 1978",PRIVATE
T3275,Female,"Apr 09, 1978",T2737,T28 36,Birth/Ha tch,"Apr 09, 1978",MINOT
,,,,,Transfer,"Jun 09, 1978",PRIVATE
,,,,,GO LTF,"Jun 09, 1978",PRIVATE
T3276,Male,"Apr 25, 1978",T2229,"T22
28","Birth/Ha
tch","Apr 25, 1978",CHICAGOLP
,,,,,Death,"Apr 25, 1978",CHICAGOLP
T3277,Female,"Apr 25, 1978",T2229,"T22
28","Birth/Ha
tch","Apr 25, 1978",CHICAGOLP
,,,,,Death,"Apr 25, 1978",CHICAGOLP
T3281,Male,"May 05, 1978",T2737,"T28
36","Birth/Ha
tch","May 05, 1978",MINOT
,,,,,Transfer,"Jul 17, 1978",PRIVATE
,,,,,GO LTF,"Jul 17, 1978",PRIVATE
T3282,Female,"May 05, 1978",T2737,"T28
36","Birth/Ha
tch","May 05, 1978",MINOT
,,,,,Transfer,"Jul 17, 1978",PRIVATE
,,,,,GO LTF,"Jul 17, 1978",PRIVATE
T3284,"Undeter
mined","May 26, 1978",T2613,"T25
92","Birth/Ha
tch","May 26, 1978",BIRMINGHM
,,,,,Transfer,"Oct 20, 1978",PRIVATE
,,,,,GO LTF,"Oct 20, 1978",PRIVATE
T3285,"Undeter
mined","May 26, 1978",T2613,"T25
92","Birth/Ha
tch","May 26, 1978",BIRMINGHM
,,,,,Transfer,"Oct 20, 1978",PRIVATE
,,,,,GO LTF,"Oct 20, 1978",PRIVATE
T3286,"Undeter
mined","May 26, 1978",T2613,"T25
92","Birth/Ha
tch","May 26, 1978",BIRMINGHM
,,,,,Transfer,"Oct 20, 1978",PRIVATE
,,,,,GO LTF,"Oct 20, 1978",PRIVATE
T3287,Female,"May 31, 1978",UND,UND,"Birth/Ha
tch","May 31, 1978",PRIVATE
,,,,,Transfer,"Aug 03, 1978",SANDIEGOZ
,,,,,Transfer,"Feb 25, 1989",HOLIDAY
,,,,,GO LTF,"Feb 25, 1989",HOLIDAY
T3288,Female,"May 31, 1978",UND,UND,"Birth/Ha
tch","May 31, 1978",PRIVATE
,,,,,Transfer,"Aug 03, 1978",SD-WAP
,,,,,Transfer,"Jun 03, 1986",SYRACUSE
,,,,,Death,"Feb 07, 1993",SYRACUSE
T3293,Female,"Jun 08, 1978 +/-
6 month",UND,UND,"Birth/Ha
tch","Jun 08, 1978 +/-
6 month",Undetermined
,,,,,Transfer,"Jun 09, 1979",METROZOO
,,,,,Transfer,"Sep 24, 1983",PRIVATE
,,,,,GO LTF,"Sep 24, 1983",PRIVATE
T3294,Undeter mined,"Jun 13, 1978",T1912,T20 07,Birth/Ha tch,"Jun 13, 1978",FORTWORTH
,,,,,Death,"Jun 13, 1978",FORTWORTH
T3295,Undeter mined,"Jun 17, 1978",T2960,T30 05,Birth/Ha tch,"Jun 17, 1978",CHICAGOLP
,,,,,Death,"Jan 17, 1979",CHICAGOLP
T3296,Undeter mined,"Jun 17, 1978",T2960,T30 05,Birth/Ha tch,"Jun 17, 1978",CHICAGOLP
,,,,,Death,"Jan 17, 1979",CHICAGOLP
T3297,"Undeter
mined","Jun 17, 1978",T2960,"T30
05","Birth/Ha
tch","Jun 17, 1978",CHICAGOLP
,,,,,Death,"Jan 17, 1979",CHICAGOLP
T3298,Male,"Jun 18, 1978 +/-
6 month",UND,UND,"Birth/Ha
tch","Jun 18, 1978 +/-
6 month",Undetermined
,,,,,Transfer,"Jun 19, 1979",METROZOO
,,,,,Transfer,"Feb 13, 1982",PRIVATE
,,,,,GO LTF,"Feb 13, 1982",PRIVATE
T3300,Female,"Jul 04, 1978",UND,UND,Birth/Ha tch,"Jul 04, 1978",ST PAUL
,,,,,Transfer,"Dec 31, 1978",UNDETERMI
,,,,,GO LTF,"Dec 31, 1978",UNDETERMI
T3301,Male,"Jul 04, 1978",UND,UND,"Birth/Ha
tch","Jul 04, 1978",ST PAUL
,,,,,Transfer,"Dec 31, 1978",PRIVATE
,,,,,GO LTF,"Dec 31, 1978",PRIVATE
T3303,Female,"Jul 10, 1978 +/- 6 month",UND,UND,"Birth/Ha
tch","Jul 10, 1978 +/- 6 month",Undetermined
,,,,,Transfer,Undetermined,PRIVATE
,,,,,Transfer,"Jul 11, 1979",METROZOO
,,,,,Transfer,"Sep 24, 1983",PRIVATE
,,,,,GO LTF,"Sep 24, 1983",PRIVATE
T3305,Male,"Jul 22, 1978 +/- 6 month",UND,UND,"Birth/Ha
tch","Jul 22, 1978 +/- 6 month",PRIVATE
,,,,,Transfer,Undetermined,PRIVATE
,,,,,Transfer,"Jul 19, 1988",SEATTLE
,,,,,Death,"Mar 04, 1995",SEATTLE
T3306,Male,"Jul 23, 1978",T2396,"T24
31","Birth/Ha
tch","Jul 23, 1978",KNOXVILLE
,,,,,Transfer,"Aug 11, 1978",EVANSVLLE
,,,,,GO LTF,"Aug 11, 1978",EVANSVLLE
T3307,Female,"Jul 23, 1978",T2396,"T24
31","Birth/Ha
tch","Jul 23, 1978",KNOXVILLE
,,,,,Transfer,"Aug 11, 1978",EVANSVLLE
,,,,,GO LTF,"Aug 11, 1978",EVANSVLLE
T3308,Female,"Jul 23, 1978",T2396,"T24
31","Birth/Ha
tch","Jul 23, 1978",KNOXVILLE
,,,,,Transfer,"Aug 11, 1978",EVANSVLLE
,,,,,GO LTF,"Aug 11, 1978",EVANSVLLE
T3309,Female,"Jul 23, 1978",T2396,"T24
31","Birth/Ha
tch","Jul 23, 1978",KNOXVILLE
,,,,,Transfer,"Aug 11, 1978",EVANSVLLE
,,,,,GO LTF,"Aug 11, 1978",EVANSVLLE
T3310,Male,"Jul 30, 1978",T2608,"T26
09","Birth/Ha
tch","Jul 30, 1978",COLO SPRG
,,,,,Transfer,"Jun 26, 1979",PHILADELP
,,,,,Transfer,"Nov 03, 1982",CHICAGOLP
,,,,,Transfer,"Nov 03, 1982",SD-WAP
,,,,,Transfer,"Nov 04, 1982",SANDIEGOZ
,,,,,Death,"Feb 08, 1989",SANDIEGOZ
T3311,Male,"Jul 30, 1978",T2608,T26 09,Birth/Ha tch,"Jul 30, 1978",COLO SPRG
,,,,,Transfer,"May 22, 1987",PRIVATE
,,,,,GO LTF,"May 22, 1987",PRIVATE
T3312,Female,"Jul 30, 1978",T2608,"T26
09","Birth/Ha
tch","Jul 30, 1978",COLO SPRG
,,,,,Death,"Nov 03, 1979",COLO SPRG
T3313,Male,"Aug 03, 1978",T2377,"T24
05","Birth/Ha
tch","Aug 03, 1978",SAN FRAN
,,,,,Death,"Sep 02, 1987",SAN FRAN
T3314,Male,"Aug 03, 1978",T2377,"T24
05","Birth/Ha
tch","Aug 03, 1978",SAN FRAN
,,,,,Death,"Dec 28, 1992",SAN FRAN
T3316,Male,"Aug 09, 1978",T1614,"T25
71","Birth/Ha
tch","Aug 09, 1978",WINSTON
,,,,,Death,"Jul 08, 1997",WINSTON
T3317,Female,"Aug 10, 1978",T2750,T27 51,Birth/Ha tch,"Aug 10, 1978",FORTWORTH
,,,,,Death,"Aug 23, 1978",FORTWORTH
T3318,Male,"Aug 10, 1978",T2750,"T27
51","Birth/Ha
tch","Aug 10, 1978",FORTWORTH
,,,,,Transfer,"Jan 18, 1979",PRIVATE
,,,,,GO LTF,"Jan 18, 1979",PRIVATE
T3319,Female,"Aug 10, 1978",T2750,"T27
51","Birth/Ha
tch","Aug 10, 1978",FORTWORTH
,,,,,Transfer,"Jan 18, 1979",PRIVATE
,,,,,GO LTF,"Jan 18, 1979",PRIVATE
T3320,Male,"Aug 13, 1978",UND,UND,Birth/Ha tch,"Aug 13, 1978",ST PAUL
,,,,,Transfer,"Aug 15, 1978",PRIVATE
,,,,,GO LTF,"Aug 15, 1978",PRIVATE
T3321,Female,"Aug 13, 1978",UND,UND,"Birth/Ha
tch","Aug 13, 1978",ST PAUL
,,,,,Transfer,"Dec 31, 1978",PRIVATE
,,,,,GO LTF,"Dec 31, 1978",PRIVATE
T3323,Female,"Sep 14, 1978",UND,UND,Birth/Ha tch,"Sep 14, 1978",MANHATTAN
,,,,,Transfer,Undetermined,LINCOLN C
,,,,,Transfer,"Jan 09, 1979",SOUTHBEND
,,,,,Death,"Jun 18, 2001",SOUTHBEND
T3324,Female,"Oct 12, 1978",T2582,"T31
00","Birth/Ha
tch","Oct 12, 1978",NY BRONX
,,,,,Death,"May 31, 2001",NY BRONX
T3325,Female,"Oct 12, 1978",UND,UND,Birth/Ha tch,"Oct 12, 1978",NY BRONX
,,,,,Death,"Aug 27, 1997",NY BRONX
T3326,Male,"Oct 12, 1978",UND,UND,Birth/Ha tch,"Oct 12, 1978",NY BRONX
,,,,,Transfer,"Jun 02, 1982",STATEN IS
,,,,,Transfer,"Jan 26, 1988",PRIVATE
,,,,,GO LTF,"Jan 26, 1988",PRIVATE
T3327,Male,"Oct 23, 1978",T2960,T29 46,Birth/Ha tch,"Oct 23, 1978",CHICAGOLP
,,,,,Transfer,"Jun 28, 1984",SD-WAP
,,,,,Transfer,"Nov 27, 1986",PRIVATE
,,,,,GO LTF,"Nov 27, 1986",PRIVATE
T3329,Female,"Oct 23, 1978",T2960,"T29
46","Birth/Ha
tch","Oct 23, 1978",CHICAGOLP
,,,,,Transfer,"Apr 09, 1981",LOSANGELE
,,,,,Death,"Feb 03, 1994",LOSANGELE
T3331,Male,"Nov 18, 1978",UND,UND,Birth/Ha tch,"Nov 18, 1978",ST PAUL
,,,,,Transfer,"Jan 05, 1979",PRIVATE
,,,,,GO LTF,"Jan 05, 1979",PRIVATE
T3332,Female,"Nov 18, 1978",UND,UND,"Birth/Ha
tch","Nov 18, 1978",ST PAUL
,,,,,Transfer,"Mar 02, 1979",PRIVATE
,,,,,GO LTF,"Mar 02, 1979",PRIVATE
T3333,Female,"Nov 18, 1978",UND,UND,"Birth/Ha
tch","Nov 18, 1978",ST PAUL
,,,,,Transfer,"May 02, 1979",PRIVATE
,,,,,GO LTF,"May 02, 1979",PRIVATE
T3334,Female,"Nov 18, 1978",UND,UND,"Birth/Ha
tch","Nov 18, 1978",ST PAUL
,,,,,Transfer,"May 02, 1979",PRIVATE
,,,,,GO LTF,"May 02, 1979",PRIVATE
T3336,Female,"Nov 26, 1978",UND,UND,"Birth/Ha
tch","Nov 26, 1978",BINGHAMTO
,,,,,Transfer,Undetermined,PRIVATE
,,,,,Transfer,"Apr 11, 1980",ASHEBORO
,,,,,Death,"Aug 02, 1996",ASHEBORO
T3337,Female,"Nov 26, 1978",UND,UND,"Birth/Ha
tch","Nov 26, 1978",BINGHAMTO
,,,,,Transfer,Undetermined,PRIVATE
,,,,,Transfer,"Apr 11, 1980",ASHEBORO
,,,,,Death,"Dec 08, 1997",ASHEBORO
T3339,Male,"Dec 08, 1978 +/- 1 day",UND,UND,Birth/Ha tch,"Dec 08, 1978 +/- 1 day",Undetermined
,,,,,Transfer,Undetermined,PRIVATE
,,,,,Transfer,"Apr 13, 1989",CALGARY
,,,,,Transfer,"May 05, 1992",PRIVATE
,,,,,GO LTF,"May 05, 1992",PRIVATE
T3340,"Undeter
mined","Dec 17, 1978",UND,UND,"Birth/Ha
tch","Dec 17, 1978",ST PAUL
,,,,,Death,"Dec 17, 1978",ST PAUL
T3341,Undeter mined,"Dec 17, 1978",UND,UND,Birth/Ha tch,"Dec 17, 1978",ST PAUL
,,,,,Death,"Dec 17, 1978",ST PAUL
T3342,Male,"Dec 17, 1978",UND,UND,Birth/Ha tch,"Dec 17, 1978",ST PAUL
,,,,,Death,"Dec 22, 1978",ST PAUL
T3349,Male,"Jan 19, 1979",UND,UND,"Birth/Ha
tch","Jan 19, 1979",W PALM BE
,,,,,Death,"Dec 04, 1991",W PALM BE
T3350,Male,"Jan 22, 1979",UND,UND,"Birth/Ha
tch","Jan 22, 1979",MANHATTAN
,,,,,Transfer,"Apr 01, 1979",LOUISVILL
,,,,,Death,"Sep 15, 2000",LOUISVILL
T3352,Male,"Apr 02, 1979 +/-
6 month",T2752,T26 49,Birth/Ha tch,"Apr 02, 1979 +/-
6 month",MEMPHIS
,,,,,Transfer,"May 10, 1979",PRIVATE
,,,,,GO LTF,"May 10, 1979",PRIVATE
T3353,Male,"Apr 02, 1979 +/-
6 month",T2752,"T26
49","Birth/Ha
tch","Apr 02, 1979 +/-
6 month",MEMPHIS
,,,,,Transfer,"May 10, 1979",PRIVATE
,,,,,GO LTF,"May 10, 1979",PRIVATE
T3354,Male,"Apr 02, 1979",T2752,T26 49,Birth/Ha tch,"Apr 02, 1979",MEMPHIS
,,,,,Death,"Apr 05, 2000",MEMPHIS
T3356,Female,"Apr 18, 1979",UND,T19 70,Birth/Ha tch,"Apr 18, 1979",KINGS ISL
,,,,,Transfer,"Jun 05, 1980",LOUISVILL
,,,,,Death,"Feb 15, 1996",LOUISVILL
T3357,Male,"Apr 18, 1979",UND,UND,Birth/Ha tch,"Apr 18, 1979",BINGHAMTO
,,,,,Transfer,"May 15, 1979",ASHEBORO
,,,,,Transfer,"Oct 04, 1980",BUSCH TAM
,,,,,Transfer,"May 10, 1990",ASHEBORO
,,,,,Death,"Dec 22, 1991",ASHEBORO
T3358,Female,"Apr 18, 1979",UND,UND,Birth/Ha tch,"Apr 18, 1979",BINGHAMTO
,,,,,Transfer,"May 15, 1979",ASHEBORO
,,,,,Transfer,"Sep 23, 1985",PRIVATE
,,,,,GO LTF,"Sep 23, 1985",PRIVATE
T3359,Male,"Apr 18, 1979",T2750,"T27
51","Birth/Ha
tch","Apr 18, 1979",FORTWORTH
,,,,,Transfer,"May 03, 1979",PRIVATE
,,,,,GO LTF,"May 03, 1979",PRIVATE
T3360,Male,"Apr 26, 1979",UND,UND,"Birth/Ha
tch","Apr 26, 1979",UTICA
,,,,,Transfer,Undetermined,PRIVATE
,,,,,Transfer,"Sep 01, 1986",HAWTHORN
,,,,,Death,"Apr 20, 1995",HAWTHORN
T3361,Male,"Apr 26, 1979",UND,UND,Birth/Ha tch,"Apr 26, 1979",UTICA
,,,,,Transfer,"Jul 30, 1979",PRIVATE
,,,,,GO LTF,"Jul 30, 1979",PRIVATE
T3362,Male,"Apr 26, 1979",UND,UND,"Birth/Ha
tch","Apr 26, 1979",UTICA
,,,,,Transfer,"Jul 30, 1979",PRIVATE
,,,,,GO LTF,"Jul 30, 1979",PRIVATE
T3363,Undeter mined,"Apr 27, 1979",T2960,T30 05,Birth/Ha tch,"Apr 27, 1979",CHICAGOLP
,,,,,Death,"Apr 27, 1979",CHICAGOLP
T3364,Male,"Apr 27, 1979",T2737,T28 36,Birth/Ha tch,"Apr 27, 1979",MINOT
,,,,,Transfer,"Aug 09, 1979",BRAINERD
,,,,,GO LTF,"Aug 09, 1979",BRAINERD
T3365,Female,"Apr 27, 1979",T2737,T28 36,Birth/Ha tch,"Apr 27, 1979",MINOT
,,,,,Transfer,"Aug 09, 1979",BRAINERD
,,,,,GO LTF,"Aug 09, 1979",BRAINERD
T3366,Female,"Apr 27, 1979",T2737,"T28
36","Birth/Ha
tch","Apr 27, 1979",MINOT
,,,,,Transfer,"Aug 09, 1979",BRAINERD
,,,,,GO LTF,"Aug 09, 1979",BRAINERD
T3367,Male,"Apr 27, 1979",T2737,"T28
36","Birth/Ha
tch","Apr 27, 1979",MINOT
,,,,,Transfer,"Aug 09, 1979",NORTHLAND
,,,,,GO LTF,"Aug 09, 1979",NORTHLAND
T3368,Male,"Apr 27, 1979",T2737,T28 36,Birth/Ha tch,"Apr 27, 1979",MINOT
,,,,,Transfer,"Aug 09, 1979",NORTHLAND
,,,,,GO LTF,"Aug 09, 1979",NORTHLAND
T3369,Female,"May 01, 1979",T2927,"T25
06","Birth/Ha
tch","May 01, 1979",SIOUX FAL
,,,,,Transfer,"May 07, 1993",JACKSONVL
,,,,,Transfer,"Jan 12, 1996",EVANSVLLE
,,,,,Death,"Aug 12, 1997",EVANSVLLE
T3370,Female,"May 09, 1979",T2229,"T22
28","Birth/Ha
tch","May 09, 1979",CHICAGOLP
,,,,,Death,"May 09, 1979",CHICAGOLP
T3371,Female,"May 10, 1979",T2229,"T22
28","Birth/Ha
tch","May 10, 1979",CHICAGOLP
,,,,,Death,"May 10, 1979",CHICAGOLP
T3372,Female,"May 10, 1979",UND,UND,"Birth/Ha
tch","May 10, 1979",ST PAUL
,,,,,Death,"May 15, 1979",ST PAUL
T3373,Male,"May 10, 1979",UND,UND,Birth/Ha tch,"May 10, 1979",ST PAUL
,,,,,Transfer,"Jun 25, 1979",PRIVATE
,,,,,GO LTF,"Jun 25, 1979",PRIVATE
T3374,Male,"May 10, 1979",UND,UND,"Birth/Ha
tch","May 10, 1979",ST PAUL
,,,,,Transfer,"Nov 30, 1979",PRIVATE
,,,,,GO LTF,"Nov 30, 1979",PRIVATE
T3375,Male,"May 11, 1979",T2229,"T22
28","Birth/Ha
tch","May 11, 1979",CHICAGOLP
,,,,,Death,"May 11, 1979",CHICAGOLP
T3377,Female,"May 13, 1979",T2960,"T29
46","Birth/Ha
tch","May 13, 1979",CHICAGOLP
,,,,,Death,"May 13, 1979",CHICAGOLP
T3378,Female,"May 13, 1979",T2960,"T29
46","Birth/Ha
tch","May 13, 1979",CHICAGOLP
,,,,,Transfer,"Dec 18, 1980",JACKSON
,,,,,Death,"Aug 15, 2001",JACKSON
T3380,Female,"May 13, 1979 +/-
6 month",UND,UND,Birth/Ha tch,"May 13, 1979 +/-
6 month",Undetermined
,,,,,Transfer,Undetermined,FERNDALE
,,,,,Transfer,"May 10, 1989",LANSING
,,,,,Transfer,"Jul 07, 1989",FERNDALE
,,,,,GO LTF,"Jul 07, 1989",FERNDALE
T3381,Female,"May 13, 1979",T2960,"T29
46","Birth/Ha
tch","May 13, 1979",CHICAGOLP
,,,,,Transfer,"Dec 20, 1980",JACKSON
,,,,,Transfer,"Mar 19, 1989",SCOTTSBLU
,,,,,Death,"May 10, 1996",SCOTTSBLU
T3385,Male,"May 13, 1979",T2960,"T29
46","Birth/Ha
tch","May 13, 1979",CHICAGOLP
,,,,,Transfer,"Dec 20, 1980",JACKSON
,,,,,Transfer,"Jul 27, 1982",KNOXVILLE
,,,,,Transfer,"Nov 14, 1983",AUDUBON
,,,,,Transfer,"Feb 15, 1985",COLO SPRG
,,,,,Transfer,"May 22, 1987",PRIVATE
,,,,,GO LTF,"May 22, 1987",PRIVATE
T3389,Female,"Jun 06, 1979",T1698,"T18
20","Birth/Ha
tch","Jun 06, 1979",NZP-WASH
,,,,,Death,"Jun 06, 1979",NZP-WASH
T3390,Female,"Jun 06, 1979",T1698,"T18
20","Birth/Ha
tch","Jun 06, 1979",NZP-WASH
,,,,,Transfer,"Dec 06, 1984",PRIVATE
,,,,,GO LTF,"Dec 06, 1984",PRIVATE
T3391,Female,"Jun 06, 1979",T1698,"T18
20","Birth/Ha
tch","Jun 06, 1979",NZP-WASH
,,,,,Transfer,"Dec 06, 1984",PRIVATE
,,,,,GO LTF,"Dec 06, 1984",PRIVATE
T3392,Male,"Jun 06, 1979",T1698,"T18
20","Birth/Ha
tch","Jun 06, 1979",NZP-WASH
,,,,,Transfer,"Sep 04, 1987",COLO SPRG
,,,,,Death,"Feb 09, 1994",COLO SPRG
T3393,Female,"Jun 14, 1979",UND,UND,"Birth/Ha
tch","Jun 14, 1979",PRIVATE
,,,,,Transfer,"Jun 28, 1979",COLUMBUS
,,,,,Transfer,"Jul 20, 1984",ROCHESTER
,,,,,Transfer,"May 18, 1993",PRIVATE
,,,,,GO LTF,"May 18, 1993",PRIVATE
T3394,Male,"Jun 14, 1979",T2613,"T25
92","Birth/Ha
tch","Jun 14, 1979",BIRMINGHM
,,,,,Transfer,"Aug 15, 1979",PRIVATE
,,,,,GO LTF,"Aug 15, 1979",PRIVATE
T3395,Male,"Jun 14, 1979",T2613,"T25
92","Birth/Ha
tch","Jun 14, 1979",BIRMINGHM
,,,,,Transfer,"Aug 15, 1979",PRIVATE
,,,,,GO LTF,"Aug 15, 1979",PRIVATE
T3398,Male,"Jun 27, 1979",T1698,T19 73,Birth/Ha tch,"Jun 27, 1979",NZP-WASH
,,,,,Transfer,"Dec 06, 1984",PRIVATE
,,,,,GO LTF,"Dec 06, 1984",PRIVATE
T3399,Male,"Jun 27, 1979",T1698,"T19
73","Birth/Ha
tch","Jun 27, 1979",NZP-WASH
,,,,,Death,"Nov 25, 1989",NZP-WASH
T3400,Female,"Jun 29, 1979 +/- 15 day",UND,UND,"Birth/Ha
tch","Jun 29, 1979 +/- 15 day",Undetermined
,,,,,Transfer,Undetermined,PRIVATE
,,,,,Transfer,"Oct 29, 1979",TOLEDO
,,,,,Transfer,"May 11, 1989",PRIVATE
,,,,,GO LTF,"May 11, 1989",PRIVATE
T3403,Female,"Jul 18, 1979",T1614,T24 76,Birth/Ha tch,"Jul 18, 1979",WINSTON
,,,,,Transfer,"Jun 21, 1983",UNDETERMI
,,,,,GO LTF,"Jun 21, 1983",UNDETERMI
T3408,Male,"Jul 22, 1979",T3003,"T30
02","Birth/Ha
tch","Jul 22, 1979",COLO SPRG
,,,,,Death,"Jul 22, 1979",COLO SPRG
T3409,Female,"Jul 28, 1979",T2608,"T26
09","Birth/Ha
tch","Jul 28, 1979",COLO SPRG
,,,,,Transfer,Undetermined,FERNDALE
,,,,,Transfer,"Oct 07, 1982",KANSASCTY
,,,,,Death,"Dec 23, 1997",KANSASCTY
T3411,Female,"Jul 28, 1979",T2608,T26 09,Birth/Ha tch,"Jul 28, 1979",COLO SPRG
,,,,,Transfer,"Jan 13, 1982",PRIVATE
,,,,,GO LTF,"Jan 13, 1982",PRIVATE
T3412,Male,"Jul 28, 1979",T2608,"T26
09","Birth/Ha
tch","Jul 28, 1979",COLO SPRG
,,,,,Death,"Dec 27, 1979",COLO SPRG
T3413,Male,"Aug 07, 1979",T1742,"T19
42","Birth/Ha
tch","Aug 07, 1979",DETROIT
,,,,,Transfer,"Nov 13, 1979",PRIVATE
,,,,,GO LTF,"Nov 13, 1979",PRIVATE
T3414,Male,"Aug 07, 1979",T1742,T19 42,Birth/Ha tch,"Aug 07, 1979",DETROIT
,,,,,Transfer,"Nov 13, 1979",PRIVATE
,,,,,GO LTF,"Nov 13, 1979",PRIVATE
T3415,Male,"Aug 07, 1979",T1742,"T19
42","Birth/Ha
tch","Aug 07, 1979",DETROIT
,,,,,Transfer,"Nov 13, 1979",PRIVATE
,,,,,GO LTF,"Nov 13, 1979",PRIVATE
T3416,Male,"Aug 08, 1979",T2929,T29 30,Birth/Ha tch,"Aug 08, 1979",WINNIPEG
,,,,,Transfer,"Oct 11, 1979",PRIVATE
,,,,,GO LTF,"Oct 11, 1979",PRIVATE
T3417,Male,"Aug 08, 1979",T2929,T29 30,Birth/Ha tch,"Aug 08, 1979",WINNIPEG
,,,,,Transfer,"Oct 11, 1979",PRIVATE
,,,,,GO LTF,"Oct 11, 1979",PRIVATE
T3418,Male,"Aug 08, 1979",T2929,"T29
30","Birth/Ha
tch","Aug 08, 1979",WINNIPEG
,,,,,Transfer,"Oct 11, 1979",PRIVATE
,,,,,GO LTF,"Oct 11, 1979",PRIVATE
T3419,Male,"Aug 08, 1979",T2929,T29 30,Birth/Ha tch,"Aug 08, 1979",WINNIPEG
,,,,,Transfer,"Oct 11, 1979",PRIVATE
,,,,,GO LTF,"Oct 11, 1979",PRIVATE
T3420,Female,"Aug 11, 1979 +/- 15 day",UND,UND,"Birth/Ha
tch","Aug 11, 1979 +/- 15 day",Undetermined
,,,,,Transfer,Undetermined,PRIVATE
,,,,,Transfer,"Oct 10, 1980",RACINE
,,,,,Death,"Aug 15, 1991",RACINE
T3421,Female,"Aug 10, 1979 +/-
6 month",UND,UND,"Birth/Ha
tch","Aug 10, 1979 +/-
6 month",Undetermined
,,,,,Transfer,Undetermined,PRIVATE
,,,,,Transfer,"Aug 12, 1980",UTICA
,,,,,Transfer,"Jan 31, 1981",PRIVATE
,,,,,GO LTF,"Jan 31, 1981",PRIVATE
T3422,Female,"Aug 18, 1979",T2728,T24 71,Birth/Ha tch,"Aug 18, 1979",COLUMBIA
,,,,,Transfer,"Sep 10, 1980",ASHEBORO
,,,,,Death,"Jul 21, 2001",ASHEBORO
T3423,Female,"Aug 18, 1979",T2728,"T24
71","Birth/Ha
tch","Aug 18, 1979",COLUMBIA
,,,,,Transfer,"Sep 10, 1980",ASHEBORO
,,,,,Death,"Jul 16, 1998",ASHEBORO
T3424,Undeter mined,"Aug 27, 1979",T2888,T28 84,Birth/Ha tch,"Aug 27, 1979",TORONTO
,,,,,Death,"Aug 27, 1979",TORONTO
T3431,Female,"Sep 01, 1979",UND,T21 40,Birth/Ha tch,"Sep 01, 1979",KINGS ISL
,,,,,Transfer,"Jun 22, 1982",PRIVATE
,,,,,Transfer,"Jun 25, 1982",DETROIT
,,,,,Death,"Jul 12, 1992",DETROIT
T3432,Male,"Sep 01, 1979",T2750,"T27
51","Birth/Ha
tch","Sep 01, 1979",FORTWORTH
,,,,,Transfer,"Oct 25, 1979",PRIVATE
,,,,,GO LTF,"Oct 25, 1979",PRIVATE
T3433,Female,"Sep 09, 1979",UND,UND,Birth/Ha tch,"Sep 09, 1979",PRIVATE
,,,,,Transfer,"Jan 09, 1980",LINCOLN C
,,,,,Transfer,"Nov 01, 1984",MANHATTAN
,,,,,Transfer,"Apr 28, 1987",OAKLAND
,,,,,Death,"Dec 03, 1996",OAKLAND
T3434,Female,"Sep 17, 1979",UND,UND,Birth/Ha tch,"Sep 17, 1979",ST PAUL
,,,,,Transfer,"Nov 30, 1979",PRIVATE
,,,,,GO LTF,"Nov 30, 1979",PRIVATE
T3435,Female,"Sep 17, 1979",UND,UND,"Birth/Ha
tch","Sep 17, 1979",ST PAUL
,,,,,Transfer,"Nov 30, 1979",PRIVATE
,,,,,GO LTF,"Nov 30, 1979",PRIVATE
T3436,Female,"Sep 17, 1979",UND,UND,"Birth/Ha
tch","Sep 17, 1979",ST PAUL
,,,,,Transfer,"Dec 31, 1979",UNDETERMI
,,,,,GO LTF,"Dec 31, 1979",UNDETERMI
T3437,Male,"Sep 24, 1979",T3197,T31 77,Birth/Ha tch,"Sep 24, 1979",UTICA
,,,,,Transfer,"Jul 17, 1980",ERIE
,,,,,Death,"Apr 15, 1997",ERIE
T3441,Male,"Oct 02, 1979",T1614,"T28
61","Birth/Ha
tch","Oct 02, 1979",WINSTON
,,,,,Death,"Jun 07, 1996",WINSTON
T3442,Male,"Oct 07, 1979",T2960,T29 46,Birth/Ha tch,"Oct 07, 1979",CHICAGOLP
,,,,,Transfer,"Jun 28, 1984",SD-WAP
,,,,,Transfer,"Nov 27, 1986",PRIVATE
,,,,,GO LTF,"Nov 27, 1986",PRIVATE
T3444,Female,"Oct 07, 1979",T2960,"T29
46","Birth/Ha
tch","Oct 07, 1979",CHICAGOLP
,,,,,Transfer,"Apr 09, 1981",LOSANGELE
,,,,,Death,"Jun 15, 1991",LOSANGELE
T3448,Female,"Oct 29, 1979",T2532,T25 33,Birth/Ha tch,"Oct 29, 1979",CLEVELAND
,,,,,Transfer,"Dec 03, 1980",PRIVATE
,,,,,GO LTF,"Dec 03, 1980",PRIVATE
T3449,Male,"Oct 29, 1979",T2532,"T25
33","Birth/Ha
tch","Oct 29, 1979",CLEVELAND
,,,,,Death,"Dec 20, 1979",CLEVELAND
T3450,Male,"Oct 29, 1979",T2532,"T25
33","Birth/Ha
tch","Oct 29, 1979",CLEVELAND
,,,,,Transfer,"Dec 03, 1980",PRIVATE
,,,,,GO LTF,"Dec 03, 1980",PRIVATE
T3451,Male,"Oct 30, 1979",T2377,T24 05,Birth/Ha tch,"Oct 30, 1979",SAN FRAN
,,,,,Death,"Nov 11, 1981",SAN FRAN
T3452,Male,"Oct 30, 1979",T2377,"T24
05","Birth/Ha
tch","Oct 30, 1979",SAN FRAN
,,,,,Death,"Oct 17, 1987",SAN FRAN
T3453,Male,"Oct 30, 1979",T2377,"T24
05","Birth/Ha
tch","Oct 30, 1979",SAN FRAN
,,,,,Death,"Mar 31, 1998",SAN FRAN
T3454,Female,"Oct 30, 1979",T2377,"T24
05","Birth/Ha
tch","Oct 30, 1979",SAN FRAN
,,,,,Death,"Oct 08, 2002",SAN FRAN
T3455,Male,"Nov 10, 1979 +/- 1 day",WILD,"WIL
D","Birth/Ha
tch","Nov 10, 1979 +/- 1 day",Undetermined
,,,,,"Wild
Capture",Undetermined,Undetermined
,,,,,Transfer,Undetermined,PRIVATE
,,,,,Transfer,"Jan 12, 1980",FRESNO
,,,,,Death,"May 08, 2000",FRESNO
T3456,Male,"Nov 11, 1979",UND,UND,"Birth/Ha
tch","Nov 11, 1979",ST PAUL
,,,,,Transfer,"Dec 31, 1979",UNDETERMI
,,,,,GO LTF,"Dec 31, 1979",UNDETERMI
T3457,Female,"Nov 11, 1979",UND,UND,"Birth/Ha
tch","Nov 11, 1979",ST PAUL
,,,,,Transfer,"Dec 31, 1979",UNDETERMI
,,,,,GO LTF,"Dec 31, 1979",UNDETERMI
T3458,Female,"Nov 11, 1979",UND,UND,"Birth/Ha
tch","Nov 11, 1979",ST PAUL
,,,,,Transfer,"Dec 31, 1979",UNDETERMI
,,,,,GO LTF,"Dec 31, 1979",UNDETERMI
T3459,Female,"Nov 11, 1979",UND,UND,Birth/Ha tch,"Nov 11, 1979",ST PAUL
,,,,,Transfer,"Mar 27, 1980",PRIVATE
,,,,,GO LTF,"Mar 27, 1980",PRIVATE
T3465,Male,"Dec 19, 1979",T3003,"T30
02","Birth/Ha
tch","Dec 19, 1979",COLO SPRG
,,,,,Death,"Dec 20, 1979",COLO SPRG
T3466,Male,"Dec 19, 1979",T3003,"T30
02","Birth/Ha
tch","Dec 19, 1979",COLO SPRG
,,,,,Death,"Dec 20, 1979",COLO SPRG
T3467,Female,"Dec 19, 1979",T3003,T30 02,Birth/Ha tch,"Dec 19, 1979",COLO SPRG
,,,,,Death,"Dec 20, 1979",COLO SPRG
T3468,Female,"Dec 19, 1979",T3003,T30 02,Birth/Ha tch,"Dec 19, 1979",COLO SPRG
,,,,,Death,"Dec 20, 1979",COLO SPRG
T3470,Male,"Feb 02, 1980",UND,UND,Birth/Ha tch,"Feb 02, 1980",ST PAUL
,,,,,Transfer,"Mar 25, 1980",PRIVATE
,,,,,GO LTF,"Mar 25, 1980",PRIVATE
T3471,Female,"Feb 02, 1980",UND,UND,"Birth/Ha
tch","Feb 02, 1980",ST PAUL
,,,,,Transfer,"Mar 25, 1980",PRIVATE
,,,,,GO LTF,"Mar 25, 1980",PRIVATE
T3472,Female,"Feb 02, 1980",UND,UND,"Birth/Ha
tch","Feb 02, 1980",ST PAUL
,,,,,Transfer,"Mar 25, 1980",PRIVATE
,,,,,GO LTF,"Mar 25, 1980",PRIVATE
T3473,Male,"Feb 08, 1980",T3197,"T31
77","Birth/Ha
tch","Feb 08, 1980",UTICA
,,,,,Transfer,"Mar 19, 1980",PRIVATE
,,,,,GO LTF,"Mar 19, 1980",PRIVATE
T3474,Male,"Feb 08, 1980",UND,UND,"Birth/Ha
tch","Feb 08, 1980",UTICA
,,,,,Transfer,"Mar 19, 1980",PRIVATE
,,,,,GO LTF,"Mar 19, 1980",PRIVATE
T3475,Female,"Feb 08, 1980",UND,UND,"Birth/Ha
tch","Feb 08, 1980",UTICA
,,,,,Transfer,"Mar 28, 1985",PRIVATE
,,,,,GO LTF,"Mar 28, 1985",PRIVATE
T3476,Male,"Feb 15, 1980",UND,UND,"Birth/Ha
tch","Feb 15, 1980",PRIVATE
,,,,,Transfer,"Apr 30, 1980",FT WAYNE
,,,,,Transfer,"Aug 31, 1980",PRIVATE
,,,,,GO LTF,"Aug 31, 1980",PRIVATE
T3477,Female,"Feb 15, 1980",UND,UND,"Birth/Ha
tch","Feb 15, 1980",PRIVATE
,,,,,Transfer,"Apr 30, 1980",FT WAYNE
,,,,,Transfer,"Aug 31, 1980",PRIVATE
,,,,,GO LTF,"Aug 31, 1980",PRIVATE
T3481,Male,"Feb 27, 1980",T2960,T30 05,Birth/Ha tch,"Feb 27, 1980",CHICAGOLP
,,,,,Transfer,"Dec 07, 1981",SD-WAP
,,,,,Transfer,"Nov 15, 1982",PHILADELP
,,,,,Transfer,"May 18, 1993",CAPE MAY
,,,,,Death,"Jun 06, 2002",CAPE MAY
T3483,Female,"Feb 27, 1980",T2960,"T30
05","Birth/Ha
tch","Feb 27, 1980",CHICAGOLP
,,,,,Transfer,"Apr 22, 1981",KNOXVILLE
,,,,,Transfer,"Jun 04, 1989",DUBBO
,,,,,Transfer,"Dec 20, 1991",SYDNEY
,,,,,Transfer,"Feb 02, 1993",DUBBO
,,,,,Death,"Jul 03, 2001",DUBBO
T3484,Female,"Mar 18, 1980",UND,UND,"Birth/Ha
tch","Mar 18, 1980",ST PAUL
,,,,,Transfer,"Apr 10, 1980",PRIVATE
,,,,,GO LTF,"Apr 10, 1980",PRIVATE
T3485,Female,"Mar 18, 1980",UND,UND,Birth/Ha tch,"Mar 18, 1980",ST PAUL
,,,,,Transfer,"Dec 31, 1980",PRIVATE
,,,,,GO LTF,"Dec 31, 1980",PRIVATE
T3486,Female,"Mar 18, 1980",UND,UND,"Birth/Ha
tch","Mar 18, 1980",ST PAUL
,,,,,Transfer,"Dec 31, 1980",PRIVATE
,,,,,GO LTF,"Dec 31, 1980",PRIVATE
T3487,Male,"Mar 25, 1980",T2960,T29 46,Birth/Ha tch,"Mar 25, 1980",CHICAGOLP
,,,,,Transfer,"Oct 21, 1986",PRIVATE
,,,,,GO LTF,"Oct 21, 1986",PRIVATE
T3488,Male,"Mar 25, 1980",T2960,"T29
46","Birth/Ha
tch","Mar 25, 1980",CHICAGOLP
,,,,,Transfer,"Jan 19, 1984",PRIVATE
,,,,,GO LTF,"Jan 19, 1984",PRIVATE
T3489,Male,"Mar 25, 1980",T2960,T29 46,Birth/Ha tch,"Mar 25, 1980",CHICAGOLP
,,,,,Transfer,"Oct 21, 1986",PRIVATE
,,,,,GO LTF,"Oct 21, 1986",PRIVATE
T3490,Male,"Mar 25, 1980",T2960,T29 46,Birth/Ha tch,"Mar 25, 1980",CHICAGOLP
,,,,,Transfer,"Jun 17, 1982",KANSASCTY
,,,,,Transfer,"Dec 31, 1983 +/-
6 month",KANSASCTY
,,,,,GO LTF,"Dec 31, 1983 +/-
6 month",KANSASCTY
T3494,Female,"Apr 04, 1980",T2291,"T22
92","Birth/Ha
tch","Apr 04, 1980",SEATTLE
,,,,,Transfer,"Apr 07, 1993",CLEVELAND
,,,,,Death,"Jul 01, 1994",CLEVELAND
T3495,Female,"Apr 04, 1980",T2291,"T22
92","Birth/Ha
tch","Apr 04, 1980",SEATTLE
,,,,,Death,"Jan 18, 2001",SEATTLE
T3497,Male,"Apr 10, 1980",T2737,"T28
36","Birth/Ha
tch","Apr 10, 1980",MINOT
,,,,,Transfer,"May 07, 1980",PRIVATE
,,,,,GO LTF,"May 07, 1980",PRIVATE
T3498,Male,"Apr 10, 1980",T2737,"T28
36","Birth/Ha
tch","Apr 10, 1980",MINOT
,,,,,Transfer,"May 07, 1980",PRIVATE
,,,,,GO LTF,"May 07, 1980",PRIVATE
T3499,Male,"Apr 22, 1980",T3081,"T30
82","Birth/Ha
tch","Apr 22, 1980",AUDUBON
,,,,,Death,"Apr 22, 1980",AUDUBON
T3500,Male,"Apr 22, 1980",T3081,"T30
82","Birth/Ha
tch","Apr 22, 1980",AUDUBON
,,,,,Death,"Apr 22, 1980",AUDUBON
T3501,Female,"Apr 22, 1980",T3081,"T30
82","Birth/Ha
tch","Apr 22, 1980",AUDUBON
,,,,,Death,"May 05, 1981",AUDUBON
T3502,Female,"Apr 22, 1980",T3081,T30 82,Birth/Ha tch,"Apr 22, 1980",AUDUBON
,,,,,Death,"Apr 07, 1981",AUDUBON
T3503,Male,"Apr 25, 1980",T2929,T29 30,Birth/Ha tch,"Apr 25, 1980",WINNIPEG
,,,,,Death,"May 16, 1980",WINNIPEG
T3504,Male,"Apr 25, 1980",T2929,T29 30,Birth/Ha tch,"Apr 25, 1980",WINNIPEG
,,,,,Transfer,"Sep 03, 1980",PRIVATE
,,,,,GO LTF,"Sep 03, 1980",PRIVATE
T3505,Male,"Apr 25, 1980",T2929,"T29
30","Birth/Ha
tch","Apr 25, 1980",WINNIPEG
,,,,,Transfer,"Sep 03, 1980",PRIVATE
,,,,,GO LTF,"Sep 03, 1980",PRIVATE
T3506,Female,"Apr 25, 1980",T2929,"T29
30","Birth/Ha
tch","Apr 25, 1980",WINNIPEG
,,,,,Transfer,"Sep 03, 1980",PRIVATE
,,,,,GO LTF,"Sep 03, 1980",PRIVATE
T3507,Male,"May 02, 1980",T2888,"T28
84","Birth/Ha
tch","May 02, 1980",TORONTO
,,,,,Transfer,"Aug 19, 1980",PRIVATE
,,,,,GO LTF,"Aug 19, 1980",PRIVATE
T3508,Female,"May 02, 1980",T2888,"T28
84","Birth/Ha
tch","May 02, 1980",TORONTO
,,,,,Transfer,"Aug 19, 1980",PRIVATE
,,,,,GO LTF,"Aug 19, 1980",PRIVATE
T3509,Male,"May 02, 1980",T2888,"T28
84","Birth/Ha
tch","May 02, 1980",TORONTO
,,,,,Transfer,"Apr 14, 1981",PRIVATE
,,,,,GO LTF,"Apr 14, 1981",PRIVATE
T3510,Male,"May 02, 1980",T2888,"T28
84","Birth/Ha
tch","May 02, 1980",TORONTO
,,,,,Transfer,"Apr 30, 1981",PT SPAIN
,,,,,Death,"Nov 18, 1997",PT SPAIN
T3513,Female,"May 04, 1980",T3194,T22 18,Birth/Ha tch,"May 04, 1980",KINGS ISL
,,,,,Transfer,"Jun 10, 1980",COLUMBUS
,,,,,Transfer,"Sep 10, 1990",WINSTON
,,,,,Transfer,"Jun 10, 1992",CINCINNAT
,,,,,Transfer,"Apr 07, 1995 +/- 1 day",AKRON
,,,,,Transfer,"Nov 01, 1996",CINCINNAT
,,,,,Transfer,"Mar 25, 1998",AKRON
,,,,,Death,"Sep 29, 2006",AKRON
T3514,Female,"May 04, 1980",UND,UND,Birth/Ha tch,"May 04, 1980",OMAHA
,,,,,Death,"May 04, 1980",OMAHA
T3515,Male,"May 19, 1980",T1742,T19 42,Birth/Ha tch,"May 19, 1980",DETROIT
,,,,,Transfer,"Sep 21, 1980",PRIVATE
,,,,,GO LTF,"Sep 21, 1980",PRIVATE
T3516,Male,"May 19, 1980",T1742,"T19
42","Birth/Ha
tch","May 19, 1980",DETROIT
,,,,,Transfer,"Sep 21, 1980",PRIVATE
,,,,,GO LTF,"Sep 21, 1980",PRIVATE
T3517,Female,"May 20, 1980",T1742,T19 42,Birth/Ha tch,"May 20, 1980",DETROIT
,,,,,Transfer,"Jun 26, 1982",FERNDALE
,,,,,GO LTF,"Jun 26, 1982",FERNDALE
T3518,Male,"May 24, 1980",T2750,"T27
51","Birth/Ha
tch","May 24, 1980",FORTWORTH
,,,,,Death,"May 29, 1980",FORTWORTH
T3519,Male,"May 24, 1980",T2750,"T27
51","Birth/Ha
tch","May 24, 1980",FORTWORTH
,,,,,Transfer,"Jun 13, 1980",PRIVATE
,,,,,GO LTF,"Jun 13, 1980",PRIVATE
T3520,Female,"May 24, 1980",T2750,T27 51,Birth/Ha tch,"May 24, 1980",FORTWORTH
,,,,,Transfer,"Jun 13, 1980",PRIVATE
,,,,,GO LTF,"Jun 13, 1980",PRIVATE
T3521,Female,"May 24, 1980",T2750,"T27
51","Birth/Ha
tch","May 24, 1980",FORTWORTH
,,,,,Transfer,"Jun 13, 1980",PRIVATE
,,,,,GO LTF,"Jun 13, 1980",PRIVATE
T3524,Female,"Jun 13, 1980",T2608,T26 09,Birth/Ha tch,"Jun 13, 1980",COLO SPRG
,,,,,Transfer,"Jun 02, 1982",SD-WAP
,,,,,Death,"Jul 23, 1984",SD-WAP
T3525,Female,"Jun 13, 1980",T2608,"T26
09","Birth/Ha
tch","Jun 13, 1980",COLO SPRG
,,,,,Transfer,"Jun 02, 1982",SD-WAP
,,,,,Transfer,"Nov 27, 1986",PRIVATE
,,,,,GO LTF,"Nov 27, 1986",PRIVATE
T3526,Female,"Jun 13, 1980",T2608,"T26
09","Birth/Ha
tch","Jun 13, 1980",COLO SPRG
,,,,,Transfer,"Jun 02, 1982",SD-WAP
,,,,,Transfer,"Nov 27, 1986",PRIVATE
,,,,,GO LTF,"Nov 27, 1986",PRIVATE
T3527,Female,"Jun 13, 1980",T2608,"T26
09","Birth/Ha
tch","Jun 13, 1980",COLO SPRG
,,,,,Transfer,"May 22, 1987",PRIVATE
,,,,,GO LTF,"May 22, 1987",PRIVATE
T3528,Female,"Jun 15, 1980",T2373,"T31
22","Birth/Ha
tch","Jun 15, 1980",GRANBY
,,,,,Transfer,"May 11, 1982",PRIVATE
,,,,,GO LTF,"May 11, 1982",PRIVATE
T3529,Male,"Jun 15, 1980",T2373,"T31
22","Birth/Ha
tch","Jun 15, 1980",GRANBY
,,,,,Transfer,"May 10, 1982",PRIVATE
,,,,,GO LTF,"May 10, 1982",PRIVATE
T3530,Male,"Jun 18, 1980",T1614,"T26
75","Birth/Ha
tch","Jun 18, 1980",WINSTON
,,,,,Transfer,"Feb 24, 1986",PRIVATE
,,,,,GO LTF,"Feb 24, 1986",PRIVATE
T3531,Female,"Jun 18, 1980",T1614,T26 75,Birth/Ha tch,"Jun 18, 1980",WINSTON
,,,,,Transfer,"Jan 11, 1991",DALLAS
,,,,,Death,"May 03, 1997",DALLAS
T3532,Male,"Jun 25, 1980 +/-
6 month",UND,UND,"Birth/Ha
tch","Jun 25, 1980 +/-
6 month",Undetermined
,,,,,Transfer,Undetermined,PRIVATE
,,,,,Transfer,"Jun 22, 1994",LOSANGELE
,,,,,Transfer,"Sep 15, 1994",PRIVATE
,,,,,GO LTF,"Sep 15, 1994",PRIVATE
T3541,Female,"Jul 17, 1980",UND,"T24
76","Birth/Ha
tch","Jul 17, 1980",WINSTON
,,,,,Transfer,"Jun 21, 1983",UNDETERMI
,,,,,GO LTF,"Jun 21, 1983",UNDETERMI
T3542,Male,"Jul 19, 1980",T2669,T26 28,Birth/Ha tch,"Jul 19, 1980",STONEHAM
,,,,,Death,"Dec 17, 1980",STONEHAM
T3543,Male,"Jul 19, 1980",T2669,"T26
28","Birth/Ha
tch","Jul 19, 1980",STONEHAM
,,,,,Transfer,"Dec 17, 1980",PRIVATE
,,,,,GO LTF,"Dec 17, 1980",PRIVATE
T3544,Male,"Jul 19, 1980",T2669,"T26
28","Birth/Ha
tch","Jul 19, 1980",STONEHAM
,,,,,Transfer,"Dec 17, 1980",PRIVATE
,,,,,GO LTF,"Dec 17, 1980",PRIVATE
T3548,Male,"Jul 24, 1980",T2613,T25 92,Birth/Ha tch,"Jul 24, 1980",BIRMINGHM
,,,,,Transfer,"Sep 12, 1980",PRIVATE
,,,,,GO LTF,"Sep 12, 1980",PRIVATE
T3549,Male,"Jul 24, 1980",T2613,"T25
92","Birth/Ha
tch","Jul 24, 1980",BIRMINGHM
,,,,,Transfer,"Sep 12, 1980",PRIVATE
,,,,,GO LTF,"Sep 12, 1980",PRIVATE
T3550,Male,"Jul 24, 1980",T2613,T25 92,Birth/Ha tch,"Jul 24, 1980",BIRMINGHM
,,,,,Transfer,"Sep 12, 1980",PRIVATE
,,,,,GO LTF,"Sep 12, 1980",PRIVATE
T3551,Male,"Jul 26, 1980",T2396,"T24
31","Birth/Ha
tch","Jul 26, 1980",KNOXVILLE
,,,,,Transfer,"Mar 15, 1982",PRIVATE
,,,,,GO LTF,"Mar 15, 1982",PRIVATE
T3552,Male,"Jul 26, 1980",T2396,T24 31,Birth/Ha tch,"Jul 26, 1980",KNOXVILLE
,,,,,Transfer,"Feb 04, 1981",PRIVATE
,,,,,GO LTF,"Feb 04, 1981",PRIVATE
T3553,Female,"Jul 26, 1980",T2396,"T24
31","Birth/Ha
tch","Jul 26, 1980",KNOXVILLE
,,,,,Transfer,"Mar 02, 1981",PRIVATE
,,,,,GO LTF,"Mar 02, 1981",PRIVATE
T3554,Female,"Jul 26, 1980",T2396,"T24
31","Birth/Ha
tch","Jul 26, 1980",KNOXVILLE
,,,,,Transfer,"Mar 15, 1982",PRIVATE
,,,,,GO LTF,"Mar 15, 1982",PRIVATE
T3555,Female,"Jul 28, 1980",T2396,"T24
32","Birth/Ha
tch","Jul 28, 1980",KNOXVILLE
,,,,,Transfer,"Feb 04, 1981",PRIVATE
,,,,,GO LTF,"Feb 04, 1981",PRIVATE
T3556,Male,"Jul 28, 1980",UND,UND,"Birth/Ha
tch","Jul 28, 1980",KNOXVILLE
,,,,,Transfer,"Mar 02, 1981",PRIVATE
,,,,,GO LTF,"Mar 02, 1981",PRIVATE
T3557,Female,"Jul 28, 1980",T2396,"T24
32","Birth/Ha
tch","Jul 28, 1980",KNOXVILLE
,,,,,Death,"Sep 22, 1980",KNOXVILLE
T3558,Male,"Jul 30, 1980",T2745,"T26
16","Birth/Ha
tch","Jul 30, 1980",DICKERSON
,,,,,Transfer,"Sep 25, 1980",PRIVATE
,,,,,GO LTF,"Sep 25, 1980",PRIVATE
T3559,Female,"Aug 17, 1980 +/- 15 day",UND,UND,"Birth/Ha
tch","Aug 17, 1980 +/- 15 day",DES MOINE
,,,,,Transfer,"Jan 17, 1981",BROWNSVIL
,,,,,Death,"Dec 31, 1985",BROWNSVIL
T3560,Female,"Aug 27, 1980",T1900,"T24
92","Birth/Ha
tch","Aug 27, 1980",EVANSVLLE
,,,,,Death,"Dec 15, 1984",EVANSVLLE
T3561,Male,"Sep 22, 1980",UND,UND,Birth/Ha tch,"Sep 22, 1980",ST PAUL
,,,,,Transfer,"Feb 14, 1981",PRIVATE
,,,,,GO LTF,"Feb 14, 1981",PRIVATE
T3562,Male,"Sep 22, 1980",UND,UND,"Birth/Ha
tch","Sep 22, 1980",ST PAUL
,,,,,Transfer,"Feb 14, 1981",PRIVATE
,,,,,GO LTF,"Feb 14, 1981",PRIVATE
T3563,Female,"Sep 22, 1980",UND,UND,Birth/Ha tch,"Sep 22, 1980",ST PAUL
,,,,,Transfer,"Feb 14, 1981",PRIVATE
,,,,,GO LTF,"Feb 14, 1981",PRIVATE
T3564,Male,"Sep 24, 1980",UND,UND,"Birth/Ha
tch","Sep 24, 1980",OMAHA
,,,,,Transfer,"May 19, 1982",SCOTTSBLU
,,,,,Transfer,"Mar 01, 1989",PRIVATE
,,,,,GO LTF,"Mar 01, 1989",PRIVATE
T3565,Male,"Sep 24, 1980",UND,UND,Birth/Ha tch,"Sep 24, 1980",OMAHA
,,,,,Death,"May 30, 1982",OMAHA
T3566,Male,"Sep 24, 1980",UND,UND,Birth/Ha tch,"Sep 24, 1980",OMAHA
,,,,,Death,"May 29, 1982",OMAHA
T3572,Female,Undetermined,UND,UND,"Birth/Ha
tch",Undetermined,MOORPARK
,,,,,Transfer,"Jul 14, 1988",BOWMANVIL
,,,,,Transfer,"Jan 15, 1997",TORONTO
,,,,,Transfer,"Jan 14, 1999",BOWMANVIL
,,,,,Transfer,"Jan 16, 1999",JNGLARY F
,,,,,Death,"May 06, 2000",JNGLARY F
T3573,Female,"Oct 05, 1980",T1900,"T29
88","Birth/Ha
tch","Oct 05, 1980",EVANSVLLE
,,,,,Death,"Oct 12, 1980",EVANSVLLE
T3574,Male,"Oct 06, 1980",UND,UND,"Birth/Ha
tch","Oct 06, 1980",PRIVATE
,,,,,Transfer,"Jan 03, 1981",KNOXVILLE
,,,,,Transfer,"Aug 26, 1981",PRIVATE
,,,,,GO LTF,"Aug 26, 1981",PRIVATE
T3575,Male,"Oct 08, 1980",T1900,"T29
88","Birth/Ha
tch","Oct 08, 1980",EVANSVLLE
,,,,,Death,"Oct 19, 1980",EVANSVLLE
T3576,Female,"Oct 09, 1980",T2750,"T27
51","Birth/Ha
tch","Oct 09, 1980",FORTWORTH
,,,,,Death,"Oct 24, 1980",FORTWORTH
T3577,Male,"Oct 09, 1980",T2750,T27 51,Birth/Ha tch,"Oct 09, 1980",FORTWORTH
,,,,,Transfer,"Feb 12, 1981",PRIVATE
,,,,,GO LTF,"Feb 12, 1981",PRIVATE
T3578,Male,"Oct 09, 1980",T2750,"T27
51","Birth/Ha
tch","Oct 09, 1980",FORTWORTH
,,,,,Transfer,"Oct 30, 1980",PRIVATE
,,,,,GO LTF,"Oct 30, 1980",PRIVATE
T3579,Female,"Oct 14, 1980",T3163,"T30
78","Birth/Ha
tch","Oct 14, 1980",KNOXVILLE
,,,,,Death,"Oct 24, 1980",KNOXVILLE
T3580,Male,"Oct 14, 1980",T3163,T30 78,Birth/Ha tch,"Oct 14, 1980",KNOXVILLE
,,,,,Death,"Feb 12, 1987",KNOXVILLE
T3581,Female,"Dec 11, 1980",UND,UND,Birth/Ha tch,"Dec 11, 1980",PRIVATE
,,,,,Transfer,"Jun 08, 1982",SD-WAP
,,,,,Transfer,"Feb 23, 1988",PRIVATE
,,,,,GO LTF,"Feb 23, 1988",PRIVATE
T3582,Male,"Dec 11, 1980",UND,UND,Birth/Ha tch,"Dec 11, 1980",PRIVATE
,,,,,Transfer,"Jun 08, 1982",SD-WAP
,,,,,Transfer,"Jun 03, 1986",SYRACUSE
,,,,,Death,"Dec 10, 1997",SYRACUSE
T3583,Female,"Dec 11, 1980",UND,UND,"Birth/Ha
tch","Dec 11, 1980",PRIVATE
,,,,,Transfer,"Jun 08, 1982",SD-WAP
,,,,,Transfer,"Apr 20, 1984",BLOOMINGT
,,,,,Death,"Oct 13, 1999",BLOOMINGT
T3584,Female,"Dec 12, 1980",T2662,"T24
73","Birth/Ha
tch","Dec 12, 1980",REDWOOD
,,,,,Transfer,"Aug 09, 1982",PRIVATE
,,,,,Transfer,"Jul 06, 1985",TUCSON
,,,,,Transfer,"Aug 09, 1988",WINSTON
,,,,,Death,"Sep 14, 1999",WINSTON
T3585,Male,"Dec 17, 1980",UND,UND,Birth/Ha tch,"Dec 17, 1980",NY BRONX
,,,,,Death,"Dec 21, 1980",NY BRONX
T3586,Male,"Dec 17, 1980",UND,UND,Birth/Ha tch,"Dec 17, 1980",NY BRONX
,,,,,Death,"Dec 21, 1980",NY BRONX
T3587,Female,"Dec 17, 1980",UND,UND,"Birth/Ha
tch","Dec 17, 1980",NY BRONX
,,,,,Death,"Dec 21, 1980",NY BRONX
T3588,Male,"Jan 01, 1981",T3197,"T31
77","Birth/Ha
tch","Jan 01, 1981",UTICA
,,,,,Transfer,"Nov 30, 1981",PRIVATE
,,,,,GO LTF,"Nov 30, 1981",PRIVATE
T3589,Female,"Jan 01, 1981",T3197,"T31
77","Birth/Ha
tch","Jan 01, 1981",UTICA
,,,,,Transfer,"Aug 25, 1981",PRIVATE
,,,,,GO LTF,"Aug 25, 1981",PRIVATE
T3590,Male,"Jan 01, 1981",UND,UND,"Birth/Ha
tch","Jan 01, 1981",UTICA
,,,,,Transfer,"Nov 30, 1981",PRIVATE
,,,,,GO LTF,"Nov 30, 1981",PRIVATE
T3591,Male,"Jan 17, 1981",T2409,"T28
38","Birth/Ha
tch","Jan 17, 1981",INDIANAPL
,,,,,Transfer,"Jul 23, 1986",ST FELICI
,,,,,Death,"Oct 23, 1992",ST FELICI
T3592,Undeter mined,"Jan 26, 1981",T2929,T29 30,Birth/Ha tch,"Jan 26, 1981",WINNIPEG
,,,,,Death,"Jan 26, 1981",WINNIPEG
T3593,"Undeter
mined","Jan 26, 1981",T2929,"T29
30","Birth/Ha
tch","Jan 26, 1981",WINNIPEG
,,,,,Death,"Jan 26, 1981",WINNIPEG
T3594,"Undeter
mined","Jan 26, 1981",T2929,"T29
30","Birth/Ha
tch","Jan 26, 1981",WINNIPEG
,,,,,Death,"Feb 06, 1981",WINNIPEG
T3595,Female,"Jan 26, 1981",T2929,"T29
30","Birth/Ha
tch","Jan 26, 1981",WINNIPEG
,,,,,Transfer,"Apr 30, 1981",PRIVATE
,,,,,GO LTF,"Apr 30, 1981",PRIVATE
T3596,Female,"Jan 26, 1981",T2929,"T29
30","Birth/Ha
tch","Jan 26, 1981",WINNIPEG
,,,,,Transfer,"Apr 30, 1981",PRIVATE
,,,,,GO LTF,"Apr 30, 1981",PRIVATE
T3597,Female,"Jan 26, 1981",UND,UND,"Birth/Ha
tch","Jan 26, 1981",WINNIPEG
,,,,,Transfer,"Apr 30, 1981",HEMMINGFD
,,,,,Death,"Jan 01, 1986",HEMMINGFD
T3598,Female,"Jan 26, 1981",UND,UND,"Birth/Ha
tch","Jan 26, 1981",WINNIPEG
,,,,,Transfer,"Apr 30, 1981",HEMMINGFD
,,,,,Death,"Jan 01, 1987",HEMMINGFD
T3599,Female,"Feb 08, 1981 +/- 15 day",UND,UND,"Birth/Ha
tch","Feb 08, 1981 +/- 15 day",ST PAUL
,,,,,Transfer,Undetermined,FERNDALE
,,,,,Transfer,"Sep 10, 1982",DETROIT
,,,,,Death,"Feb 10, 1984",DETROIT
T3600,Female,"Feb 20, 1981",T2954,"T24
27","Birth/Ha
tch","Feb 20, 1981",GREENVISC
,,,,,Transfer,"May 12, 1981",PRIVATE
,,,,,GO LTF,"May 12, 1981",PRIVATE
T3601,Male,"Feb 21, 1981",T2954,"T24
27","Birth/Ha
tch","Feb 21, 1981",GREENVISC
,,,,,Transfer,"May 12, 1981",PRIVATE
,,,,,GO LTF,"May 12, 1981",PRIVATE
T3603,Male,"Mar 11, 1981 +/- 15 day",UND,UND,"Birth/Ha
tch","Mar 11, 1981 +/- 15 day",Undetermined
,,,,,Transfer,Undetermined,PRIVATE
,,,,,Transfer,"Sep 09, 1981",PHOENIX
,,,,,Transfer,"Dec 11, 1981",PRIVATE
,,,,,GO LTF,"Dec 11, 1981",PRIVATE
T3604,Female,"Mar 15, 1981",UND,UND,Birth/Ha tch,"Mar 15, 1981",PRIVATE
,,,,,Transfer,"May 01, 1981",FT WAYNE
,,,,,Transfer,"Nov 30, 1981",PRIVATE
,,,,,GO LTF,"Nov 30, 1981",PRIVATE
T3605,Female,"Mar 15, 1981",UND,UND,"Birth/Ha
tch","Mar 15, 1981",PRIVATE
,,,,,Transfer,"May 01, 1981",FT WAYNE
,,,,,Transfer,"Nov 30, 1981",PRIVATE
,,,,,GO LTF,"Nov 30, 1981",PRIVATE
T3607,Female,"Mar 31, 1981",T3163,T30 90,Birth/Ha tch,"Mar 31, 1981",KNOXVILLE
,,,,,Death,"Mar 31, 1981",KNOXVILLE
T3608,Female,"Mar 31, 1981",T3163,"T30
90","Birth/Ha
tch","Mar 31, 1981",KNOXVILLE
,,,,,Transfer,Undetermined,SANDIEGOZ
,,,,,Transfer,"Jul 19, 1982",KANSASCTY
,,,,,Death,"Sep 29, 1982",KANSASCTY
T3610,Female,"Apr 13, 1981",T2745,T26 16,Birth/Ha tch,"Apr 13, 1981",DICKERSON
,,,,,Death,"Aug 26, 2000",DICKERSON
T3611,Male,"May 04, 1981",T2750,"T31
45","Birth/Ha
tch","May 04, 1981",FORTWORTH
,,,,,Death,"May 04, 1981",FORTWORTH
T3612,Male,"May 06, 1981 +/-
6 month",UND,UND,"Birth/Ha
tch","May 06, 1981 +/-
6 month",Undetermined
,,,,,Transfer,Undetermined,PRIVATE
,,,,,Transfer,"May 07, 1986",BUFFALO
,,,,,Transfer,"Apr 29, 1993",PRIVATE
,,,,,GO LTF,"Apr 29, 1993",PRIVATE
T3613,Female,"May 06, 1981 +/-
6 month",UND,UND,"Birth/Ha
tch","May 06, 1981 +/-
6 month",Undetermined
,,,,,Transfer,Undetermined,PRIVATE
,,,,,Transfer,"May 07, 1986",BUFFALO
,,,,,Transfer,"Apr 29, 1993",PRIVATE
,,,,,GO LTF,"Apr 29, 1993",PRIVATE
T3614,Female,"Feb 23, 1977",UND,UND,Birth/Ha tch,"Feb 23, 1977",Undetermined
,,,,,Transfer,Undetermined,PRIVATE
,,,,,Transfer,"May 07, 1986",BUFFALO
,,,,,Transfer,"Apr 29, 1993",PRIVATE
,,,,,GO LTF,"Apr 29, 1993",PRIVATE
T3616,Male,"May 14, 1981",T2137,"T21
38","Birth/Ha
tch","May 14, 1981",ABILENE
,,,,,Transfer,"Jun 24, 1981",PRIVATE
,,,,,GO LTF,"Jun 24, 1981",PRIVATE
T3617,Male,"May 14, 1981",T2137,T21 38,Birth/Ha tch,"May 14, 1981",ABILENE
,,,,,Transfer,"Jun 24, 1981",PRIVATE
,,,,,GO LTF,"Jun 24, 1981",PRIVATE
T3618,Male,"May 14, 1981",T2137,"T21
38","Birth/Ha
tch","May 14, 1981",ABILENE
,,,,,Transfer,"Jun 24, 1981",PRIVATE
,,,,,GO LTF,"Jun 24, 1981",PRIVATE
T3619,Female,"May 14, 1981",T2137,T21 38,Birth/Ha tch,"May 14, 1981",ABILENE
,,,,,Transfer,"Jun 24, 1981",PRIVATE
,,,,,GO LTF,"Jun 24, 1981",PRIVATE
T3620,Male,"May 24, 1981",T2924,"T29
35","Birth/Ha
tch","May 24, 1981",ST PAUL
,,,,,Transfer,"May 01, 1982",PRIVATE
,,,,,GO LTF,"May 01, 1982",PRIVATE
T3621,Female,"May 24, 1981",T2924,"T29
35","Birth/Ha
tch","May 24, 1981",ST PAUL
,,,,,Transfer,"May 01, 1982",PRIVATE
,,,,,GO LTF,"May 01, 1982",PRIVATE
T3622,Female,"May 24, 1981",T2924,"T29
35","Birth/Ha
tch","May 24, 1981",ST PAUL
,,,,,Transfer,"May 01, 1982",PRIVATE
,,,,,GO LTF,"May 01, 1982",PRIVATE
T3623,Female,"May 24, 1981",T2924,"T29
35","Birth/Ha
tch","May 24, 1981",ST PAUL
,,,,,Transfer,"May 01, 1982",PRIVATE
,,,,,GO LTF,"May 01, 1982",PRIVATE
T3624,Undeter mined,"May 24, 1981",UND,UND,Birth/Ha tch,"May 24, 1981",ST PAUL
,,,,,Transfer,"May 31, 1982",PRIVATE
,,,,,GO LTF,"May 31, 1982",PRIVATE
T3625,Female,"May 24, 1981",UND,UND,"Birth/Ha
tch","May 24, 1981",ST PAUL
,,,,,Transfer,"May 31, 1982",PRIVATE
,,,,,GO LTF,"May 31, 1982",PRIVATE
T3626,Female,"May 24, 1981",UND,UND,"Birth/Ha
tch","May 24, 1981",ST PAUL
,,,,,Transfer,"May 31, 1982",PRIVATE
,,,,,GO LTF,"May 31, 1982",PRIVATE
T3627,Female,"May 24, 1981",UND,UND,Birth/Ha tch,"May 24, 1981",ST PAUL
,,,,,Transfer,"May 31, 1982",PRIVATE
,,,,,GO LTF,"May 31, 1982",PRIVATE
T3628,Female,"Jun 06, 1981",UND,UND,"Birth/Ha
tch","Jun 06, 1981",UTICA
,,,,,Transfer,"Nov 30, 1981",PRIVATE
,,,,,GO LTF,"Nov 30, 1981",PRIVATE
T3629,Male,"Jun 06, 1981",UND,UND,Birth/Ha tch,"Jun 06, 1981",UTICA
,,,,,Transfer,"Nov 30, 1981",PRIVATE
,,,,,GO LTF,"Nov 30, 1981",PRIVATE
T3630,Female,Undetermined,UND,UND,"Birth/Ha
tch",Undetermined,Undetermined
,,,,,Transfer,Undetermined,PRIVATE
,,,,,Transfer,"Jun 11, 1981",SAN ANTON
,,,,,Death,"Sep 12, 1991",SAN ANTON
T3631,Male,"Jun 25, 1981 +/-
6 month",UND,UND,"Birth/Ha
tch","Jun 25, 1981 +/-
6 month",NZP-WASH
,,,,,Transfer,Undetermined,PRIVATE
,,,,,Transfer,"Jun 22, 1994",LOSANGELE
,,,,,Transfer,"Jul 09, 1996",PRIVATE
,,,,,GO LTF,"Jul 09, 1996",PRIVATE
T3632,Male,"Jul 05, 1981",T2613,T25 92,Birth/Ha tch,"Jul 05, 1981",BIRMINGHM
,,,,,Transfer,"Sep 02, 1981",PRIVATE
,,,,,GO LTF,"Sep 02, 1981",PRIVATE
T3633,Male,"Jul 05, 1981",T2613,"T25
92","Birth/Ha
tch","Jul 05, 1981",BIRMINGHM
,,,,,Transfer,"Sep 02, 1981",PRIVATE
,,,,,GO LTF,"Sep 02, 1981",PRIVATE
T3634,Male,"Jul 22, 1981",T3163,"T30
78","Birth/Ha
tch","Jul 22, 1981",KNOXVILLE
,,,,,Transfer,"Jul 13, 1988",DES MOINE
,,,,,Death,"Jan 11, 1990",DES MOINE
T3635,Female,"Jul 22, 1981",T3163,T30 78,Birth/Ha tch,"Jul 22, 1981",KNOXVILLE
,,,,,Transfer,"Aug 04, 1983",SACRAMNTO
,,,,,Death,"Aug 21, 2000",SACRAMNTO
T3636,Female,"Jul 22, 1981",T3161,"T30
78","Birth/Ha
tch","Jul 22, 1981",KNOXVILLE
,,,,,Transfer,"Oct 19, 1981",SD-WAP
,,,,,Death,"Aug 17, 1982",SD-WAP
T3637,Male,"Jul 22, 1981",T3163,T30 78,Birth/Ha tch,"Jul 22, 1981",KNOXVILLE
,,,,,Transfer,"Oct 19, 1981",SD-WAP
,,,,,Transfer,"Feb 23, 1988",PRIVATE
,,,,,GO LTF,"Feb 23, 1988",PRIVATE
T3638,Male,"Jul 27, 1981",T3298,"T33
03","Birth/Ha
tch","Jul 27, 1981",METROZOO
,,,,,Transfer,"Aug 14, 1981",PRIVATE
,,,,,GO LTF,"Aug 14, 1981",PRIVATE
T3639,Female,"Jul 27, 1981",T3298,"T33
03","Birth/Ha
tch","Jul 27, 1981",METROZOO
,,,,,Transfer,"Aug 14, 1981",PRIVATE
,,,,,GO LTF,"Aug 14, 1981",PRIVATE
T3640,Female,"Jul 29, 1981",T3062,"T33
03","Birth/Ha
tch","Jul 29, 1981",METROZOO
,,,,,Death,"Jul 29, 1981",METROZOO
T3644,Female,"Aug 31, 1981",UND,UND,Birth/Ha tch,"Aug 31, 1981",UTICA
,,,,,Transfer,"Nov 30, 1981",PRIVATE
,,,,,GO LTF,"Nov 30, 1981",PRIVATE
T3646,Female,"Sep 10, 1981",T2532,"T24
20","Birth/Ha
tch","Sep 10, 1981",CLEVELAND
,,,,,Transfer,"Jan 21, 1982",PRIVATE
,,,,,GO LTF,"Jan 21, 1982",PRIVATE
T3647,Female,"Sep 10, 1981",T2532,"T24
20","Birth/Ha
tch","Sep 10, 1981",CLEVELAND
,,,,,Transfer,"Jan 21, 1982",PRIVATE
,,,,,GO LTF,"Jan 21, 1982",PRIVATE
T3648,Female,"Sep 10, 1981",T2532,T24 20,Birth/Ha tch,"Sep 10, 1981",CLEVELAND
,,,,,Transfer,"Jan 21, 1982",PRIVATE
,,,,,GO LTF,"Jan 21, 1982",PRIVATE
T3649,Female,"Sep 10, 1981",T2532,"T24
20","Birth/Ha
tch","Sep 10, 1981",CLEVELAND
,,,,,Transfer,"Jan 21, 1982",PRIVATE
,,,,,GO LTF,"Jan 21, 1982",PRIVATE
T3650,Female,"Oct 15, 1981",UND,UND,Birth/Ha tch,"Oct 15, 1981",LOSANGELE
,,,,,Death,"Oct 25, 1981",LOSANGELE
T3651,Female,"Oct 15, 1981",UND,UND,"Birth/Ha
tch","Oct 15, 1981",LOSANGELE
,,,,,Transfer,"Jul 10, 1982",PRIVATE
,,,,,GO LTF,"Jul 10, 1982",PRIVATE
T3652,Female,"Oct 15, 1981",UND,"T33
29","Birth/Ha
tch","Oct 15, 1981",LOSANGELE
,,,,,Transfer,"Jul 10, 1982",PRIVATE
,,,,,Death,"Sep 15, 1983",PRIVATE
T3653,Female,"Oct 15, 1981",T3081,T33 29,Birth/Ha tch,"Oct 15, 1981",LOSANGELE
,,,,,Death,"Nov 15, 1981",LOSANGELE
T3656,Female,"Oct 16, 1981",T2924,"T29
35","Birth/Ha
tch","Oct 16, 1981",ST PAUL
,,,,,Transfer,"Mar 24, 1983",PRIVATE
,,,,,GO LTF,"Mar 24, 1983",PRIVATE
T3657,Female,"Oct 16, 1981",UND,"T29
36","Birth/Ha
tch","Oct 16, 1981",ST PAUL
,,,,,Transfer,"Mar 24, 1983",PRIVATE
,,,,,GO LTF,"Mar 24, 1983",PRIVATE
T3658,Female,"Oct 18, 1981",UND,"T29
36","Birth/Ha
tch","Oct 18, 1981",ST PAUL
,,,,,Transfer,"Nov 02, 1981",UNDETERMI
,,,,,GO LTF,"Nov 02, 1981",UNDETERMI
T3659,Male,"Oct 18, 1981",UND,T29 36,Birth/Ha tch,"Oct 18, 1981",ST PAUL
,,,,,Transfer,"Nov 02, 1981",UNDETERMI
,,,,,GO LTF,"Nov 02, 1981",UNDETERMI
T3661,Male,"Oct 21, 1981",T3163,T30 90,Birth/Ha tch,"Oct 21, 1981",KNOXVILLE
,,,,,Transfer,"Jun 11, 1985",NZP-WASH
,,,,,Transfer,"Apr 14, 1992",ASHEBORO
,,,,,Death,"Sep 17, 1992",ASHEBORO
T3663,Male,"Oct 21, 1981",T3161,"T30
90","Birth/Ha
tch","Oct 21, 1981",KNOXVILLE
,,,,,Transfer,"Jun 01, 1989",DUBBO
,,,,,Transfer,"Dec 20, 1991",SYDNEY
,,,,,Transfer,"Feb 02, 1993",DUBBO
,,,,,Death,"Sep 10, 2002",DUBBO
T3664,Male,"Nov 01, 1981",UND,UND,"Birth/Ha
tch","Nov 01, 1981",SEATTLE
,,,,,Transfer,"Feb 25, 1982",PRIVATE
,,,,,GO LTF,"Feb 25, 1982",PRIVATE
T3665,Female,"Nov 01, 1981",UND,UND,Birth/Ha tch,"Nov 01, 1981",SEATTLE
,,,,,Transfer,"Feb 25, 1982",PRIVATE
,,,,,GO LTF,"Feb 25, 1982",PRIVATE
T3666,Female,"Nov 15, 1981",T2137,T21 38,Birth/Ha tch,"Nov 15, 1981",ABILENE
,,,,,Death,"Jan 07, 1995",ABILENE
T3667,Female,"Nov 15, 1981",T2137,T21 38,Birth/Ha tch,"Nov 15, 1981",ABILENE
,,,,,Death,"Jul 24, 2000",ABILENE
T3670,Male,"Dec 03, 1981",UND,UND,"Birth/Ha
tch","Dec 03, 1981",NY BRONX
,,,,,Death,"Dec 03, 1981",NY BRONX
T3673,"Undeter
mined","Dec 14, 1981",T2157,"T21
19","Birth/Ha
tch","Dec 14, 1981",ROCHESTER
,,,,,Death,"Dec 14, 1981",ROCHESTER
T3674,Male,"Dec 28, 1981",T2495,"T34
22","Birth/Ha
tch","Dec 28, 1981",ASHEBORO
,,,,,Death,"Dec 28, 1981",ASHEBORO
T3675,Female,"Jan 14, 1982",UND,UND,"Birth/Ha
tch","Jan 14, 1982",LOSANGELE
,,,,,Death,"Jan 15, 1982",LOSANGELE
T3676,Female,"Jan 14, 1982",UND,UND,Birth/Ha tch,"Jan 14, 1982",LOSANGELE
,,,,,Death,"Jan 15, 1982",LOSANGELE
T3677,Female,"Jan 14, 1982",UND,UND,Birth/Ha tch,"Jan 14, 1982",LOSANGELE
,,,,,Death,"Jan 15, 1982",LOSANGELE
T3678,Female,"Jan 24, 1982",UND,UND,"Birth/Ha
tch","Jan 24, 1982",UTICA
,,,,,Transfer,"Mar 12, 1982",PRIVATE
,,,,,GO LTF,"Mar 12, 1982",PRIVATE
T3679,Male,"Jan 24, 1982",UND,UND,Birth/Ha tch,"Jan 24, 1982",UTICA
,,,,,Death,"Jan 24, 1982",UTICA
T3680,Male,"Feb 01, 1982",T2750,T31 45,Birth/Ha tch,"Feb 01, 1982",FORTWORTH
,,,,,Death,"Feb 01, 1982",FORTWORTH
T3681,Undeter mined,"Feb 01, 1982",T2750,T31 45,Birth/Ha tch,"Feb 01, 1982",FORTWORTH
,,,,,Death,"Feb 01, 1982",FORTWORTH
T3682,Male,"Feb 01, 1982",T2750,T31 45,Birth/Ha tch,"Feb 01, 1982",FORTWORTH
,,,,,Transfer,"Nov 30, 1984",PRIVATE
,,,,,GO LTF,"Nov 30, 1984",PRIVATE
T3685,Male,"Jan 31, 1982 +/-
6 month",UND,UND,"Birth/Ha
tch","Jan 31, 1982 +/-
6 month",Undetermined
,,,,,Transfer,Undetermined,PRIVATE
,,,,,Transfer,"Feb 02, 1984",LITTLEROC
,,,,,Death,"Apr 17, 2000",LITTLEROC
T3687,Male,"Feb 12, 1982",T3081,"T33
29","Birth/Ha
tch","Feb 12, 1982",LOSANGELE
,,,,,Transfer,"Mar 02, 1984",CHICAGOLP
,,,,,Transfer,"Oct 18, 1984",BERLIN TP
,,,,,GO LTF,"Oct 18, 1984",BERLIN TP
T3689,Male,"Feb 18, 1982",UND,UND,Birth/Ha tch,"Feb 18, 1982",LOSANGELE
,,,,,Transfer,"Jun 06, 1983",SACRAMNTO
,,,,,Death,"Sep 27, 1996",SACRAMNTO
T3690,Male,"Mar 07, 1982",T2960,"T29
46","Birth/Ha
tch","Mar 07, 1982",CHICAGOLP
,,,,,Death,"Mar 07, 1982",CHICAGOLP
T3691,Female,"Mar 07, 1982",T2960,"T29
46","Birth/Ha
tch","Mar 07, 1982",CHICAGOLP
,,,,,Death,"Mar 07, 1982",CHICAGOLP
T3693,Female,"Mar 07, 1982",T2960,"T29
46","Birth/Ha
tch","Mar 07, 1982",CHICAGOLP
,,,,,Transfer,"Jun 06, 1985",NZP-WASH
,,,,,Death,"Aug 11, 1995",NZP-WASH
T3694,Male,"Mar 17, 1982",UND,UND,"Birth/Ha
tch","Mar 17, 1982",ST PAUL
,,,,,Death,"Mar 20, 1982",ST PAUL
T3695,Female,"Mar 17, 1982",UND,UND,"Birth/Ha
tch","Mar 17, 1982",ST PAUL
,,,,,Death,"Apr 08, 1982",ST PAUL
T3697,Female,"Mar 23, 1982",T2745,T26 16,Birth/Ha tch,"Mar 23, 1982",DICKERSON
,,,,,Transfer,"Jul 21, 1982",PRIVATE
,,,,,GO LTF,"Jul 21, 1982",PRIVATE
T3698,Male,"Mar 23, 1982",T2745,"T26
16","Birth/Ha
tch","Mar 23, 1982",DICKERSON
,,,,,Transfer,"Jul 21, 1982",PRIVATE
,,,,,GO LTF,"Jul 21, 1982",PRIVATE
T3699,Male,"Mar 23, 1982",T2745,"T26
16","Birth/Ha
tch","Mar 23, 1982",DICKERSON
,,,,,Death,"Mar 25, 1982",DICKERSON
T3702,Undeter mined,"Apr 16, 1982",T2495,T33 36,Birth/Ha tch,"Apr 16, 1982",ASHEBORO
,,,,,Death,"Apr 16, 1982",ASHEBORO
T3703,Male,"Apr 16, 1982",T2373,UND,Birth/Ha tch,"Apr 16, 1982",GRANBY
,,,,,Transfer,"Sep 07, 1982",PRIVATE
,,,,,GO LTF,"Sep 07, 1982",PRIVATE
T3704,Male,"May 02, 1982",T2613,"T25
92","Birth/Ha
tch","May 02, 1982",BIRMINGHM
,,,,,Transfer,"Jun 28, 1982",PRIVATE
,,,,,GO LTF,"Jun 28, 1982",PRIVATE
T3705,Female,"May 02, 1982",T2613,T25 92,Birth/Ha tch,"May 02, 1982",BIRMINGHM
,,,,,Transfer,"Jun 28, 1982",PRIVATE
,,,,,GO LTF,"Jun 28, 1982",PRIVATE
T3706,Female,"May 02, 1982",T2613,"T25
92","Birth/Ha
tch","May 02, 1982",BIRMINGHM
,,,,,Transfer,"Jun 28, 1982",PRIVATE
,,,,,GO LTF,"Jun 28, 1982",PRIVATE
T3707,Female,"May 02, 1982",T2613,T25 92,Birth/Ha tch,"May 02, 1982",BIRMINGHM
,,,,,Transfer,"Jun 28, 1982",PRIVATE
,,,,,GO LTF,"Jun 28, 1982",PRIVATE
T3708,"Undeter
mined","May 28, 1982",T2960,"T30
05","Birth/Ha
tch","May 28, 1982",CHICAGOLP
,,,,,Death,"May 28, 1982",CHICAGOLP
T3709,Female,"May 28, 1982",T2960,T30 05,Birth/Ha tch,"May 28, 1982",CHICAGOLP
,,,,,Death,"May 28, 1982",CHICAGOLP
T3720,Female,"Jul 11, 1982",UND,UND,"Birth/Ha
tch","Jul 11, 1982",SEATTLE
,,,,,Death,"Jan 07, 1989",SEATTLE
T3721,Female,"Jul 11, 1982",T2291,"T22
92","Birth/Ha
tch","Jul 11, 1982",SEATTLE
,,,,,Death,"Apr 19, 1999",SEATTLE
T3722,Male,"Jul 11, 1982",UND,UND,"Birth/Ha
tch","Jul 11, 1982",SEATTLE
,,,,,Transfer,"Sep 08, 1982",PRIVATE
,,,,,GO LTF,"Sep 08, 1982",PRIVATE
T3723,Male,"Jul 11, 1982",UND,UND,Birth/Ha tch,"Jul 11, 1982",SEATTLE
,,,,,Transfer,"Sep 08, 1982",PRIVATE
,,,,,GO LTF,"Sep 08, 1982",PRIVATE
T3725,Female,"Jul 24, 1982",T2960,"T29
46","Birth/Ha
tch","Jul 24, 1982",CHICAGOLP
,,,,,Transfer,"Oct 06, 1987",GRANBY
,,,,,Death,"Feb 28, 1996",GRANBY
T3726,Female,"Jul 24, 1982",T2960,T29 46,Birth/Ha tch,"Jul 24, 1982",CHICAGOLP
,,,,,Transfer,"Oct 06, 1987",GRANBY
,,,,,Death,"Jun 02, 1997",GRANBY
T3727,"Undeter
mined","Jul 24, 1982",T2960,"T29
46","Birth/Ha
tch","Jul 24, 1982",CHICAGOLP
,,,,,Death,"Jul 26, 1982",CHICAGOLP
T3728,"Undeter
mined","Jul 24, 1982",T2960,"T29
46","Birth/Ha
tch","Jul 24, 1982",CHICAGOLP
,,,,,Death,"Jul 26, 1982",CHICAGOLP
T3729,Female,"Aug 02, 1982",T2532,"T24
20","Birth/Ha
tch","Aug 02, 1982",CLEVELAND
,,,,,Death,"Aug 15, 1982",CLEVELAND
T3730,Male,"Aug 06, 1982",UND,T29 36,Birth/Ha tch,"Aug 06, 1982",ST PAUL
,,,,,Transfer,"Aug 25, 1982",PRIVATE
,,,,,GO LTF,"Aug 25, 1982",PRIVATE
T3731,Female,"Aug 06, 1982",UND,"T29
36","Birth/Ha
tch","Aug 06, 1982",ST PAUL
,,,,,Transfer,"Aug 25, 1982",PRIVATE
,,,,,GO LTF,"Aug 25, 1982",PRIVATE
T3732,Female,"Aug 12, 1982 +/-
6 month",UND,UND,"Birth/Ha
tch","Aug 12, 1982 +/-
6 month",Undetermined
,,,,,Transfer,Undetermined,PRIVATE
,,,,,Transfer,"Aug 10, 1988",SEATTLE
,,,,,Transfer,"Nov 03, 1988",PRIVATE
,,,,,GO LTF,"Nov 03, 1988",PRIVATE
T3733,Female,"Aug 12, 1982 +/-
6 month",UND,UND,"Birth/Ha
tch","Aug 12, 1982 +/-
6 month",Undetermined
,,,,,Transfer,Undetermined,PRIVATE
,,,,,Transfer,"Aug 10, 1988",SEATTLE
,,,,,Transfer,"Nov 03, 1988",PRIVATE
,,,,,GO LTF,"Nov 03, 1988",PRIVATE
T3735,Male,"Aug 23, 1982",T2750,"T31
45","Birth/Ha
tch","Aug 23, 1982",FORTWORTH
,,,,,Transfer,"Jul 30, 1991",DETROIT
,,,,,Death,"Oct 23, 1998",DETROIT
T3736,Female,"Aug 23, 1982",T2750,T31 45,Birth/Ha tch,"Aug 23, 1982",FORTWORTH
,,,,,Death,"Mar 09, 1984",FORTWORTH
T3737,Female,"Aug 24, 1982",UND,UND,"Birth/Ha
tch","Aug 24, 1982",ASHEBORO
,,,,,Death,"Sep 10, 1982",ASHEBORO
T3738,Female,"Aug 24, 1982",UND,UND,"Birth/Ha
tch","Aug 24, 1982",ASHEBORO
,,,,,Transfer,"Oct 22, 1982",PRIVATE
,,,,,GO LTF,"Oct 22, 1982",PRIVATE
T3739,Female,"Aug 24, 1982",UND,UND,"Birth/Ha
tch","Aug 24, 1982",ASHEBORO
,,,,,Death,"Sep 03, 1982",ASHEBORO
T3740,Female,"Sep 07, 1982",UND,T29 35,Birth/Ha tch,"Sep 07, 1982",ST PAUL
,,,,,Death,"Sep 30, 1982",ST PAUL
T3741,Female,"Sep 07, 1982",UND,"T29
35","Birth/Ha
tch","Sep 07, 1982",ST PAUL
,,,,,Death,"Oct 18, 1982",ST PAUL
T3743,Male,"Sep 27, 1982",T2495,"T34
23","Birth/Ha
tch","Sep 27, 1982",ASHEBORO
,,,,,Transfer,"Oct 29, 1982",PRIVATE
,,,,,GO LTF,"Oct 29, 1982",PRIVATE
T3744,Female,"Sep 27, 1982",T2495,T34 23,Birth/Ha tch,"Sep 27, 1982",ASHEBORO
,,,,,Transfer,"Oct 29, 1982",PRIVATE
,,,,,GO LTF,"Oct 29, 1982",PRIVATE
T3745,Female,"Sep 27, 1982",T2495,"T34
23","Birth/Ha
tch","Sep 27, 1982",ASHEBORO
,,,,,Transfer,"Oct 29, 1982",PRIVATE
,,,,,GO LTF,"Oct 29, 1982",PRIVATE
T3746,Female,"Sep 27, 1982",T2495,T34 23,Birth/Ha tch,"Sep 27, 1982",ASHEBORO
,,,,,Transfer,"Oct 29, 1982",PRIVATE
,,,,,GO LTF,"Oct 29, 1982",PRIVATE
T3747,Female,"Sep 30, 1982",T2137,"T21
38","Birth/Ha
tch","Sep 30, 1982",ABILENE
,,,,,Transfer,"Oct 28, 1982",PRIVATE
,,,,,GO LTF,"Oct 28, 1982",PRIVATE
T3752,Male,"Oct 05, 1982",26,"T34
33","Birth/Ha
tch","Oct 05, 1982",LINCOLN C
,,,,,Transfer,"Nov 03, 1982",SOUTHBEND
,,,,,GO LTF,"Nov 03, 1982",SOUTHBEND
T3753,Male,"Oct 05, 1982",26,T34 33,Birth/Ha tch,"Oct 05, 1982",LINCOLN C
,,,,,Death,"Oct 12, 1982",LINCOLN C
T3757,Male,"Nov 09, 1982",T2409,"T28
38","Birth/Ha
tch","Nov 09, 1982",INDIANAPL
,,,,,Transfer,"Mar 22, 1985",PITTSBURG
,,,,,Death,"Nov 01, 1999",PITTSBURG
T3758,Male,"Nov 09, 1982",T2409,"T28
38","Birth/Ha
tch","Nov 09, 1982",INDIANAPL
,,,,,Transfer,"Aug 20, 1986",EVANSVLLE
,,,,,Death,"Nov 08, 1996",EVANSVLLE
T3760,Male,"Nov 19, 1982 +/-
6 month",UND,UND,"Birth/Ha
tch","Nov 19, 1982 +/-
6 month",Undetermined
,,,,,Transfer,Undetermined,PRIVATE
,,,,,Transfer,"Nov 20, 1983",EL PASO
,,,,,Transfer,"Mar 01, 1993",CLEVELAND
,,,,,Death,"Oct 06, 1997",CLEVELAND
T3761,Male,"Dec 03, 1982",UND,UND,"Birth/Ha
tch","Dec 03, 1982",SEATTLE
,,,,,Death,"Dec 03, 1982",SEATTLE
T3762,Female,"Dec 04, 1982",UND,UND,Birth/Ha tch,"Dec 04, 1982",SEATTLE
,,,,,Transfer,"Dec 12, 1982",PRIVATE
,,,,,GO LTF,"Dec 12, 1982",PRIVATE
T3763,Female,"Dec 04, 1982",UND,UND,"Birth/Ha
tch","Dec 04, 1982",SEATTLE
,,,,,Death,"Dec 04, 1982",SEATTLE
T3764,Male,"Dec 08, 1982",UND,"T50
51","Birth/Ha
tch","Dec 08, 1982",W PALM BE
,,,,,Death,"Apr 01, 1990",W PALM BE
T3768,Female,"Jan 12, 1983",T2495,"T34
23","Birth/Ha
tch","Jan 12, 1983",ASHEBORO
,,,,,Transfer,"Sep 23, 1985",PRIVATE
,,,,,GO LTF,"Sep 23, 1985",PRIVATE
T3769,Female,"Jan 14, 1983",UND,UND,"Birth/Ha
tch","Jan 14, 1983",JACKSON
,,,,,Transfer,"Jun 07, 1986",SYRACUSE
,,,,,Death,"Nov 08, 1999",SYRACUSE
T3770,Male,"Jan 14, 1983",UND,UND,"Birth/Ha
tch","Jan 14, 1983",JACKSON
,,,,,Transfer,"Apr 28, 1984",BLOOMINGT
,,,,,Death,"Dec 06, 1994",BLOOMINGT
T3771,Male,"Jan 23, 1983",UND,UND,Birth/Ha tch,"Jan 23, 1983",PRIVATE
,,,,,Transfer,"May 03, 1984",KNOXVILLE
,,,,,Transfer,"Dec 14, 1988",PRIVATE
,,,,,GO LTF,"Dec 14, 1988",PRIVATE
T3772,Female,"Feb 04, 1983",UND,"T50
52","Birth/Ha
tch","Feb 04, 1983",W PALM BE
,,,,,Transfer,"Mar 08, 1989",PRIVATE
,,,,,GO LTF,"Mar 08, 1989",PRIVATE
T3773,Male,"Feb 08, 1983",UND,"T29
36","Birth/Ha
tch","Feb 08, 1983",ST PAUL
,,,,,Transfer,"May 31, 1984",PRIVATE
,,,,,GO LTF,"May 31, 1984",PRIVATE
T3774,Male,"Feb 11, 1983",UND,"T29
35","Birth/Ha
tch","Feb 11, 1983",ST PAUL
,,,,,Transfer,"Dec 31, 1983",PRIVATE
,,,,,GO LTF,"Dec 31, 1983",PRIVATE
T3775,Male,"Feb 11, 1983",UND,"T29
35","Birth/Ha
tch","Feb 11, 1983",ST PAUL
,,,,,Transfer,"May 31, 1984",PRIVATE
,,,,,GO LTF,"May 31, 1984",PRIVATE
T3776,Female,"Feb 11, 1983",UND,"T29
35","Birth/Ha
tch","Feb 11, 1983",ST PAUL
,,,,,Transfer,"May 31, 1984",PRIVATE
,,,,,GO LTF,"May 31, 1984",PRIVATE
T3777,Female,"Feb 11, 1983",UND,T29 35,Birth/Ha tch,"Feb 11, 1983",ST PAUL
,,,,,Transfer,"May 31, 1984",PRIVATE
,,,,,GO LTF,"May 31, 1984",PRIVATE
T3778,Female,"Feb 20, 1983",UND,"T30
07","Birth/Ha
tch","Feb 20, 1983",W PALM BE
,,,,,Death,"Feb 10, 1989",W PALM BE
T3779,Male,"Feb 20, 1983",UND,"T30
07","Birth/Ha
tch","Feb 20, 1983",W PALM BE
,,,,,Death,"May 29, 1992",W PALM BE
T3780,Undeter mined,"Mar 28, 1983",T3490,T34 09,Birth/Ha tch,"Mar 28, 1983",KANSASCTY
,,,,,Death,"Mar 28, 1983",KANSASCTY
T3781,Undeter mined,"Mar 28, 1983",T3490,T34 09,Birth/Ha tch,"Mar 28, 1983",KANSASCTY
,,,,,Death,"Mar 28, 1983",KANSASCTY
T3782,"Undeter
mined","Apr 02, 1983",T2745,"T26
16","Birth/Ha
tch","Apr 02, 1983",DICKERSON
,,,,,Death,"Apr 02, 1983",DICKERSON
T3783,Male,"Apr 03, 1983",T2745,"T26
16","Birth/Ha
tch","Apr 03, 1983",DICKERSON
,,,,,Death,"Apr 10, 1983",DICKERSON
T3784,Female,"Apr 04, 1983 +/- 15 day",UND,UND,"Birth/Ha
tch","Apr 04, 1983 +/- 15 day",Undetermined
,,,,,Transfer,Undetermined,PRIVATE
,,,,,Transfer,"Jul 05, 1983",OMAHA
,,,,,Transfer,"Nov 24, 1985",COAL VAL
,,,,,Death,"Oct 18, 2001",COAL VAL
T3785,Female,"Apr 10, 1983 +/- 15 day",UND,UND,"Birth/Ha
tch","Apr 10, 1983 +/- 15 day",Undetermined
,,,,,Transfer,Undetermined,PRIVATE
,,,,,Transfer,"Jul 11, 1983",OMAHA
,,,,,Transfer,"Nov 24, 1985",COAL VAL
,,,,,Death,"Nov 18, 1997",COAL VAL
T3786,Male,"May 04, 1983",T3327,"T32
87","Birth/Ha
tch","May 04, 1983",SANDIEGOZ
,,,,,Transfer,"Apr 03, 1991",WILMOTH
,,,,,GO LTF,"Apr 03, 1991",WILMOTH
T3787,Male,"May 04, 1983",T3327,T32 87,Birth/Ha tch,"May 04, 1983",SANDIEGOZ
,,,,,Transfer,"Apr 03, 1991",PRIVATE
,,,,,GO LTF,"Apr 03, 1991",PRIVATE
T3788,Male,"May 04, 1983",T3327,"T32
87","Birth/Ha
tch","May 04, 1983",SANDIEGOZ
,,,,,Transfer,"Apr 03, 1991",PRIVATE
,,,,,GO LTF,"Apr 03, 1991",PRIVATE
T3789,Female,"May 04, 1983",T3327,T32 87,Birth/Ha tch,"May 04, 1983",SANDIEGOZ
,,,,,Transfer,"Sep 02, 1984",JERUSALEM
,,,,,GO LTF,"Jun 29, 1995",PRIVATE
T3790,Male,"May 26, 1983",UND,UND,"Birth/Ha
tch","May 26, 1983",JACKSON
,,,,,Transfer,"Nov 04, 1986",GRANBY
,,,,,Death,"Nov 04, 1997",GRANBY
T3791,Female,"May 26, 1983",UND,UND,"Birth/Ha
tch","May 26, 1983",JACKSON
,,,,,Transfer,"Jun 07, 1986",SYRACUSE
,,,,,Death,"Dec 30, 1987",SYRACUSE
T3794,Male,"May 26, 1983",UND,T33 81,Birth/Ha tch,"May 26, 1983",JACKSON
,,,,,Transfer,"Mar 20, 1989",SCOTTSBLU
,,,,,Death,"Mar 28, 2001",SCOTTSBLU
T3795,Female,"Jun 09, 1983",UND,UND,"Birth/Ha
tch","Jun 09, 1983",COLO SPRG
,,,,,Transfer,Undetermined,FERNDALE
,,,,,Transfer,"Sep 28, 1985",MINNESOTA
,,,,,Transfer,"Jun 22, 1994",AUDUBON
,,,,,Death,"Nov 11, 1997",AUDUBON
T3796,Male,"Jun 13, 1983",T2291,"T34
94","Birth/Ha
tch","Jun 13, 1983",SEATTLE
,,,,,Transfer,"Jun 28, 1983",WINSTON
,,,,,Transfer,"Jun 10, 1992",CINCINNAT
,,,,,Transfer,"Apr 07, 1995",AKRON
,,,,,Transfer,"Nov 01, 1996",CINCINNAT
,,,,,Transfer,"Mar 25, 1998 +/- 1 day",AKRON
,,,,,Death,"May 08, 2005",AKRON
T3797,Male,"Jun 13, 1983",UND,UND,Birth/Ha tch,"Jun 13, 1983",SEATTLE
,,,,,Transfer,"Jul 13, 1983",PRIVATE
,,,,,GO LTF,"Jul 13, 1983",PRIVATE
T3798,Female,"Jun 13, 1983",UND,UND,"Birth/Ha
tch","Jun 13, 1983",SEATTLE
,,,,,Death,"Dec 18, 1985",SEATTLE
T3799,Male,"Jun 18, 1983",UND,T35 31,Birth/Ha tch,"Jun 18, 1983",WINSTON
,,,,,Transfer,"Jun 29, 1983",SEATTLE
,,,,,Death,"Jun 30, 1983",SEATTLE
T3800,Male,"Jun 27, 1983",T3385,"T30
78","Birth/Ha
tch","Jun 27, 1983",KNOXVILLE
,,,,,Transfer,"Mar 20, 1984",BATONROUG
,,,,,Transfer,"Feb 17, 1986",MINNESOTA
,,,,,Death,"Apr 05, 1994",MINNESOTA
T3801,Female,"Jul 01, 1983",T3442,"T35
26","Birth/Ha
tch","Jul 01, 1983",SD-WAP
,,,,,Death,"Jul 01, 1983",SD-WAP
T3802,Female,"Jul 01, 1983",T3442,"T35
26","Birth/Ha
tch","Jul 01, 1983",SD-WAP
,,,,,Transfer,"Sep 02, 1984",JERUSALEM
,,,,,Death,"Nov 29, 1993",JERUSALEM
T3803,Female,"Jul 01, 1983",T3385,"T30
90","Birth/Ha
tch","Jul 01, 1983",KNOXVILLE
,,,,,Transfer,"Mar 18, 1984",BATONROUG
,,,,,Transfer,"Jun 04, 1989",DUBBO
,,,,,Transfer,"Sep 01, 1993",SYDNEY
,,,,,Death,"Sep 30, 1993",SYDNEY
T3804,Female,"Jul 01, 1983",T3385,"T30
90","Birth/Ha
tch","Jul 01, 1983",KNOXVILLE
,,,,,Transfer,"Mar 18, 1984",BATONROUG
,,,,,Transfer,"Jun 04, 1989",DUBBO
,,,,,Transfer,"Sep 01, 1993",SYDNEY
,,,,,Transfer,"Jun 13, 1996",DUBBO
,,,,,Transfer,"Sep 24, 1996",SYDNEY
,,,,,Transfer,"May 12, 1999",DUBBO
,,,,,Death,"Aug 14, 2002",DUBBO
T3805,Male,"Jul 01, 1983",T3385,"T30
90","Birth/Ha
tch","Jul 01, 1983",KNOXVILLE
,,,,,Transfer,"Mar 18, 1984",BATONROUG
,,,,,Transfer,"Jun 04, 1989",DUBBO
,,,,,Transfer,"Sep 01, 1993",SYDNEY
,,,,,Transfer,"Jun 13, 1996",DUBBO
,,,,,Transfer,"Sep 24, 1996",SYDNEY
,,,,,Transfer,"May 12, 1999",DUBBO
,,,,,Death,"Jun 15, 1999",DUBBO
T3806,Undeter mined,"Jul 05, 1983",T3442,T35 26,Birth/Ha tch,"Jul 05, 1983",SD-WAP
,,,,,Death,"Jul 05, 1983",SD-WAP
T3811,Male,"Jul 08, 1983",UND,UND,"Birth/Ha
tch","Jul 08, 1983",SEATTLE
,,,,,Death,"Jul 08, 1983",SEATTLE
T3812,Male,"Jul 08, 1983",UND,UND,"Birth/Ha
tch","Jul 08, 1983",SEATTLE
,,,,,Transfer,"Jul 26, 1983",PRIVATE
,,,,,GO LTF,"Jul 26, 1983",PRIVATE
T3813,Female,"Jul 08, 1983",UND,UND,Birth/Ha tch,"Jul 08, 1983",SEATTLE
,,,,,Transfer,"Jul 26, 1983",PRIVATE
,,,,,GO LTF,"Jul 26, 1983",PRIVATE
T3814,Male,"Jul 28, 1983",T3442,"T35
25","Birth/Ha
tch","Jul 28, 1983",SD-WAP
,,,,,Transfer,"Dec 07, 1984",REDWOOD
,,,,,GO LTF,"Dec 07, 1984",REDWOOD
T3815,Male,"Jul 28, 1983",T3442,"T35
25","Birth/Ha
tch","Jul 28, 1983",SD-WAP
,,,,,Transfer,"Sep 02, 1984",JERUSALEM
,,,,,Transfer,"Jun 29, 1995",PRIVATE
,,,,,GO LTF,"Jun 29, 1995",PRIVATE
T3816,Female,"Jul 31, 1983",T3442,"T35
25","Birth/Ha
tch","Jul 31, 1983",SD-WAP
,,,,,Death,"Jul 31, 1983",SD-WAP
T3817,Female,"Jul 31, 1983",T3490,"T34
09","Birth/Ha
tch","Jul 31, 1983",KANSASCTY
,,,,,Death,"Aug 01, 1983",KANSASCTY
T3818,Female,"Jul 31, 1983",T3490,"T34
09","Birth/Ha
tch","Jul 31, 1983",KANSASCTY
,,,,,Death,"Aug 01, 1983",KANSASCTY
T3819,Female,"Jul 31, 1983",T3490,T34 09,Birth/Ha tch,"Jul 31, 1983",KANSASCTY
,,,,,Death,"Aug 01, 1983",KANSASCTY
T3830,Female,"Aug 22, 1983",T3327,"T32
88","Birth/Ha
tch","Aug 22, 1983",SD-WAP
,,,,,Death,"Aug 24, 1983",SD-WAP
T3831,Male,"Aug 22, 1983",T3327,"T32
88","Birth/Ha
tch","Aug 22, 1983",SD-WAP
,,,,,Transfer,"Aug 31, 1984",PRIVATE
,,,,,GO LTF,"Aug 31, 1984",PRIVATE
T3832,Female,"Aug 22, 1983",T3327,T32 88,Birth/Ha tch,"Aug 22, 1983",SD-WAP
,,,,,Transfer,"May 22, 1984",ABQBIOPK
,,,,,Death,"Sep 03, 1997",ABQBIOPK
T3833,Male,"Aug 22, 1983",T3327,"T32
88","Birth/Ha
tch","Aug 22, 1983",SD-WAP
,,,,,Transfer,"May 22, 1984",ABQBIOPK
,,,,,Death,"Oct 29, 2003",ABQBIOPK
T3834,Female,"Sep 04, 1983",T2373,T31 22,Birth/Ha tch,"Sep 04, 1983",GRANBY
,,,,,Transfer,"May 23, 1984",PRIVATE
,,,,,GO LTF,"May 23, 1984",PRIVATE
T3835,"Undeter
mined","Sep 05, 1983",UND,"T29
36","Birth/Ha
tch","Sep 05, 1983",ST PAUL
,,,,,Transfer,"Dec 31, 1983",UNDETERMI
,,,,,GO LTF,"Dec 31, 1983",UNDETERMI
T3836,"Undeter
mined","Sep 05, 1983",UND,"T29
36","Birth/Ha
tch","Sep 05, 1983",ST PAUL
,,,,,Transfer,"Dec 31, 1983",UNDETERMI
,,,,,GO LTF,"Dec 31, 1983",UNDETERMI
T3837,"Undeter
mined","Sep 05, 1983",UND,"T29
36","Birth/Ha
tch","Sep 05, 1983",ST PAUL
,,,,,Transfer,"Dec 31, 1983",UNDETERMI
,,,,,GO LTF,"Dec 31, 1983",UNDETERMI
T3841,Female,"Oct 16, 1983",T2137,T21 38,Birth/Ha tch,"Oct 16, 1983",ABILENE
,,,,,Transfer,"Dec 07, 1983",UNDETERMI
,,,,,GO LTF,"Dec 07, 1983",UNDETERMI
T3842,Female,"Oct 16, 1983",T2137,T21 38,Birth/Ha tch,"Oct 16, 1983",ABILENE
,,,,,Transfer,"Dec 07, 1983",UNDETERMI
,,,,,GO LTF,"Dec 07, 1983",UNDETERMI
T3845,Male,"Nov 02, 1983",T2927,T25 06,Birth/Ha tch,"Nov 02, 1983",SIOUX FAL
,,,,,Transfer,"May 07, 1993",JACKSONVL
,,,,,Transfer,"May 24, 1998",SYRACUSE
,,,,,Death,"Nov 14, 2000",SYRACUSE
T3846,Female,"Nov 25, 1983",UND,"T31
46","Birth/Ha
tch","Nov 25, 1983",W PALM BE
,,,,,Death,"Apr 12, 1990",W PALM BE
T3847,Female,"Nov 25, 1983",UND,T31 46,Birth/Ha tch,"Nov 25, 1983",W PALM BE
,,,,,Transfer,"Mar 08, 1987",PRIVATE
,,,,,GO LTF,"Mar 08, 1987",PRIVATE
T3848,Male,"Nov 25, 1983",UND,"T31
46","Birth/Ha
tch","Nov 25, 1983",W PALM BE
,,,,,Death,"Sep 05, 1990",W PALM BE
T3849,Male,"Nov 29, 1983",T3490,"T34
09","Birth/Ha
tch","Nov 29, 1983",KANSASCTY
,,,,,Transfer,"Nov 02, 1984",GRAND PRA
,,,,,GO LTF,"Nov 02, 1984",GRAND PRA
T3850,Male,"Nov 29, 1983",T3490,T34 09,Birth/Ha tch,"Nov 29, 1983",KANSASCTY
,,,,,Death,"Nov 29, 1983",KANSASCTY
T3851,Male,"Nov 30, 1983",T2495,T34 23,Birth/Ha tch,"Nov 30, 1983",ASHEBORO
,,,,,Transfer,"Sep 23, 1985",PRIVATE
,,,,,GO LTF,"Sep 23, 1985",PRIVATE
T3852,Male,"Nov 30, 1983",T2495,"T34
23","Birth/Ha
tch","Nov 30, 1983",ASHEBORO
,,,,,Transfer,"Sep 23, 1985",PRIVATE
,,,,,GO LTF,"Sep 23, 1985",PRIVATE
T3853,Female,"Nov 30, 1983",T2495,"T34
23","Birth/Ha
tch","Nov 30, 1983",ASHEBORO
,,,,,Transfer,"Sep 23, 1985",PRIVATE
,,,,,GO LTF,"Sep 23, 1985",PRIVATE
T3855,Male,"Jan 20, 1984",UND,UND,"Birth/Ha
tch","Jan 20, 1984",PRIVATE
,,,,,Transfer,Undetermined,PRIVATE
,,,,,Transfer,"Dec 06, 1989",KNOXVILLE
,,,,,Death,"Jul 25, 2002",KNOXVILLE
T3857,Female,"Jan 24, 1984",UND,T29 36,Birth/Ha tch,"Jan 24, 1984",ST PAUL
,,,,,Death,"Feb 01, 1984",ST PAUL
T3858,Male,"Feb 02, 1984 +/- 1 day",UND,UND,"Birth/Ha
tch","Feb 02, 1984 +/- 1 day",Undetermined
,,,,,Transfer,"Feb 22, 1994",JNGLARY F
,,,,,Transfer,"Jun 18, 2000",PRIVATE
,,,,,GO LTF,"Jun 18, 2000",PRIVATE
T3860,Male,"Mar 03, 1984",UND,UND,"Birth/Ha
tch","Mar 03, 1984",SEATTLE
,,,,,Transfer,"Apr 19, 1984",PRIVATE
,,,,,GO LTF,"Apr 19, 1984",PRIVATE
T3861,Male,"Mar 03, 1984",UND,UND,"Birth/Ha
tch","Mar 03, 1984",SEATTLE
,,,,,Transfer,"Apr 19, 1984",PRIVATE
,,,,,GO LTF,"Apr 19, 1984",PRIVATE
T3862,Female,"Mar 03, 1984",UND,UND,"Birth/Ha
tch","Mar 03, 1984",SEATTLE
,,,,,Transfer,"Apr 27, 1984",PRIVATE
,,,,,GO LTF,"Apr 27, 1984",PRIVATE
T3865,Female,"Apr 19, 1984 +/-
6 month",UND,UND,Birth/Ha tch,"Apr 19, 1984 +/-
6 month",Undetermined
,,,,,Transfer,Undetermined,PRIVATE
,,,,,Transfer,"Apr 19, 1988",WINSTON
,,,,,Death,"Jul 23, 2003",WINSTON
T3866,Male,"Apr 23, 1984",T2373,"T31
22","Birth/Ha
tch","Apr 23, 1984",GRANBY
,,,,,Death,"Apr 23, 1984",GRANBY
T3867,Female,"Apr 23, 1984",T2373,"T31
22","Birth/Ha
tch","Apr 23, 1984",GRANBY
,,,,,Death,"Apr 23, 1984",GRANBY
T3868,Male,"Nov 09, 1982",T2409,T28 38,Birth/Ha tch,"Nov 09, 1982",INDIANAPL
,,,,,Transfer,"Aug 20, 1986",EVANSVLLE
,,,,,Transfer,"Oct 28, 1986",INDIANAPL
,,,,,Transfer,"May 02, 1987",DOSWELL
,,,,,Transfer,"Jan 07, 1993",ASHEBORO
,,,,,Death,"Jan 28, 2003",ASHEBORO
T3869,Female,"May 03, 1984",T2927,"T25
06","Birth/Ha
tch","May 03, 1984",SIOUX FAL
,,,,,Transfer,"May 07, 1993",JACKSONVL
,,,,,Death,"Jul 30, 1997",JACKSONVL
T3870,Male,"May 21, 1984",T3385,"T30
82","Birth/Ha
tch","May 21, 1984",AUDUBON
,,,,,Death,"Nov 03, 1984",AUDUBON
T3871,Male,"May 21, 1984",T3385,"T30
82","Birth/Ha
tch","May 21, 1984",AUDUBON
,,,,,Death,"Feb 12, 2004",AUDUBON
T3872,Male,"Jun 05, 1984",29,T35 59,Birth/Ha tch,"Jun 05, 1984",BROWNSVIL
,,,,,Transfer,"Feb 13, 1986",PRIVATE
,,,,,GO LTF,"Feb 13, 1986",PRIVATE
T3873,"Undeter
mined","Jun 19, 1984",UND,UND,"Birth/Ha
tch","Jun 19, 1984",SEATTLE
,,,,,Death,"Jun 19, 1984",SEATTLE
T3878,Male,"Aug 01, 1984",UND,T29 35,Birth/Ha tch,"Aug 01, 1984",ST PAUL
,,,,,Transfer,"Feb 22, 1985",PRIVATE
,,,,,GO LTF,"Feb 22, 1985",PRIVATE
T3879,Female,"Aug 01, 1984",UND,"T29
35","Birth/Ha
tch","Aug 01, 1984",ST PAUL
,,,,,Transfer,"Feb 22, 1985",PRIVATE
,,,,,GO LTF,"Feb 22, 1985",PRIVATE
T3880,Female,Undetermined,UND,UND,"Birth/Ha
tch",Undetermined,Undetermined
,,,,,Transfer,Undetermined,PRIVATE
,,,,,Transfer,"Aug 06, 1984",ALEXANDRI
,,,,,Death,"Mar 14, 1994",ALEXANDRI
T3881,Female,"Aug 21, 1984",T2750,"T31
45","Birth/Ha
tch","Aug 21, 1984",FORTWORTH
,,,,,Transfer,"Oct 09, 1985",TULSA
,,,,,Death,"Feb 14, 2006",TULSA
T3882,Female,"Aug 21, 1984",T2750,"T31
45","Birth/Ha
tch","Aug 21, 1984",FORTWORTH
,,,,,Transfer,"Oct 09, 1985",TULSA
,,,,,Death,"Nov 08, 2001",TULSA
T3883,Male,"Aug 21, 1984",T2750,"T31
45","Birth/Ha
tch","Aug 21, 1984",FORTWORTH
,,,,,Transfer,"Jul 06, 1997",SACRAMNTO
,,,,,Death,"Jan 08, 2003",SACRAMNTO
T3884,Female,"Aug 22, 1984",UND,UND,"Birth/Ha
tch","Aug 22, 1984",SEATTLE
,,,,,Transfer,"Oct 26, 1984",PRIVATE
,,,,,GO LTF,"Oct 26, 1984",PRIVATE
T3885,Female,"Aug 22, 1984",UND,UND,"Birth/Ha
tch","Aug 22, 1984",SEATTLE
,,,,,Transfer,"Oct 26, 1984",PRIVATE
,,,,,GO LTF,"Oct 26, 1984",PRIVATE
T3887,Female,"Sep 14, 1984",UND,UND,"Birth/Ha
tch","Sep 14, 1984",PRIVATE
,,,,,Transfer,Undetermined,PRIVATE
,,,,,Transfer,"Mar 22, 1985",KNOXVILLE
,,,,,Transfer,"Oct 27, 1987",NZP-WASH
,,,,,Death,"Dec 04, 2000",NZP-WASH
T3888,Male,"Sep 14, 1984",UND,UND,"Birth/Ha
tch","Sep 14, 1984",PRIVATE
,,,,,Transfer,Undetermined,PRIVATE
,,,,,Transfer,"Mar 22, 1985",KNOXVILLE
,,,,,Death,"Sep 12, 2001",KNOXVILLE
T3894,Female,"Oct 07, 1984",T2137,"T21
38","Birth/Ha
tch","Oct 07, 1984",ABILENE
,,,,,Transfer,"Nov 20, 1984",PRIVATE
,,,,,GO LTF,"Nov 20, 1984",PRIVATE
T3895,Male,"Oct 07, 1984",T2137,"T21
38","Birth/Ha
tch","Oct 07, 1984",ABILENE
,,,,,Death,"Feb 26, 2002",ABILENE
T3896,Female,"Oct 17, 1984",T3163,T33 81,Birth/Ha tch,"Oct 17, 1984",JACKSON
,,,,,Transfer,"Feb 08, 1985",CHICAGOLP
,,,,,Transfer,"Oct 21, 1986",PRIVATE
,,,,,GO LTF,"Oct 21, 1986",PRIVATE
T3898,Female,"Oct 17, 1984",UND,UND,"Birth/Ha
tch","Oct 17, 1984",JACKSON
,,,,,Transfer,"Feb 08, 1985",CHICAGOLP
,,,,,Transfer,"May 08, 1986",DES MOINE
,,,,,Transfer,"Jun 26, 1990",DETROIT
,,,,,Transfer,"Mar 15, 2004",PRIVATE
,,,,,GO LTF,"Mar 15, 2004",PRIVATE
T3899,Female,"Oct 17, 1984",UND,UND,"Birth/Ha
tch","Oct 17, 1984",JACKSON
,,,,,Transfer,Undetermined,CHICAGOLP
,,,,,Transfer,"May 08, 1986",DES MOINE
,,,,,Transfer,"May 24, 1989",PRIVATE
,,,,,GO LTF,"May 24, 1989",PRIVATE
T3901,Female,"Nov 02, 1984 +/- 15 day",UND,UND,"Birth/Ha
tch","Nov 02, 1984 +/- 15 day",Undetermined
,,,,,Transfer,Undetermined,MONROE
,,,,,Transfer,"Nov 03, 1987",EL PASO
,,,,,Transfer,"Mar 01, 1993",CLEVELAND
,,,,,Death,"May 05, 2003",CLEVELAND
T3902,Male,"Nov 05, 1984 +/-
6 month",UND,UND,"Birth/Ha
tch","Nov 05, 1984 +/-
6 month",PRIVATE
,,,,,Transfer,Undetermined,PRIVATE
,,,,,Transfer,"Nov 04, 1988",SEDGWICK
,,,,,Transfer,"Oct 18, 1996",SACRAMNTO
,,,,,Death,"May 23, 1997",SACRAMNTO
T3904,Female,"Nov 16, 1984 +/-
6 month",UND,UND,"Birth/Ha
tch","Nov 16, 1984 +/-
6 month",Undetermined
,,,,,Transfer,Undetermined,JNGLARY F
,,,,,Transfer,"Nov 14, 1995",TALLAHASE
,,,,,Transfer,"Apr 15, 1996",JNGLARY F
,,,,,GO LTF,"Apr 15, 1996",JNGLARY F
T3905,Male,"Dec 08, 1984 +/- 15 day",UND,UND,"Birth/Ha
tch","Dec 08, 1984 +/- 15 day",PRIVATE
,,,,,Transfer,Undetermined,PRIVATE
,,,,,Transfer,"Nov 08, 1985",BUFFALO
,,,,,Transfer,"Apr 28, 1987",OAKLAND
,,,,,Death,"Sep 27, 1997",OAKLAND
T3906,Male,"Dec 09, 1984",T2157,"T33
93","Birth/Ha
tch","Dec 09, 1984",ROCHESTER
,,,,,Transfer,"Feb 16, 1985",COLUMBUS
,,,,,GO LTF,"Feb 16, 1985",COLUMBUS
T3907,Male,"Dec 09, 1984",T2157,"T33
93","Birth/Ha
tch","Dec 09, 1984",ROCHESTER
,,,,,Transfer,"Apr 15, 1985",PRIVATE
,,,,,GO LTF,"Apr 15, 1985",PRIVATE
T3908,Female,"Dec 10, 1984",T2157,"T33
93","Birth/Ha
tch","Dec 10, 1984",ROCHESTER
,,,,,Transfer,"Jan 10, 1985",COLUMBUS
,,,,,Transfer,"May 08, 1986",EL PASO
,,,,,Death,"Mar 31, 1987",EL PASO
T3909,Male,"Dec 10, 1984",T2157,T33 93,Birth/Ha tch,"Dec 10, 1984",ROCHESTER
,,,,,Death,"Dec 10, 1984",ROCHESTER
T3910,Female,"Dec 10, 1984",T2157,T33 93,Birth/Ha tch,"Dec 10, 1984",ROCHESTER
,,,,,Death,"Dec 12, 1984",ROCHESTER
T3911,Female,"Jan 01, 1985",UND,UND,"Birth/Ha
tch","Jan 01, 1985",PRIVATE
,,,,,Transfer,Undetermined,PRIVATE
,,,,,Transfer,"Nov 19, 1987",TOLEDO
,,,,,Transfer,"Feb 22, 2003",MEMPHIS
,,,,,Death,"Oct 26, 2008",MEMPHIS
T3912,Female,Undetermined,UND,UND,"Birth/Ha
tch",Undetermined,Undetermined
,,,,,Transfer,"Jan 01, 1985",TAUTPHAUS
,,,,,Death,"Feb 10, 1993",TAUTPHAUS
T3913,Male,Undetermined,UND,UND,"Birth/Ha
tch",Undetermined,Undetermined
,,,,,Transfer,"Jan 01, 1985",TAUTPHAUS
,,,,,Death,"Jan 04, 2001",TAUTPHAUS
T3917,Male,"Feb 20, 1985",T2608,"T36
93","Birth/Ha
tch","Feb 20, 1985",CHICAGOLP
,,,,,Transfer,"Oct 21, 1986",PRIVATE
,,,,,GO LTF,"Oct 21, 1986",PRIVATE
T3919,Female,"Feb 20, 1985",T2608,"T36
93","Birth/Ha
tch","Feb 20, 1985",CHICAGOLP
,,,,,Transfer,"May 08, 1986",DES MOINE
,,,,,Transfer,"Jun 26, 1990",DETROIT
,,,,,Transfer,"Mar 15, 2004",PRIVATE
,,,,,GO LTF,"Mar 15, 2004",PRIVATE
T3920,Male,"Feb 26, 1985",T1761,"T30
43","Birth/Ha
tch","Feb 26, 1985",DULUTH
,,,,,Death,"Sep 19, 1985",DULUTH
T3921,Male,"Feb 26, 1985",T1761,"T30
43","Birth/Ha
tch","Feb 26, 1985",DULUTH
,,,,,Death,"Sep 19, 1985",DULUTH
T3923,Male,"Apr 02, 1985",UND,"T29
35","Birth/Ha
tch","Apr 02, 1985",ST PAUL
,,,,,Death,"Apr 02, 1985",ST PAUL
T3924,Male,"Apr 02, 1985",UND,T29 35,Birth/Ha tch,"Apr 02, 1985",ST PAUL
,,,,,Death,"Apr 30, 1985",ST PAUL
T3925,Male,"Apr 02, 1985",UND,"T29
35","Birth/Ha
tch","Apr 02, 1985",ST PAUL
,,,,,Death,"Apr 30, 1985",ST PAUL
T3926,Male,"Apr 02, 1985",T2924,"T29
35","Birth/Ha
tch","Apr 02, 1985",ST PAUL
,,,,,Transfer,"Oct 19, 1987",PRIVATE
,,,,,GO LTF,"Oct 19, 1987",PRIVATE
T3927,Female,"May 02, 1985 +/- 15 day",UND,UND,Birth/Ha tch,"May 02, 1985 +/- 15 day",Undetermined
,,,,,Transfer,Undetermined,PRIVATE
,,,,,Transfer,"Oct 02, 1985",BIRMINGHM
,,,,,Death,"Dec 16, 1986",BIRMINGHM
T3928,Male,"May 05, 1985",UND,UND,"Birth/Ha
tch","May 05, 1985",LOUISVILL
,,,,,Transfer,"May 09, 1986",PRIVATE
,,,,,GO LTF,"May 09, 1986",PRIVATE
T3929,Male,"May 05, 1985",UND,UND,Birth/Ha tch,"May 05, 1985",LOUISVILL
,,,,,Transfer,"May 09, 1986",PRIVATE
,,,,,GO LTF,"May 09, 1986",PRIVATE
T3930,Male,"Jun 09, 1985",UND,UND,"Birth/Ha
tch","Jun 09, 1985",PRIVATE
,,,,,Transfer,"Jul 11, 1985",S BARBARA
,,,,,Death,"Sep 03, 2001",S BARBARA
T3931,Female,"Jun 09, 1985",UND,UND,Birth/Ha tch,"Jun 09, 1985",PRIVATE
,,,,,Transfer,"Jul 11, 1985",S BARBARA
,,,,,Death,"Oct 23, 2007",S BARBARA
T3933,Female,"Jul 11, 1985",UND,UND,"Birth/Ha
tch","Jul 11, 1985",PRIVATE
,,,,,Transfer,"Nov 08, 1985",BUFFALO
,,,,,Transfer,"Sep 03, 1989",BATONROUG
,,,,,Death,"Mar 20, 1997",BATONROUG
T3934,Female,"Jul 11, 1985",UND,UND,Birth/Ha tch,"Jul 11, 1985",PRIVATE
,,,,,Transfer,"Nov 08, 1985",BUFFALO
,,,,,Transfer,"Feb 28, 1990",PRIVATE
,,,,,GO LTF,"Feb 28, 1990",PRIVATE
T3938,Male,"Aug 01, 1985",UND,UND,"Birth/Ha
tch","Aug 01, 1985",PRIVATE
,,,,,Transfer,Undetermined,PRIVATE
,,,,,Transfer,"Oct 13, 1988",WINSTON
,,,,,Transfer,"Jan 11, 1991",DALLAS
,,,,,Death,"May 19, 1996",DALLAS
T3945,Female,"Aug 26, 1985",T2888,"T27
60","Birth/Ha
tch","Aug 26, 1985",TORONTO
,,,,,Transfer,"May 24, 1988",PRIVATE
,,,,,GO LTF,"May 24, 1988",PRIVATE
T3946,Male,"Aug 26, 1985",T2888,"T27
60","Birth/Ha
tch","Aug 26, 1985",TORONTO
,,,,,Transfer,"May 24, 1988",PRIVATE
,,,,,Transfer,"Oct 31, 1988",PHOENIX
,,,,,Death,"Jul 23, 2003",PHOENIX
T3949,Male,"Oct 14, 1985",T3349,T31 46,Birth/Ha tch,"Oct 14, 1985",W PALM BE
,,,,,Death,"Apr 12, 1990",W PALM BE
T3950,Female,"Oct 16, 1985 +/- 1 day",UND,UND,Birth/Ha tch,"Oct 16, 1985 +/- 1 day",Undetermined
,,,,,Transfer,Undetermined,PRIVATE
,,,,,Transfer,"Apr 17, 1986",HONOLULU
,,,,,Death,"May 08, 1993",HONOLULU
T3951,Female,"Oct 16, 1985 +/- 1 day",UND,UND,Birth/Ha tch,"Oct 16, 1985 +/- 1 day",Undetermined
,,,,,Transfer,Undetermined,PRIVATE
,,,,,Transfer,"Apr 17, 1986",HONOLULU
,,,,,Death,"Aug 14, 1996",HONOLULU
T3952,Male,"Oct 16, 1985 +/- 15 day",UND,UND,"Birth/Ha
tch","Oct 16, 1985 +/- 15 day",Undetermined
,,,,,Transfer,Undetermined,PRIVATE
,,,,,Transfer,"Apr 17, 1986",HONOLULU
,,,,,Death,"Jul 01, 2007 +/- 6 month",HONOLULU
T3953,Male,"Nov 10, 1985",T3686,"T35
13","Birth/Ha
tch","Nov 10, 1985",COLUMBUS
,,,,,Transfer,"Sep 10, 1990",WINSTON
,,,,,Transfer,"Jun 01, 1993",PRIVATE
,,,,,GO LTF,"Jun 01, 1993",PRIVATE
T3954,Female,"Nov 10, 1985",T3686,"T35
13","Birth/Ha
tch","Nov 10, 1985",COLUMBUS
,,,,,Transfer,"Sep 10, 1990",WINSTON
,,,,,Transfer,"Jun 10, 1992",CINCINNAT
,,,,,Death,"Nov 25, 1997",CINCINNAT
T3955,Male,"Nov 12, 1985",T3686,T35 13,Birth/Ha tch,"Nov 12, 1985",COLUMBUS
,,,,,Transfer,"Jun 04, 1987",BUFFALO
,,,,,Transfer,"Sep 03, 1989",BATONROUG
,,,,,Death,"Feb 14, 2003",BATONROUG
T3956,Female,"Nov 19, 1985 +/-
6 month",UND,UND,"Birth/Ha
tch","Nov 19, 1985 +/-
6 month",PRIVATE
,,,,,Transfer,Undetermined,PRIVATE
,,,,,Transfer,"Nov 19, 1987",TOLEDO
,,,,,Death,"Jan 08, 1998",TOLEDO
T3957,Male,"Nov 22, 1985",UND,UND,"Birth/Ha
tch","Nov 22, 1985",PRIVATE
,,,,,Transfer,Undetermined,PRIVATE
,,,,,Transfer,"Apr 17, 1986",MILWAUKEE
,,,,,Death,"Apr 11, 2003",MILWAUKEE
T3958,Female,"Dec 01, 1985",UND,UND,Birth/Ha tch,"Dec 01, 1985",PRIVATE
,,,,,Transfer,Undetermined,PRIVATE
,,,,,Transfer,"Apr 17, 1986",MILWAUKEE
,,,,,Death,"May 09, 1986",MILWAUKEE
T3963,Female,"Jan 15, 1986",T3401,"T34
02","Birth/Ha
tch","Jan 15, 1986",DOSWELL
,,,,,Transfer,"Jun 04, 1993",ST LOUIS
,,,,,Death,"Aug 16, 2002",ST LOUIS
T3964,Male,"Jan 16, 1986",T2690,T30 07,Birth/Ha tch,"Jan 16, 1986",W PALM BE
,,,,,Death,"May 29, 1992",W PALM BE
T3965,Male,"Jan 16, 1986",T2690,"T30
07","Birth/Ha
tch","Jan 16, 1986",W PALM BE
,,,,,Death,"May 29, 1992",W PALM BE
T3966,Male,"Jan 23, 1986",T2924,"T29
35","Birth/Ha
tch","Jan 23, 1986",ST PAUL
,,,,,Transfer,"Apr 22, 1986",PRIVATE
,,,,,GO LTF,"Apr 22, 1986",PRIVATE
T3967,Female,"Jan 23, 1986",UND,T29 35,Birth/Ha tch,"Jan 23, 1986",ST PAUL
,,,,,Death,"Jan 31, 1986",ST PAUL
T3968,Male,"Jan 23, 1986",T2924,T29 35,Birth/Ha tch,"Jan 23, 1986",ST PAUL
,,,,,Transfer,"Apr 22, 1986",PRIVATE
,,,,,GO LTF,"Apr 22, 1986",PRIVATE
T3970,"Undeter
mined","Mar 26, 1986",T3689,"T36
35","Birth/Ha
tch","Mar 26, 1986",SACRAMNTO
,,,,,Death,"Mar 26, 1986",SACRAMNTO
T3971,Male,"Mar 26, 1986",T3689,"T36
35","Birth/Ha
tch","Mar 26, 1986",SACRAMNTO
,,,,,Transfer,"Jan 28, 1988",WILMOTH
,,,,,GO LTF,"Jan 28, 1988",WILMOTH
T3972,Female,"Mar 26, 1986",T3689,T36 35,Birth/Ha tch,"Mar 26, 1986",SACRAMNTO
,,,,,Transfer,"Jan 28, 1988",WILMOTH
,,,,,GO LTF,"Jan 28, 1988",WILMOTH
T3973,Female,"Apr 03, 1986",UND,UND,"Birth/Ha
tch","Apr 03, 1986",PRIVATE
,,,,,Transfer,"Jun 08, 1986",MILWAUKEE
,,,,,Death,"Dec 24, 2008",MILWAUKEE
T3974,Female,"Apr 03, 1986",UND,UND,Birth/Ha tch,"Apr 03, 1986",PRIVATE
,,,,,Transfer,"Jun 20, 1986",MILWAUKEE
,,,,,Transfer,"Feb 16, 1995",KANSASCTY
,,,,,Transfer,"Apr 17, 1997",PITTSBURG
,,,,,Transfer,"Jul 28, 1997",HONOLULU
,,,,,Death,"Feb 24, 2009",HONOLULU
T3975,Female,"Apr 03, 1986",UND,UND,Birth/Ha tch,"Apr 03, 1986",PRIVATE
,,,,,Transfer,"Jun 08, 1986",MILWAUKEE
,,,,,Transfer,"Feb 16, 1995",KANSASCTY
,,,,,Transfer,"Apr 17, 1997",PITTSBURG
,,,,,Transfer,"Jul 28, 1997",HONOLULU
,,,,,Death,"Feb 24, 2009",HONOLULU
T3977,Female,"Apr 19, 1986 +/- 1 day",UND,UND,Birth/Ha tch,"Apr 19, 1986 +/- 1 day",Undetermined
,,,,,Transfer,Undetermined,PRIVATE
,,,,,Transfer,"Oct 19, 1987",BROWNSVIL
,,,,,Death,"Sep 17, 1996",BROWNSVIL
T3979,Female,"Jun 01, 1986",T3612,"T36
13","Birth/Ha
tch","Jun 01, 1986",BUFFALO
,,,,,Death,"Jun 01, 1986",BUFFALO
T3980,Male,"Jun 06, 1986",T3735,T31 45,Birth/Ha tch,"Jun 06, 1986",FORTWORTH
,,,,,Transfer,"Jun 25, 1993",CHICAGOBR
,,,,,Death,"Feb 09, 2005",CHICAGOBR
T3981,Male,"Jun 06, 1986",T3735,"T31
45","Birth/Ha
tch","Jun 06, 1986",FORTWORTH
,,,,,Transfer,"Jun 25, 1993",CHICAGOBR
,,,,,Death,"Feb 23, 2002",CHICAGOBR
T3982,Female,"Jun 10, 1986 +/- 15 day",UND,UND,"Birth/Ha
tch","Jun 10, 1986 +/- 15 day",PRIVATE
,,,,,Transfer,Undetermined,PRIVATE
,,,,,Transfer,"Oct 10, 1986",GLEN OAK
,,,,,Death,"Jul 25, 2001",GLEN OAK
T3983,Female,"Jun 10, 1986 +/- 15 day",UND,UND,"Birth/Ha
tch","Jun 10, 1986 +/- 15 day",PRIVATE
,,,,,Transfer,Undetermined,PRIVATE
,,,,,Transfer,"Oct 10, 1986",GLEN OAK
,,,,,Death,"Jun 28, 2006",GLEN OAK
T3984,Male,"Jun 27, 1986 +/- 15 day",UND,UND,Birth/Ha tch,"Jun 27, 1986 +/- 15 day",PRIVATE
,,,,,Transfer,Undetermined,PRIVATE
,,,,,Transfer,"May 28, 1987",TOPEKA
,,,,,Death,"Dec 15, 2004",TOPEKA
T3986,Female,"Jul 15, 1986",T2331,"T23
18","Birth/Ha
tch","Jul 15, 1986",DOSWELL
,,,,,Transfer,"Apr 28, 1989",ATLANTA
,,,,,Transfer,"Nov 30, 1993",DOSWELL
,,,,,GO LTF,"Nov 30, 1993",DOSWELL
T3991,Male,"Jul 30, 1986",UND,"T29
73","Birth/Ha
tch","Jul 30, 1986",DOSWELL
,,,,,Transfer,"Aug 21, 1987",GREENVISC
,,,,,Death,"Dec 04, 2004",GREENVISC
T3992,Male,"Jul 30, 1986",T2331,T29 73,Birth/Ha tch,"Jul 30, 1986",DOSWELL
,,,,,Transfer,"Apr 28, 1989",ATLANTA
,,,,,Transfer,"Nov 30, 1993",DOSWELL
,,,,,GO LTF,"Nov 30, 1993",DOSWELL
T3998,Male,"Oct 06, 1986",UND,UND,"Birth/Ha
tch","Oct 06, 1986",PRIVATE
,,,,,Transfer,Undetermined,PRIVATE
,,,,,Transfer,"May 13, 1987",GLEN OAK
,,,,,Death,"Jan 05, 2006",GLEN OAK
T3999,Female,"Oct 14, 1986 +/- 15 day",UND,UND,"Birth/Ha
tch","Oct 14, 1986 +/- 15 day",Undetermined
,,,,,Transfer,Undetermined,PRIVATE
,,,,,Transfer,"May 15, 1987",COLUMBUS
,,,,,Transfer,"Oct 14, 1987",HOGLE
,,,,,Death,"Dec 28, 2006",HOGLE
T4002,Male,"Nov 04, 1986",T2626,"T30
02","Birth/Ha
tch","Nov 04, 1986",MADISON
,,,,,Transfer,"May 23, 1988",PRIVATE
,,,,,GO LTF,"May 23, 1988",PRIVATE
T4003,Female,"Nov 04, 1986",T2626,T30 02,Birth/Ha tch,"Nov 04, 1986",MADISON
,,,,,Transfer,"May 23, 1988",PRIVATE
,,,,,GO LTF,"May 23, 1988",PRIVATE
T4004,Female,"Nov 18, 1986 +/- 15 day",UND,UND,"Birth/Ha
tch","Nov 18, 1986 +/- 15 day",Undetermined
,,,,,Transfer,Undetermined,PRIVATE
,,,,,Transfer,"Aug 19, 1987",GREENVISC
,,,,,Death,"Dec 09, 2003",GREENVISC
T4005,Female,"Dec 01, 1986 +/- 1 day",UND,UND,Birth/Ha tch,"Dec 01, 1986 +/- 1 day",Undetermined
,,,,,Transfer,Undetermined,PRIVATE
,,,,,Transfer,"Oct 31, 1988",PHOENIX
,,,,,Death,"Aug 26, 2007",PHOENIX
T4008,Male,"Jan 01, 1987 +/- 15 day",UND,UND,"Birth/Ha
tch","Jan 01, 1987 +/- 15 day",Undetermined
,,,,,Transfer,Undetermined,PRIVATE
,,,,,Transfer,"Feb 23, 1989",SANDIEGOZ
,,,,,Death,"Feb 24, 1989",SANDIEGOZ
T4009,Female,"Jan 01, 1987 +/- 15 day",UND,UND,"Birth/Ha
tch","Jan 01, 1987 +/- 15 day",Undetermined
,,,,,Transfer,Undetermined,PRIVATE
,,,,,Transfer,"Feb 23, 1989",SANDIEGOZ
,,,,,Transfer,"Jul 26, 1990",SD-WAP
,,,,,Transfer,"Nov 21, 1990",PRIVATE
,,,,,GO LTF,"Nov 21, 1990",PRIVATE
T4013,Male,"Apr 17, 1987",T3612,"T36
13","Birth/Ha
tch","Apr 17, 1987",BUFFALO
,,,,,Transfer,"Oct 07, 1987",DOSWELL
,,,,,GO LTF,"Oct 07, 1987",DOSWELL
T4014,Female,"Apr 17, 1987",T3612,T36 13,Birth/Ha tch,"Apr 17, 1987",BUFFALO
,,,,,Transfer,"Oct 07, 1987",DOSWELL
,,,,,GO LTF,"Oct 07, 1987",DOSWELL
T4015,Male,"Apr 17, 1987",T3612,"T36
13","Birth/Ha
tch","Apr 17, 1987",BUFFALO
,,,,,Transfer,"Oct 17, 1987",DOSWELL
,,,,,Transfer,"Jun 04, 1993",ST LOUIS
,,,,,Death,"Apr 19, 2006",ST LOUIS
T4016,Male,"Apr 17, 1987",T3612,"T36
13","Birth/Ha
tch","Apr 17, 1987",BUFFALO
,,,,,Transfer,"Oct 17, 1987",DOSWELL
,,,,,Transfer,"Jun 04, 1993",ST LOUIS
,,,,,Death,"Mar 03, 2004",ST LOUIS
T4017,Male,"Apr 19, 1987",UND,UND,"Birth/Ha
tch","Apr 19, 1987",PRIVATE
,,,,,Transfer,Undetermined,PRIVATE
,,,,,Transfer,"Jul 02, 1987",WINSTON
,,,,,Transfer,"Aug 07, 1988",PRIVATE
,,,,,GO LTF,"Aug 07, 1988",PRIVATE
T4018,Male,"Apr 19, 1987 +/- 15 day",UND,UND,"Birth/Ha
tch","Apr 19, 1987 +/- 15 day",PRIVATE
,,,,,Transfer,Undetermined,PRIVATE
,,,,,Transfer,"Nov 18, 1987",METROZOO
,,,,,Death,"Feb 04, 2002",METROZOO
T4019,Female,"Apr 19, 1987 +/- 15 day",UND,UND,Birth/Ha tch,"Apr 19, 1987 +/- 15 day",PRIVATE
,,,,,Transfer,Undetermined,PRIVATE
,,,,,Transfer,"Nov 18, 1987",METROZOO
,,,,,Death,"Nov 19, 2009",METROZOO
T4020,Male,"May 01, 1987",UND,UND,"Birth/Ha
tch","May 01, 1987",PRIVATE
,,,,,Transfer,"Nov 17, 1987",GREENBAY
,,,,,Death,"May 11, 2005",GREENBAY
T4024,Female,"Jun 01, 1987",UND,UND,Birth/Ha tch,"Jun 01, 1987",PRIVATE
,,,,,Transfer,Undetermined,PRIVATE
,,,,,Transfer,"Jun 17, 1988",TUCSON
,,,,,Death,"Oct 20, 2008",TUCSON
T4025,Male,"Jun 02, 1987",T3612,"T36
14","Birth/Ha
tch","Jun 02, 1987",BUFFALO
,,,,,Death,"Jun 08, 1987",BUFFALO
T4026,Female,"Jun 02, 1987",T3612,T36 14,Birth/Ha tch,"Jun 02, 1987",BUFFALO
,,,,,Death,"Jun 02, 1987",BUFFALO
T4027,Female,"Jun 28, 1987",T2690,T30 07,Birth/Ha tch,"Jun 28, 1987",W PALM BE
,,,,,Death,"Aug 20, 1988",W PALM BE
T4028,Male,"Jun 28, 1987",T2690,"T30
07","Birth/Ha
tch","Jun 28, 1987",W PALM BE
,,,,,Death,"Dec 03, 1987",W PALM BE
T4029,Female,"Jun 28, 1987",T2690,"T30
07","Birth/Ha
tch","Jun 28, 1987",W PALM BE
,,,,,Transfer,"Apr 13, 1994",PRIVATE
,,,,,GO LTF,"Apr 13, 1994",PRIVATE
T4030,Female,"Jul 09, 1987 +/- 6 month",UND,UND,"Birth/Ha
tch","Jul 09, 1987 +/- 6 month",Undetermined
,,,,,Transfer,Undetermined,MT ULLA
,,,,,Transfer,"Jul 10, 1987",W PALM BE
,,,,,Transfer,"Jun 03, 1997",AUDUB SSC
,,,,,Transfer,"Sep 24, 2005",OMAHA
,,,,,Death,"Nov 01, 2006",OMAHA
T4031,Male,"Jul 14, 1987 +/- 6 month",UND,UND,Birth/Ha tch,"Jul 14, 1987 +/- 6 month",Undetermined
,,,,,Transfer,Undetermined,MT ULLA
,,,,,Transfer,"Jul 15, 1987",W PALM BE
,,,,,Transfer,"Mar 25, 1993",MT ULLA
,,,,,GO LTF,"Mar 25, 1993",MT ULLA
T4032,Female,"Jul 14, 1987 +/- 6 month",UND,UND,Birth/Ha tch,"Jul 14, 1987 +/- 6 month",Undetermined
,,,,,Transfer,Undetermined,MT ULLA
,,,,,Transfer,"Jul 15, 1987",W PALM BE
,,,,,Transfer,"Apr 13, 1994",MT ULLA
,,,,,GO LTF,"Apr 13, 1994",MT ULLA
T4033,Male,"Jul 14, 1987 +/- 6 month",UND,UND,Birth/Ha tch,"Jul 14, 1987 +/- 6 month",Undetermined
,,,,,Transfer,Undetermined,MT ULLA
,,,,,Transfer,"Jul 15, 1987",W PALM BE
,,,,,Death,"Jun 25, 1991",W PALM BE
T4034,Female,"Jul 14, 1987 +/- 6 month",UND,UND,Birth/Ha tch,"Jul 14, 1987 +/- 6 month",Undetermined
,,,,,Transfer,Undetermined,MT ULLA
,,,,,Transfer,"Jul 15, 1987",W PALM BE
,,,,,Transfer,"May 05, 1999",AUDUB SSC
,,,,,Death,"Nov 18, 2002",AUDUB SSC
T4035,Female,"Jul 19, 1987 +/- 15 day",UND,UND,Birth/Ha tch,"Jul 19, 1987 +/- 15 day",PRIVATE
,,,,,Transfer,Undetermined,PRIVATE
,,,,,Transfer,"Nov 18, 1987",METROZOO
,,,,,Death,"Apr 11, 2010",METROZOO
T4036,Female,"Jul 19, 1987 +/- 15 day",UND,UND,"Birth/Ha
tch","Jul 19, 1987 +/- 15 day",PRIVATE
,,,,,Transfer,Undetermined,PRIVATE
,,,,,Transfer,"Nov 18, 1987",METROZOO
,,,,,Death,"Oct 18, 2006",METROZOO
T4037,"Undeter
mined","Jul 21, 1987",UND,"T34
20","Birth/Ha
tch","Jul 21, 1987",RACINE
,,,,,Transfer,"Oct 01, 1987",PRIVATE
,,,,,GO LTF,"Oct 01, 1987",PRIVATE
T4038,Undeter mined,"Jul 21, 1987",UND,T34 20,Birth/Ha tch,"Jul 21, 1987",RACINE
,,,,,Transfer,"Oct 10, 1987",PRIVATE
,,,,,GO LTF,"Oct 10, 1987",PRIVATE
T4039,"Undeter
mined","Jul 21, 1987",UND,"T34
20","Birth/Ha
tch","Jul 21, 1987",RACINE
,,,,,Transfer,"Oct 10, 1987",PRIVATE
,,,,,GO LTF,"Oct 10, 1987",PRIVATE
T4041,Female,"Jul 26, 1987",UND,T23 17,Birth/Ha tch,"Jul 26, 1987",DOSWELL
,,,,,Transfer,"Jun 04, 1993",ST LOUIS
,,,,,Death,"Jul 31, 2006",ST LOUIS
T4043,Female,"Aug 18, 1987",UND,UND,Birth/Ha tch,"Aug 18, 1987",PRIVATE
,,,,,Transfer,"Sep 08, 1987",ROCKTON
,,,,,Transfer,"May 12, 1991",CALGARY
,,,,,Transfer,"Oct 15, 1994",ROCKTON
,,,,,Transfer,"Nov 30, 1994",PRIVATE
,,,,,GO LTF,"Nov 30, 1994",PRIVATE
T4045,Female,"Aug 22, 1987",UND,UND,Birth/Ha tch,"Aug 22, 1987",PRIVATE
,,,,,Transfer,"Oct 20, 1987",TOPEKA
,,,,,Death,"Jan 03, 1996",TOPEKA
T4046,Female,"Aug 22, 1987",UND,UND,"Birth/Ha
tch","Aug 22, 1987",PRIVATE
,,,,,Transfer,"Oct 20, 1987",TOPEKA
,,,,,Death,"Sep 22, 2003",TOPEKA
T4047,Male,"Sep 03, 1987",UND,"T34
02","Birth/Ha
tch","Sep 03, 1987",DOSWELL
,,,,,Transfer,"Mar 14, 1989",W PALM BE
,,,,,GO LTF,"Mar 14, 1989",W PALM BE
T4050,Male,"Sep 03, 1987",T3868,"T34
02","Birth/Ha
tch","Sep 03, 1987",DOSWELL
,,,,,Transfer,"Feb 11, 1993",SAN ANTON
,,,,,Death,"Feb 22, 2006",SAN ANTON
T4051,Male,"Sep 05, 1987",T2690,"T37
78","Birth/Ha
tch","Sep 05, 1987",W PALM BE
,,,,,Transfer,"May 06, 1988",PRIVATE
,,,,,GO LTF,"May 06, 1988",PRIVATE
T4052,Female,"Sep 05, 1987",T2690,T37 78,Birth/Ha tch,"Sep 05, 1987",W PALM BE
,,,,,Transfer,"May 06, 1988",PRIVATE
,,,,,GO LTF,"May 06, 1988",PRIVATE
T4053,"Undeter
mined","Sep 06, 1987",T3796,"T32
68","Birth/Ha
tch","Sep 06, 1987",WINSTON
,,,,,Death,"Sep 06, 1987",WINSTON
T4054,Female,"Sep 06, 1987",T3796,"T32
68","Birth/Ha
tch","Sep 06, 1987",WINSTON
,,,,,Death,"Oct 01, 1987",WINSTON
T4055,Male,"Oct 07, 1987",T3612,"T36
14","Birth/Ha
tch","Oct 07, 1987",BUFFALO
,,,,,Transfer,"Mar 23, 1989",SANDIEGOZ
,,,,,Transfer,"Jul 26, 1990",SD-WAP
,,,,,Transfer,"Nov 21, 1990",PRIVATE
,,,,,GO LTF,"Nov 21, 1990",PRIVATE
T4056,Male,"Oct 08, 1987 +/- 15 day",UND,UND,Birth/Ha tch,"Oct 08, 1987 +/- 15 day",Undetermined
,,,,,Transfer,Undetermined,PRIVATE
,,,,,Transfer,"Apr 08, 1988",BIRMINGHM
,,,,,Death,"May 31, 2005",BIRMINGHM
T4060,Female,"Dec 08, 1987 +/- 15 day",UND,UND,"Birth/Ha
tch","Dec 08, 1987 +/- 15 day",Undetermined
,,,,,Transfer,Undetermined,PRIVATE
,,,,,Transfer,"Apr 08, 1988",BIRMINGHM
,,,,,Death,"Oct 06, 2008",BIRMINGHM
T4061,Female,"Dec 14, 1987 +/- 15 day",UND,UND,"Birth/Ha
tch","Dec 14, 1987 +/- 15 day",Undetermined
,,,,,Transfer,Undetermined,PRIVATE
,,,,,Transfer,"Oct 01, 1988",TOPEKA
,,,,,Transfer,"Jun 14, 1989",HOUSTON
,,,,,Death,"Feb 12, 2007",HOUSTON
T4062,Male,"Dec 14, 1987 +/- 15 day",UND,UND,"Birth/Ha
tch","Dec 14, 1987 +/- 15 day",Undetermined
,,,,,Transfer,Undetermined,PRIVATE
,,,,,Transfer,"Oct 01, 1988",TOPEKA
,,,,,Transfer,"Jun 14, 1989",HOUSTON
,,,,,Death,"Jan 17, 2006",HOUSTON
T4065,Male,"Jan 10, 1988",T2690,T37 78,Birth/Ha tch,"Jan 10, 1988",W PALM BE
,,,,,Death,"May 15, 1994",W PALM BE
T4066,Female,"Jan 10, 1988",T2690,"T37
78","Birth/Ha
tch","Jan 10, 1988",W PALM BE
,,,,,Death,"Oct 10, 1995",W PALM BE
T4067,Male,"Jan 10, 1988",T2690,"T37
78","Birth/Ha
tch","Jan 10, 1988",W PALM BE
,,,,,Transfer,"May 06, 1988",PRIVATE
,,,,,GO LTF,"May 06, 1988",PRIVATE
T4068,Undeter mined,"Feb 01, 1988",T3758,T29 88,Birth/Ha tch,"Feb 01, 1988",EVANSVLLE
,,,,,Death,"Feb 01, 1988",EVANSVLLE
T4073,Male,"Feb 23, 1988 +/-
6 month",UND,UND,Birth/Ha tch,"Feb 23, 1988 +/-
6 month",Undetermined
,,,,,Transfer,Undetermined,WLD WAYST
,,,,,Transfer,"Feb 20, 1997",LOSANGELE
,,,,,Death,"Apr 26, 2011",LOSANGELE
T4074,Female,"Feb 24, 1988",UND,"T36
14","Birth/Ha
tch","Feb 24, 1988",BUFFALO
,,,,,Transfer,"Oct 12, 1988",LUFKIN
,,,,,Death,"Aug 20, 2001",LUFKIN
T4075,Male,"Feb 24, 1988",UND,T36 14,Birth/Ha tch,"Feb 24, 1988",BUFFALO
,,,,,Transfer,"Oct 05, 1988",MINOT
,,,,,Transfer,"Apr 04, 1989",PRIVATE
,,,,,GO LTF,"Apr 04, 1989",PRIVATE
T4076,Male,"Feb 24, 1988",T3612,"T36
14","Birth/Ha
tch","Feb 24, 1988",BUFFALO
,,,,,Transfer,"Oct 05, 1988",MINOT
,,,,,Death,"Feb 02, 2007",MINOT
T4078,Female,"Feb 24, 1988",T3612,"T36
14","Birth/Ha
tch","Feb 24, 1988",BUFFALO
,,,,,Transfer,"Oct 05, 1988",MINOT
,,,,,Death,"Dec 20, 2006",MINOT
T4079,Female,"Mar 16, 1988 +/- 15 day",UND,UND,"Birth/Ha
tch","Mar 16, 1988 +/- 15 day",PRIVATE
,,,,,Transfer,"Mar 16, 1988",TUCSON
,,,,,Transfer,"Jul 22, 1991",MONTGOMRY
,,,,,Transfer,"Mar 23, 1992",PANAMACT
,,,,,Death,"Nov 29, 1999",PANAMACT
T4080,Male,"Mar 16, 1988 +/- 15 day",UND,UND,"Birth/Ha
tch","Mar 16, 1988 +/- 15 day",PRIVATE
,,,,,Transfer,"Mar 16, 1988",TUCSON
,,,,,Death,"Apr 28, 2010",TUCSON
T4082,Female,"Apr 14, 1988",UND,UND,Birth/Ha tch,"Apr 14, 1988",GARDENCTY
,,,,,Transfer,Undetermined,PRIVATE
,,,,,Transfer,"Jun 14, 1989",ROLLING H
,,,,,Death,"Mar 10, 2005",ROLLING H
T4083,Female,"Apr 12, 1988 +/- 15 day",UND,UND,"Birth/Ha
tch","Apr 12, 1988 +/- 15 day",Undetermined
,,,,,Transfer,Undetermined,PRIVATE
,,,,,Transfer,"Oct 01, 1988",TOPEKA
,,,,,Transfer,"Jun 14, 1989",HOUSTON
,,,,,Death,"Jan 22, 2003",HOUSTON
T4084,Male,"May 12, 1988",T3612,"T36
13","Birth/Ha
tch","May 12, 1988",BUFFALO
,,,,,Transfer,"Oct 12, 1988",LUFKIN
,,,,,Death,"Sep 09, 2007",LUFKIN
T4085,Male,"May 12, 1988",T3612,T36 13,Birth/Ha tch,"May 12, 1988",BUFFALO
,,,,,Death,"May 12, 1988",BUFFALO
T4089,Male,"May 14, 1988",T3612,"T36
13","Birth/Ha
tch","May 14, 1988",BUFFALO
,,,,,Transfer,"Oct 12, 1988",LUFKIN
,,,,,Transfer,"Nov 07, 1990",TULSA
,,,,,Death,"Sep 24, 2003",TULSA
T4091,Male,"Jun 05, 1988",UND,UND,"Birth/Ha
tch","Jun 05, 1988",PRIVATE
,,,,,Transfer,"May 23, 1989",DULUTH
,,,,,Death,"Nov 27, 2007",DULUTH
T4093,"Undeter
mined","Jun 14, 1988",UND,"T39
34","Birth/Ha
tch","Jun 14, 1988",BUFFALO
,,,,,Death,"Jun 14, 1988",BUFFALO
T4095,Female,"Jun 24, 1988",T2888,"T27
59","Birth/Ha
tch","Jun 24, 1988",TORONTO
,,,,,Transfer,"Mar 27, 1995",PRIVATE
,,,,,Transfer,"Sep 12, 1995",TORONTO
,,,,,Transfer,"May 17, 1996",BALTIMORE
,,,,,Death,"Mar 15, 2004",BALTIMORE
T4096,Male,"Jun 25, 1988",T2888,T27 59,Birth/Ha tch,"Jun 25, 1988",TORONTO
,,,,,Death,"Jun 25, 1988",TORONTO
T4097,Female,"Jun 25, 1988",T2888,T27 59,Birth/Ha tch,"Jun 25, 1988",TORONTO
,,,,,Transfer,"Mar 27, 1995",PRIVATE
,,,,,Transfer,"Sep 12, 1995",TORONTO
,,,,,Transfer,"May 17, 1996",BALTIMORE
,,,,,Death,"Mar 13, 2007",BALTIMORE
T4098,Male,"Jun 26, 1988",T2888,T27 59,Birth/Ha tch,"Jun 26, 1988",TORONTO
,,,,,Death,"Jul 06, 1988",TORONTO
T4101,Female,"Aug 04, 1988",UND,UND,Birth/Ha tch,"Aug 04, 1988",PRIVATE
,,,,,Transfer,"Aug 25, 1988",DULUTH
,,,,,Death,"Sep 28, 1995",DULUTH
T4102,Female,"Aug 04, 1988",UND,UND,"Birth/Ha
tch","Aug 04, 1988",PRIVATE
,,,,,Transfer,"Aug 25, 1988",DULUTH
,,,,,Death,"Nov 09, 2005",DULUTH
T4103,Male,"Sep 05, 1988",UND,UND,Birth/Ha tch,"Sep 05, 1988",BROWNSVIL
,,,,,Death,"Oct 09, 1988",BROWNSVIL
T4104,Female,"Sep 05, 1988",UND,UND,"Birth/Ha
tch","Sep 05, 1988",BROWNSVIL
,,,,,Death,"Sep 14, 1988",BROWNSVIL
T4116,Male,"Nov 15, 1988",T3399,"T38
87","Birth/Ha
tch","Nov 15, 1988",NZP-WASH
,,,,,Death,"Oct 11, 2002",NZP-WASH
T4117,Male,"Nov 15, 1988",T3399,"T38
87","Birth/Ha
tch","Nov 15, 1988",NZP-WASH
,,,,,Death,"Mar 17, 2006",NZP-WASH
T4118,Male,"Nov 16, 1988",T3399,"T38
87","Birth/Ha
tch","Nov 16, 1988",NZP-WASH
,,,,,Death,"Nov 16, 1988",NZP-WASH
T4119,Female,"Nov 22, 1988",T3992,T39 86,Birth/Ha tch,"Nov 22, 1988",DOSWELL
,,,,,Transfer,"Feb 11, 1993",SAN ANTON
,,,,,Death,"Mar 20, 2012",SAN ANTON
T4120,Male,"Nov 23, 1988",UND,UND,"Birth/Ha
tch","Nov 23, 1988",PRIVATE
,,,,,Transfer,Undetermined,PRIVATE
,,,,,Transfer,"Jan 16, 1989",COLUMBUS
,,,,,Transfer,"Mar 30, 1989",OMAHA
,,,,,Death,"Jul 26, 1989",OMAHA
T4121,Female,"Nov 23, 1988",UND,UND,"Birth/Ha
tch","Nov 23, 1988",PRIVATE
,,,,,Transfer,Undetermined,PRIVATE
,,,,,Transfer,"Jan 16, 1989",COLUMBUS
,,,,,Transfer,"Mar 30, 1989",OMAHA
,,,,,Death,"Aug 02, 1991",OMAHA
T4122,Female,"Nov 23, 1988",UND,UND,"Birth/Ha
tch","Nov 23, 1988",PRIVATE
,,,,,Transfer,Undetermined,PRIVATE
,,,,,Transfer,"Jan 16, 1989",COLUMBUS
,,,,,Transfer,"Mar 30, 1989",OMAHA
,,,,,Death,"Sep 29, 2006",OMAHA
T4126,Undeter mined,"Dec 11, 1988",T3796,T32 73,Birth/Ha tch,"Dec 11, 1988",WINSTON
,,,,,Death,"Dec 11, 1988",WINSTON
T4127,"Undeter
mined","Dec 11, 1988",T3796,"T32
73","Birth/Ha
tch","Dec 11, 1988",WINSTON
,,,,,Death,"Dec 11, 1988",WINSTON
T4128,Male,"Dec 11, 1988",T3796,"T32
73","Birth/Ha
tch","Dec 11, 1988",WINSTON
,,,,,Death,"Dec 16, 1988",WINSTON
T4129,Male,"Dec 19, 1988",UND,"T39
34","Birth/Ha
tch","Dec 19, 1988",BUFFALO
,,,,,Death,"Dec 19, 1988",BUFFALO
T4130,Male,"Dec 19, 1988",UND,"T39
34","Birth/Ha
tch","Dec 19, 1988",BUFFALO
,,,,,Death,"Dec 19, 1988",BUFFALO
T4131,Male,"Dec 19, 1988",UND,T39 34,Birth/Ha tch,"Dec 19, 1988",BUFFALO
,,,,,Death,"Dec 19, 1988",BUFFALO
T4132,Female,"Jan 01, 1989 +/-
6 month",UND,UND,"Birth/Ha
tch","Jan 01, 1989 +/-
6 month",PRIVATE
,,,,,Transfer,"Aug 01, 2000",WINSTON
,,,,,Death,"Aug 08, 2008",WINSTON
T4135,Male,"Jan 06, 1989",T3305,"T37
20","Birth/Ha
tch","Jan 06, 1989",SEATTLE
,,,,,Death,"Jan 06, 1989",SEATTLE
T4136,Male,"Jan 06, 1989",T3305,T37 20,Birth/Ha tch,"Jan 06, 1989",SEATTLE
,,,,,Death,"Jan 06, 1989",SEATTLE
T4137,Female,"Jan 07, 1989",T3305,T37 20,Birth/Ha tch,"Jan 07, 1989",SEATTLE
,,,,,Death,"Jan 07, 1989",SEATTLE
T4138,Male,"Jan 07, 1989",T3305,"T37
20","Birth/Ha
tch","Jan 07, 1989",SEATTLE
,,,,,Death,"Jan 07, 1989",SEATTLE
T4139,Male,"Jan 07, 1989",T3305,"T37
20","Birth/Ha
tch","Jan 07, 1989",SEATTLE
,,,,,Death,"Jan 07, 1989",SEATTLE
T4140,Female,Undetermined,UND,UND,"Birth/Ha
tch",Undetermined,Undetermined
,,,,,Transfer,Undetermined,PRIVATE
,,,,,Transfer,"Jan 17, 1989",HOGLE
,,,,,Transfer,"Oct 28, 1991",PRIVATE
,,,,,GO LTF,"Oct 28, 1991",PRIVATE
T4141,Male,Undetermined,UND,UND,"Birth/Ha
tch",Undetermined,Undetermined
,,,,,Transfer,Undetermined,PRIVATE
,,,,,Transfer,"Jan 17, 1989",HOGLE
,,,,,Death,"Oct 01, 2003",HOGLE
T4142,Female,"Feb 01, 1989",T3305,"T34
94","Birth/Ha
tch","Feb 01, 1989",SEATTLE
,,,,,Death,"Feb 02, 1989",SEATTLE
T4143,Undeter mined,"Feb 01, 1989",T3305,T34 94,Birth/Ha tch,"Feb 01, 1989",SEATTLE
,,,,,Death,"Feb 01, 1989",SEATTLE
T4144,Female,"Feb 01, 1989",T3305,"T34
94","Birth/Ha
tch","Feb 01, 1989",SEATTLE
,,,,,Death,"Feb 04, 1989",SEATTLE
T4145,Female,"Feb 01, 1989",T3305,"T34
94","Birth/Ha
tch","Feb 01, 1989",SEATTLE
,,,,,Death,"Feb 21, 1989",SEATTLE
T4146,Male,"Feb 09, 1989",UND,UND,"Birth/Ha
tch","Feb 09, 1989",BROWNSVIL
,,,,,Transfer,"Jun 22, 1989",LANSING
,,,,,Death,"Apr 18, 2005",LANSING
T4147,Female,"Feb 09, 1989",29,T39 77,Birth/Ha tch,"Feb 09, 1989",BROWNSVIL
,,,,,Transfer,"Jun 22, 1989",LANSING
,,,,,Death,"Jan 01, 2012 +/- 15 day",LANSING
T4148,Male,"Feb 09, 1989",UND,UND,"Birth/Ha
tch","Feb 09, 1989",BROWNSVIL
,,,,,Transfer,"Jun 21, 1989",OMAHA
,,,,,Death,"Aug 23, 2001",OMAHA
T4149,Female,"Feb 20, 1989 +/-
6 month",UND,UND,Birth/Ha tch,"Feb 20, 1989 +/-
6 month",Undetermined
,,,,,Transfer,Undetermined,WLD WAYST
,,,,,Transfer,"Feb 18, 1997",LOSANGELE
,,,,,Death,"Sep 26, 2012",LOSANGELE
T4150,Female,"Feb 28, 1989",T3992,"T39
62","Birth/Ha
tch","Feb 28, 1989",DOSWELL
,,,,,Transfer,"Jun 29, 1989",CINCINNAT
,,,,,Transfer,"Sep 01, 1989",ATLANTA
,,,,,Transfer,"Oct 10, 1989",DOSWELL
,,,,,GO LTF,"Oct 10, 1989",DOSWELL
T4151,Female,"Feb 28, 1989",T3992,"T39
62","Birth/Ha
tch","Feb 28, 1989",DOSWELL
,,,,,Transfer,"Feb 11, 1993",SAN ANTON
,,,,,Death,"Jul 01, 2013",SAN ANTON
T4152,Female,"Feb 28, 1989",T3992,T39 62,Birth/Ha tch,"Feb 28, 1989",DOSWELL
,,,,,Transfer,"Jun 29, 1989",CINCINNAT
,,,,,Transfer,"Sep 01, 1989",DOSWELL
,,,,,Transfer,"Feb 11, 1993",SAN ANTON
,,,,,Death,"Jul 06, 1996",SAN ANTON
T4154,Female,"Mar 01, 1989",T3992,T39 62,Birth/Ha tch,"Mar 01, 1989",DOSWELL
,,,,,Transfer,"Jun 29, 1989",CINCINNAT
,,,,,Transfer,"Sep 01, 1989",ATLANTA
,,,,,Transfer,"Oct 10, 1989",DOSWELL
,,,,,GO LTF,"Oct 10, 1989",DOSWELL
T4155,Female,"Mar 01, 1989",T3992,T39 62,Birth/Ha tch,"Mar 01, 1989",DOSWELL
,,,,,Transfer,"Feb 11, 1993",SAN ANTON
,,,,,Death,"Dec 03, 2001",SAN ANTON
T4164,Male,Undetermined,UND,UND,"Birth/Ha
tch",Undetermined,Undetermined
,,,,,Transfer,Undetermined,PRIVATE
,,,,,Transfer,"May 10, 1989",LANSING
,,,,,Transfer,"Aug 09, 1989",INDIANAPL
,,,,,Death,"May 17, 1993",INDIANAPL
T4165,Male,"May 14, 1989",T3612,"T36
13","Birth/Ha
tch","May 14, 1989",BUFFALO
,,,,,Transfer,"Sep 28, 1989",NY BRONX
,,,,,Death,"May 30, 2008",NY BRONX
T4166,Female,"May 14, 1989",T3612,"T36
13","Birth/Ha
tch","May 14, 1989",BUFFALO
,,,,,Transfer,"Oct 05, 1989",JOHN BALL
,,,,,Death,"Mar 24, 2005",JOHN BALL
T4167,Male,"May 14, 1989",T3612,"T36
13","Birth/Ha
tch","May 14, 1989",BUFFALO
,,,,,Transfer,"Jun 24, 1990",DES MOINE
,,,,,Transfer,"May 19, 1997",FRANKLINP
,,,,,Death,"Mar 22, 2001",FRANKLINP
T4168,Female,"May 14, 1989",T3612,T36 13,Birth/Ha tch,"May 14, 1989",BUFFALO
,,,,,Transfer,"Oct 05, 1989",JOHN BALL
,,,,,Transfer,"Nov 22, 1997",WINSTON
,,,,,Death,"Jul 31, 2007",WINSTON
T4171,Female,"May 22, 1989",T3612,"T36
14","Birth/Ha
tch","May 22, 1989",BUFFALO
,,,,,Transfer,"Sep 28, 1989",NY BRONX
,,,,,Death,"Jun 22, 2006",NY BRONX
T4172,Male,"May 22, 1989",T3612,T36 14,Birth/Ha tch,"May 22, 1989",BUFFALO
,,,,,Transfer,"Oct 05, 1989",JOHN BALL
,,,,,Death,"Oct 16, 2003",JOHN BALL
T4173,Female,"May 22, 1989",T3612,"T36
14","Birth/Ha
tch","May 22, 1989",BUFFALO
,,,,,Transfer,"Jun 24, 1990",DES MOINE
,,,,,Transfer,"May 19, 1997",FRANKLINP
,,,,,Death,"Nov 16, 2001",FRANKLINP
T4174,Female,"May 29, 1989 +/- 15 day",UND,UND,"Birth/Ha
tch","May 29, 1989 +/- 15 day",PRIVATE
,,,,,Transfer,"Apr 28, 1994",RACINE
,,,,,Death,"Aug 03, 2000",RACINE
T4175,Male,"May 29, 1989 +/- 15 day",UND,UND,"Birth/Ha
tch","May 29, 1989 +/- 15 day",PRIVATE
,,,,,Transfer,"Apr 28, 1994",RACINE
,,,,,Death,"Jan 06, 2004",RACINE
T4176,Male,"Jun 27, 1989",T3991,T40 04,Birth/Ha tch,"Jun 27, 1989",GREENVISC
,,,,,Transfer,"Sep 27, 1989",GULF BREZ
,,,,,Transfer,"May 26, 1991",GULF BREZ
,,,,,GO LTF,"May 26, 1991",GULF BREZ
T4177,Female,"Jun 27, 1989",T3991,"T40
04","Birth/Ha
tch","Jun 27, 1989",GREENVISC
,,,,,Transfer,"Oct 19, 1989",PITTSBURG
,,,,,Death,"Sep 17, 1990",PITTSBURG
T4181,Female,"Jul 04, 1989",T4031,T40 30,Birth/Ha tch,"Jul 04, 1989",W PALM BE
,,,,,Transfer,"Jul 14, 1990",UNDETERMI
,,,,,GO LTF,"Jul 14, 1990",UNDETERMI
T4182,Male,"Jul 09, 1989",T4031,T40 34,Birth/Ha tch,"Jul 09, 1989",W PALM BE
,,,,,Death,"Sep 15, 1996",W PALM BE
T4183,Male,"Jul 09, 1989",T4031,"T40
34","Birth/Ha
tch","Jul 09, 1989",W PALM BE
,,,,,Death,"Nov 23, 1989",W PALM BE
T4184,Male,"Jul 09, 1989",T4031,"T40
34","Birth/Ha
tch","Jul 09, 1989",W PALM BE
,,,,,Death,"Nov 23, 1989",W PALM BE
T4185,Male,"Jul 09, 1989",T4031,"T40
34","Birth/Ha
tch","Jul 09, 1989",W PALM BE
,,,,,Transfer,"Jul 14, 1990",UNDETERMI
,,,,,GO LTF,"Jul 14, 1990",UNDETERMI
T4187,Male,"Jul 19, 1989",T3955,"T39
33","Birth/Ha
tch","Jul 19, 1989",BUFFALO
,,,,,Transfer,"Aug 23, 1989",W PALM BE
,,,,,GO LTF,"Aug 23, 1989",W PALM BE
T4188,Male,"Jul 19, 1989",T3955,T39 33,Birth/Ha tch,"Jul 19, 1989",BUFFALO
,,,,,Transfer,"Aug 23, 1989",W PALM BE
,,,,,GO LTF,"Aug 23, 1989",W PALM BE
T4189,Male,"Jul 19, 1989",T3955,"T39
33","Birth/Ha
tch","Jul 19, 1989",BUFFALO
,,,,,Transfer,"Aug 23, 1989",W PALM BE
,,,,,GO LTF,"Aug 23, 1989",W PALM BE
T4191,Female,"Aug 06, 1989",T4141,T39 99,Birth/Ha tch,"Aug 06, 1989",HOGLE
,,,,,Transfer,"Jan 02, 1990",PRIVATE
,,,,,GO LTF,"Jan 02, 1990",PRIVATE
T4196,Undeter mined,"Aug 19, 1989",T3350,T33 56,Birth/Ha tch,"Aug 19, 1989",LOUISVILL
,,,,,Death,"Aug 22, 1989",LOUISVILL
T4198,Female,"Aug 31, 1989",T4141,T41 40,Birth/Ha tch,"Aug 31, 1989",HOGLE
,,,,,Death,"Dec 19, 1989",HOGLE
T4199,Female,"Sep 01, 1989 +/- 1 day",UND,UND,"Birth/Ha
tch","Sep 01, 1989 +/- 1 day",Undetermined
,,,,,Transfer,Undetermined,PRIVATE
,,,,,Transfer,"Dec 11, 1991",PUEBLO
,,,,,Death,"Jan 30, 2003",PUEBLO
T4200,Female,"Sep 01, 1989 +/- 1 day",UND,UND,Birth/Ha tch,"Sep 01, 1989 +/- 1 day",Undetermined
,,,,,Transfer,"Apr 03, 1990",KNOXVILLE
,,,,,Transfer,"Apr 18, 2002",ABQBIOPK
,,,,,Death,"Oct 27, 2011",ABQBIOPK
T4202,Female,"Sep 08, 1989",T3955,"T39
34","Birth/Ha
tch","Sep 08, 1989",BUFFALO
,,,,,Death,"Sep 08, 1989",BUFFALO
T4203,Male,"Sep 08, 1989",T3955,T39 34,Birth/Ha tch,"Sep 08, 1989",BUFFALO
,,,,,Death,"Jan 09, 2009",BUFFALO
T4204,Male,"Sep 12, 1989",T2924,T29 35,Birth/Ha tch,"Sep 12, 1989",ST PAUL
,,,,,Death,"Sep 12, 1989",ST PAUL
T4205,Female,"Sep 19, 1989 +/-
6 month",UND,UND,Birth/Ha tch,"Sep 19, 1989 +/-
6 month",Undetermined
,,,,,Transfer,Undetermined,PRIVATE
,,,,,Transfer,"Sep 19, 1991",W PALM BE
,,,,,Death,"Feb 10, 1992",W PALM BE
T4206,Female,"Sep 21, 1989",T3984,T40 45,Birth/Ha tch,"Sep 21, 1989",TOPEKA
,,,,,Death,"Feb 08, 2005",TOPEKA
T4207,Female,"Sep 21, 1989",T3984,T40 45,Birth/Ha tch,"Sep 21, 1989",TOPEKA
,,,,,Transfer,"Apr 25, 1990",BUFFALO
,,,,,Death,"Sep 11, 1999",BUFFALO
T4208,Female,"Sep 23, 1989",T3984,T40 45,Birth/Ha tch,"Sep 23, 1989",TOPEKA
,,,,,Death,"Nov 29, 2004",TOPEKA
T4209,Female,"Sep 23, 1989",T3984,"T40
45","Birth/Ha
tch","Sep 23, 1989",TOPEKA
,,,,,Transfer,"Apr 25, 1990",BUFFALO
,,,,,Death,"Apr 11, 2009",BUFFALO
T4210,"Undeter
mined","Oct 24, 1989",T3305,"T34
95","Birth/Ha
tch","Oct 24, 1989",SEATTLE
,,,,,Death,"Oct 24, 1989",SEATTLE
T4211,Male,"Nov 07, 1989",UND,UND,Birth/Ha tch,"Nov 07, 1989",PRIVATE
,,,,,Transfer,Undetermined,PRIVATE
,,,,,Transfer,"Aug 15, 1993",NASHV ZOO
,,,,,Transfer,"Apr 11, 2000",MEMPHIS
,,,,,Death,"Jun 26, 2000",MEMPHIS
T4212,Female,"Nov 07, 1989",UND,UND,"Birth/Ha
tch","Nov 07, 1989",PRIVATE
,,,,,Transfer,Undetermined,PRIVATE
,,,,,Transfer,"Aug 15, 1993",NASHV ZOO
,,,,,Death,"May 03, 2000",NASHV ZOO
T4216,Male,"Nov 23, 1989",T4031,"T40
30","Birth/Ha
tch","Nov 23, 1989",W PALM BE
,,,,,Death,"Jun 28, 1991",W PALM BE
T4217,Female,"Nov 23, 1989",T4031,"T40
30","Birth/Ha
tch","Nov 23, 1989",W PALM BE
,,,,,Transfer,"May 04, 1999",AUDUB SSC
,,,,,Death,"Dec 07, 2008",AUDUB SSC
T4218,Female,"Nov 23, 1989",T4031,"T40
30","Birth/Ha
tch","Nov 23, 1989",W PALM BE
,,,,,Death,"Mar 31, 1991",W PALM BE
T4219,Male,"Nov 23, 1989",T4031,"T40
30","Birth/Ha
tch","Nov 23, 1989",W PALM BE
,,,,,Transfer,"Jun 05, 2002",FERNDALE
,,,,,GO LTF,"Jun 05, 2002",FERNDALE
T4220,Male,"Nov 24, 1989 +/-
6 month",UND,UND,Birth/Ha tch,"Nov 24, 1989 +/-
6 month",Undetermined
,,,,,Transfer,Undetermined,PRIVATE
,,,,,Transfer,"Nov 22, 1997",DICKERSON
,,,,,Death,"May 19, 2003",DICKERSON
T4221,Male,"Dec 15, 1989 +/- 1 day",UND,UND,"Birth/Ha
tch","Dec 15, 1989 +/- 1 day",Undetermined
,,,,,Transfer,Undetermined,PRIVATE
,,,,,Transfer,"Sep 10, 1990",LUFKIN
,,,,,Death,"Jun 22, 2003",LUFKIN
T4222,Female,"Dec 26, 1989",T3350,"T33
56","Birth/Ha
tch","Dec 26, 1989",LOUISVILL
,,,,,Death,"Mar 16, 1990",LOUISVILL
T4223,Female,"Dec 26, 1989",T3350,"T33
56","Birth/Ha
tch","Dec 26, 1989",LOUISVILL
,,,,,Transfer,"Oct 10, 1990",PITTSBURG
,,,,,Death,"Dec 26, 2013",PITTSBURG
T4224,Female,"Dec 26, 1989",T3350,"T33
56","Birth/Ha
tch","Dec 26, 1989",LOUISVILL
,,,,,Transfer,"Nov 03, 1990",EVANSVLLE
,,,,,Death,"Feb 18, 1991",EVANSVLLE
T4225,Female,"Jan 01, 1990 +/-
6 month",UND,UND,"Birth/Ha
tch","Jan 01, 1990 +/-
6 month",PRIVATE
,,,,,Transfer,"Aug 01, 2000",WINSTON
,,,,,Death,"Oct 25, 2006",WINSTON
T4227,Male,"Feb 14, 1990 +/- 1 day",UND,UND,"Birth/Ha
tch","Feb 14, 1990 +/- 1 day",Undetermined
,,,,,Transfer,Undetermined,PRIVATE
,,,,,Transfer,"Jun 11, 1990",WINSTON
,,,,,Death,"Apr 22, 2000",WINSTON
T4229,Female,"Feb 18, 1990",29,"T39
77","Birth/Ha
tch","Feb 18, 1990",BROWNSVIL
,,,,,Transfer,"Oct 11, 1992",WILD WRLD
,,,,,Death,"Jan 22, 2009",WILD WRLD
T4230,Female,"Feb 18, 1990",29,"T39
77","Birth/Ha
tch","Feb 18, 1990",BROWNSVIL
,,,,,Transfer,"Dec 13, 1990",CALDWELL
,,,,,Death,"Dec 31, 2012",CALDWELL
T4231,Female,"Feb 18, 1990",29,"T39
77","Birth/Ha
tch","Feb 18, 1990",BROWNSVIL
,,,,,Transfer,"Dec 13, 1990",CALDWELL
,,,,,Death,"Dec 06, 2011",CALDWELL
T4232,"Undeter
mined","Feb 22, 1990",T3790,"T37
26","Birth/Ha
tch","Feb 22, 1990",GRANBY
,,,,,Death,"Feb 22, 1990",GRANBY
T4233,Female,"Mar 13, 1990",T4033,T40 32,Birth/Ha tch,"Mar 13, 1990",W PALM BE
,,,,,Death,"Jul 04, 1991",W PALM BE
T4234,Female,"Mar 13, 1990",T4033,T40 32,Birth/Ha tch,"Mar 13, 1990",W PALM BE
,,,,,Death,"Jul 11, 1991",W PALM BE
T4235,Male,"Mar 13, 1990",T4033,"T40
32","Birth/Ha
tch","Mar 13, 1990",W PALM BE
,,,,,Transfer,"Jun 05, 2002",FERNDALE
,,,,,GO LTF,"Jun 05, 2002",FERNDALE
T4236,Male,"Mar 26, 1990",T2888,T27 59,Birth/Ha tch,"Mar 26, 1990",TORONTO
,,,,,Death,"Mar 26, 1990",TORONTO
T4237,Male,"Apr 04, 1990",T3991,T40 04,Birth/Ha tch,"Apr 04, 1990",GREENVISC
,,,,,Death,"Apr 06, 1990",GREENVISC
T4238,Female,"Apr 04, 1990",T3991,T40 04,Birth/Ha tch,"Apr 04, 1990",GREENVISC
,,,,,Death,"Apr 05, 1990",GREENVISC
T4242,Female,"May 20, 1990",T4141,"T41
40","Birth/Ha
tch","May 20, 1990",HOGLE
,,,,,Transfer,"Jun 22, 1990",PRIVATE
,,,,,GO LTF,"Jun 22, 1990",PRIVATE
T4243,Male,"May 20, 1990",T4141,"T41
40","Birth/Ha
tch","May 20, 1990",HOGLE
,,,,,Transfer,"Jun 22, 1990",PRIVATE
,,,,,GO LTF,"Jun 22, 1990",PRIVATE
T4244,Male,"May 20, 1990",T4141,T41 40,Birth/Ha tch,"May 20, 1990",HOGLE
,,,,,Transfer,"Jun 22, 1990",PRIVATE
,,,,,GO LTF,"Jun 22, 1990",PRIVATE
T4245,Female,"May 20, 1990",T4141,"T41
40","Birth/Ha
tch","May 20, 1990",HOGLE
,,,,,Transfer,"Nov 27, 1990",WINSTON
,,,,,Death,"Apr 03, 2013",WINSTON
T4246,Male,"May 30, 1990",T4141,"T39
99","Birth/Ha
tch","May 30, 1990",HOGLE
,,,,,Death,"Jun 07, 1990",HOGLE
T4247,Female,"May 30, 1990",T4141,T39 99,Birth/Ha tch,"May 30, 1990",HOGLE
,,,,,Transfer,"Nov 21, 1990",PRIVATE
,,,,,GO LTF,"Nov 21, 1990",PRIVATE
T4248,Male,"May 30, 1990",T4141,"T39
99","Birth/Ha
tch","May 30, 1990",HOGLE
,,,,,Transfer,"Jun 22, 1990",PRIVATE
,,,,,GO LTF,"Jun 22, 1990",PRIVATE
T4249,Female,"May 30, 1990",T4141,T39 99,Birth/Ha tch,"May 30, 1990",HOGLE
,,,,,Death,"Jun 01, 1990",HOGLE
T4250,Male,"May 30, 1990",T4141,T39 99,Birth/Ha tch,"May 30, 1990",HOGLE
,,,,,Death,"Jun 01, 1990",HOGLE
T4255,Female,"Jun 10, 1990",T4062,T40 83,Birth/Ha tch,"Jun 10, 1990",HOUSTON
,,,,,Death,"Nov 17, 2012",HOUSTON
T4256,Male,"Jun 11, 1990 +/- 15 day",UND,UND,"Birth/Ha
tch","Jun 11, 1990 +/- 15 day",PRIVATE
,,,,,Transfer,Undetermined,PRIVATE
,,,,,Transfer,"Mar 12, 1991",BUFFALO
,,,,,Transfer,"May 23, 1991",PRIVATE
,,,,,GO LTF,"May 23, 1991",PRIVATE
T4257,Male,"Jun 13, 1990",T4062,"T40
83","Birth/Ha
tch","Jun 13, 1990",HOUSTON
,,,,,Transfer,"Apr 01, 1997",DALLAS
,,,,,Death,"Apr 02, 2008",DALLAS
T4258,Female,"Jun 13, 1990",T4062,"T40
83","Birth/Ha
tch","Jun 13, 1990",HOUSTON
,,,,,Death,"Oct 18, 2005",HOUSTON
T4262,"Undeter
mined","Jul 05, 1990",T4080,"T40
79","Birth/Ha
tch","Jul 05, 1990",TUCSON
,,,,,Death,"Jul 06, 1990",TUCSON
T4267,Male,"Jul 15, 1990",T4080,"T40
24","Birth/Ha
tch","Jul 15, 1990",TUCSON
,,,,,Transfer,"Mar 15, 1991",CALDWELL
,,,,,Transfer,"Oct 31, 1997",TOLEDO
,,,,,Transfer,"Feb 22, 2003",MEMPHIS
,,,,,Death,"Nov 29, 2010",MEMPHIS
T4268,Female,"Jul 16, 1990",T4080,"T40
24","Birth/Ha
tch","Jul 16, 1990",TUCSON
,,,,,Transfer,"Nov 12, 1991",PORTLAND
,,,,,Transfer,"Apr 04, 1995",KANSASCTY
,,,,,Transfer,"Apr 05, 1997",COLO SPRG
,,,,,Transfer,"Oct 13, 2000",SACRAMNTO
,,,,,Death,"Jan 28, 2005",SACRAMNTO
T4273,Male,"Oct 01, 1990",UND,UND,Birth/Ha tch,"Oct 01, 1990",PRIVATE
,,,,,Transfer,Undetermined,PRIVATE
,,,,,Transfer,"Jun 25, 1996",SOUTHBEND
,,,,,Death,"Oct 23, 2001",SOUTHBEND
T4274,Male,"Oct 13, 1990",T2888,"T27
59","Birth/Ha
tch","Oct 13, 1990",TORONTO
,,,,,Death,"Oct 16, 1990",TORONTO
T4276,Male,"Oct 16, 1990",T3991,T40 04,Birth/Ha tch,"Oct 16, 1990",GREENVISC
,,,,,Death,"Oct 29, 1990",GREENVISC
T4277,Female,"Oct 24, 1990",T2888,T27 59,Birth/Ha tch,"Oct 24, 1990",TORONTO
,,,,,Transfer,"May 01, 1991",HEMMINGFD
,,,,,Death,"Aug 24, 1994",HEMMINGFD
T4278,Male,"Oct 24, 1990",T2888,T27 59,Birth/Ha tch,"Oct 24, 1990",TORONTO
,,,,,Transfer,"May 01, 1991",HEMMINGFD
,,,,,Death,"Aug 24, 1994",HEMMINGFD
T4281,Male,"Nov 07, 1990",T4080,"T40
79","Birth/Ha
tch","Nov 07, 1990",TUCSON
,,,,,Death,"Nov 14, 1990",TUCSON
T4282,Male,"Dec 30, 1990 +/- 1 day",UND,UND,"Birth/Ha
tch","Dec 30, 1990 +/- 1 day",Undetermined
,,,,,Transfer,Undetermined,PET FARM
,,,,,Transfer,"Jan 01, 1991",W PALM BE
,,,,,Transfer,"Dec 09, 1997",PRIVATE
,,,,,GO LTF,"Dec 09, 1997",PRIVATE
T4283,Female,"Dec 30, 1990 +/- 1 day",UND,UND,"Birth/Ha
tch","Dec 30, 1990 +/- 1 day",Undetermined
,,,,,Transfer,Undetermined,PET FARM
,,,,,Transfer,"Jan 01, 1991",W PALM BE
,,,,,Transfer,"Apr 13, 1994",MT ULLA
,,,,,GO LTF,"Apr 13, 1994",MT ULLA
T4284,Female,"Jan 01, 1991 +/-
6 month",UND,UND,"Birth/Ha
tch","Jan 01, 1991 +/-
6 month",Undetermined
,,,,,Transfer,Undetermined,PRIVATE
,,,,,Transfer,"Aug 12, 2003",NZP-WASH
,,,,,Death,"Feb 23, 2004",NZP-WASH
T4285,Female,"Jan 01, 1991 +/-
6 month",UND,UND,Birth/Ha tch,"Jan 01, 1991 +/-
6 month",Undetermined
,,,,,Transfer,Undetermined,PRIVATE
,,,,,Transfer,"Aug 12, 2003",NZP-WASH
,,,,,Death,"Jan 21, 2010",NZP-WASH
T4286,Female,"Jan 18, 1991 +/- 1 day",UND,UND,Birth/Ha tch,"Jan 18, 1991 +/- 1 day",Undetermined
,,,,,Transfer,Undetermined,PRIVATE
,,,,,Transfer,"Jan 19, 1992",KNOXVILLE
,,,,,Transfer,"May 02, 1993",TAUTPHAUS
,,,,,Transfer,"Mar 30, 2001",SEATTLE
,,,,,Death,"Jun 07, 2010",SEATTLE
T4287,Male,"Jan 19, 1991 +/-
6 month",UND,UND,Birth/Ha tch,"Jan 19, 1991 +/-
6 month",Undetermined
,,,,,Transfer,Undetermined,PRIVATE
,,,,,Transfer,"Jan 19, 1992",KNOXVILLE
,,,,,Transfer,"Mar 11, 1993",PRIVATE
,,,,,GO LTF,"Mar 11, 1993",PRIVATE
T4289,Female,"Feb 19, 1991",T3991,"T40
04","Birth/Ha
tch","Feb 19, 1991",GREENVISC
,,,,,Transfer,"Jun 04, 1991",OAKLAND
,,,,,Death,"Jun 14, 2010",OAKLAND
T4290,Male,"Feb 19, 1991",T3991,"T40
04","Birth/Ha
tch","Feb 19, 1991",GREENVISC
,,,,,Transfer,"Jun 04, 1991",OAKLAND
,,,,,Death,"Jan 27, 2010",OAKLAND
T4293,Female,"Mar 01, 1991",UND,UND,"Birth/Ha
tch","Mar 01, 1991",PRIVATE
,,,,,Transfer,Undetermined,PRIVATE
,,,,,Transfer,"Sep 06, 1991",OAKLAND
,,,,,Death,"Dec 23, 2010",OAKLAND
T4294,Female,"Mar 01, 1991",UND,UND,"Birth/Ha
tch","Mar 01, 1991",PRIVATE
,,,,,Transfer,Undetermined,PRIVATE
,,,,,Transfer,"Sep 06, 1991",OAKLAND
,,,,,Death,"Jan 01, 2010",OAKLAND
T4295,Female,"Mar 14, 1991",T2888,T40 95,Birth/Ha tch,"Mar 14, 1991",TORONTO
,,,,,Death,"Mar 14, 1991",TORONTO
T4298,Male,"Mar 27, 1991 +/- 15 day",UND,UND,"Birth/Ha
tch","Mar 27, 1991 +/- 15 day",Undetermined
,,,,,Transfer,Undetermined,PRIVATE
,,,,,Transfer,"Sep 26, 1991",LUFKIN
,,,,,Transfer,"Mar 24, 1994",FERNDALE
,,,,,Transfer,"Mar 28, 1994",TORONTO
,,,,,Transfer,"Mar 27, 1995",PRIVATE
,,,,,Transfer,"Sep 12, 1995",TORONTO
,,,,,Death,"Oct 21, 2011",TORONTO
T4299,Male,"Apr 01, 1991 +/- 1 day",UND,UND,Birth/Ha tch,"Apr 01, 1991 +/- 1 day",Undetermined
,,,,,Transfer,Undetermined,PRIVATE
,,,,,Transfer,"Aug 01, 1991",BIRMINGHM
,,,,,Transfer,"Nov 09, 1993",PRIVATE
,,,,,GO LTF,"Nov 09, 1993",PRIVATE
T4300,Male,"Apr 01, 1991 +/- 1 day",UND,UND,"Birth/Ha
tch","Apr 01, 1991 +/- 1 day",Undetermined
,,,,,Transfer,Undetermined,PRIVATE
,,,,,Transfer,"Aug 01, 1991",BIRMINGHM
,,,,,Transfer,"Nov 09, 1993",PRIVATE
,,,,,GO LTF,"Nov 09, 1993",PRIVATE
T4302,Male,"May 25, 1991",T4176,"T41
56","Birth/Ha
tch","May 25, 1991",GULF BREZ
,,,,,Transfer,"Jul 23, 1991",CAPE MAY
,,,,,Death,"Sep 22, 1996",CAPE MAY
T4303,Female,"May 25, 1991",T4176,"T41
56","Birth/Ha
tch","May 25, 1991",GULF BREZ
,,,,,Transfer,"Jul 23, 1991",CAPE MAY
,,,,,Death,"Jun 22, 2002",CAPE MAY
T4306,Male,"Jun 04, 1991",T2888,"T40
97","Birth/Ha
tch","Jun 04, 1991",TORONTO
,,,,,Transfer,"Apr 06, 1992",ST FELICI
,,,,,Transfer,"Jun 06, 1996",PRIVATE
,,,,,GO LTF,"Jun 06, 1996",PRIVATE
T4307,Male,"Jun 04, 1991",T2888,"T40
97","Birth/Ha
tch","Jun 04, 1991",TORONTO
,,,,,Death,"Jun 08, 1991",TORONTO
T4308,Male,"Jun 04, 1991",T2888,"T40
97","Birth/Ha
tch","Jun 04, 1991",TORONTO
,,,,,Transfer,"Mar 31, 1992",PORTLAND
,,,,,Transfer,"Feb 06, 1998",DISNEY AK
,,,,,Death,"Aug 17, 2011",DISNEY AK
T4309,Female,"Jun 04, 1991",T2888,T40 97,Birth/Ha tch,"Jun 04, 1991",TORONTO
,,,,,Transfer,"Mar 31, 1992",PORTLAND
,,,,,Transfer,"Feb 06, 1998",DISNEY AK
,,,,,Death,"Feb 01, 2011",DISNEY AK
T4310,Male,"Jun 09, 1991",T3305,"T34
95","Birth/Ha
tch","Jun 09, 1991",SEATTLE
,,,,,Transfer,"Jul 06, 1995",ST PAUL
,,,,,Death,"Sep 12, 2009",ST PAUL
T4311,Male,"Jun 10, 1991",T3305,"T34
95","Birth/Ha
tch","Jun 10, 1991",SEATTLE
,,,,,Death,"May 25, 2011",SEATTLE
T4312,Male,"Jul 10, 1991",72,73,Birth/Ha tch,"Jul 10, 1991",JOHANSBRG
,,,,,Transfer,"Apr 23, 1993",PHILADELP
,,,,,Death,"Apr 23, 1993",PHILADELP
T4317,Male,"Jul 31, 1991",T3010,"T41
21","Birth/Ha
tch","Jul 31, 1991",OMAHA
,,,,,Death,"Jul 31, 1991",OMAHA
T4318,Female,"Jul 31, 1991",T3010,"T41
21","Birth/Ha
tch","Jul 31, 1991",OMAHA
,,,,,Death,"Jul 31, 1991",OMAHA
T4319,Male,"Aug 01, 1991",T3612,T36 13,Birth/Ha tch,"Aug 01, 1991",BUFFALO
,,,,,Transfer,"Jan 11, 1992",MONTGOMRY
,,,,,Transfer,"Mar 11, 1992",PRIVATE
,,,,,GO LTF,"Mar 11, 1992",PRIVATE
T4320,Male,"Aug 01, 1991",T3612,"T36
13","Birth/Ha
tch","Aug 01, 1991",BUFFALO
,,,,,Transfer,"Jan 11, 1992",MONTGOMRY
,,,,,Death,"Aug 22, 2011",MONTGOMRY
T4321,Female,"Aug 01, 1991",T3612,T36 13,Birth/Ha tch,"Aug 01, 1991",BUFFALO
,,,,,Transfer,"Jan 11, 1992",MONTGOMRY
,,,,,Death,"Jul 01, 2007 +/- 6 month",MONTGOMRY
T4322,Female,"Aug 05, 1991",T2888,"T40
95","Birth/Ha
tch","Aug 05, 1991",TORONTO
,,,,,Transfer,"May 04, 1992",PRIVATE
,,,,,GO LTF,"May 04, 1992",PRIVATE
T4323,Female,"Aug 05, 1991",T2888,T40 95,Birth/Ha tch,"Aug 05, 1991",TORONTO
,,,,,Transfer,"May 04, 1992",PRIVATE
,,,,,GO LTF,"May 04, 1992",PRIVATE
T4326,Female,"Sep 02, 1991",T3010,"T41
22","Birth/Ha
tch","Sep 02, 1991",OMAHA
,,,,,Transfer,"Oct 15, 1992",MEMPHIS
,,,,,Death,Undetermined,MEMPHIS
T4327,Male,"Sep 02, 1991",T3010,"T41
22","Birth/Ha
tch","Sep 02, 1991",OMAHA
,,,,,Transfer,"Oct 14, 1992",WILD WRLD
,,,,,Death,"Feb 10, 2011",WILD WRLD
T4328,Female,"Sep 18, 1991 +/-
6 month",UND,UND,Birth/Ha tch,"Sep 18, 1991 +/-
6 month",Undetermined
,,,,,Transfer,Undetermined,MT ULLA
,,,,,Transfer,"Sep 19, 1991",W PALM BE
,,,,,Transfer,"Apr 13, 1994",MT ULLA
,,,,,GO LTF,"Apr 13, 1994",MT ULLA
T4329,Male,"Nov 02, 1991",T4091,"T41
01","Birth/Ha
tch","Nov 02, 1991",DULUTH
,,,,,Transfer,"Sep 12, 1992",PRIVATE
,,,,,GO LTF,"Sep 12, 1992",PRIVATE
T4330,Male,"Nov 02, 1991",T4091,"T41
01","Birth/Ha
tch","Nov 02, 1991",DULUTH
,,,,,Transfer,"Sep 12, 1992",PRIVATE
,,,,,GO LTF,"Sep 12, 1992",PRIVATE
T4331,Male,"Nov 02, 1991",T4091,T41 01,Birth/Ha tch,"Nov 02, 1991",DULUTH
,,,,,Transfer,"Sep 12, 1992",PRIVATE
,,,,,GO LTF,"Sep 12, 1992",PRIVATE
T4332,Female,"Nov 10, 1991 +/-
6 month",UND,UND,"Birth/Ha
tch","Nov 10, 1991 +/-
6 month",PRIVATE
,,,,,Transfer,Undetermined,PRIVATE
,,,,,Transfer,"Nov 09, 1993",GREENBAY
,,,,,Transfer,"Apr 28, 2006",COLUMBUS
,,,,,Death,"Sep 27, 2006",COLUMBUS
T4333,Male,"Dec 01, 1991",T4065,T40 34,Birth/Ha tch,"Dec 01, 1991",W PALM BE
,,,,,Transfer,"Jan 25, 1992",PRIVATE
,,,,,GO LTF,"Jan 25, 1992",PRIVATE
T4334,Male,"Dec 01, 1991",T4065,"T40
34","Birth/Ha
tch","Dec 01, 1991",W PALM BE
,,,,,Transfer,"Mar 11, 1992",PRIVATE
,,,,,GO LTF,"Mar 11, 1992",PRIVATE
T4335,Male,"Dec 01, 1991",T4031,"T40
34","Birth/Ha
tch","Dec 01, 1991",W PALM BE
,,,,,Transfer,"Jun 03, 1997",AUDUB SSC
,,,,,Death,"Aug 24, 2012",AUDUB SSC
T4336,Female,"Dec 01, 1991",T4031,T40 34,Birth/Ha tch,"Dec 01, 1991",W PALM BE
,,,,,Transfer,"May 05, 1999",AUDUB SSC
,,,,,Death,"Jul 01, 2005",AUDUB SSC
T4337,Male,"Dec 25, 1991",T4065,"T40
30","Birth/Ha
tch","Dec 25, 1991",W PALM BE
,,,,,Transfer,"Mar 11, 1992",PRIVATE
,,,,,GO LTF,"Mar 11, 1992",PRIVATE
T4338,Male,"Dec 25, 1991",T4065,T40 30,Birth/Ha tch,"Dec 25, 1991",W PALM BE
,,,,,Transfer,"Mar 11, 1992",PRIVATE
,,,,,GO LTF,"Mar 11, 1992",PRIVATE
T4342,Female,"Mar 25, 1992",T4080,"T40
24","Birth/Ha
tch","Mar 25, 1992",TUCSON
,,,,,Transfer,"Dec 17, 1992",DETROIT
,,,,,Death,"Jan 01, 2016 +/- 15 day",DETROIT
T4343,Male,"Mar 25, 1992",T4080,T40 24,Birth/Ha tch,"Mar 25, 1992",TUCSON
,,,,,Transfer,"Dec 17, 1992",DETROIT
,,,,,Death,"Mar 17, 2008",DETROIT
T4347,Male,"Mar 25, 1992",T4080,"T40
24","Birth/Ha
tch","Mar 25, 1992",TUCSON
,,,,,Death,"Oct 06, 2010",TUCSON
T4352,Female,"May 25, 1992",T4065,T40 30,Birth/Ha tch,"May 25, 1992",W PALM BE
,,,,,Death,"Feb 04, 1996",W PALM BE
T4353,Male,"May 25, 1992",T4065,T40 30,Birth/Ha tch,"May 25, 1992",W PALM BE
,,,,,Death,"Apr 08, 2002",W PALM BE
T4354,Male,"May 25, 1992",T4065,"T40
30","Birth/Ha
tch","May 25, 1992",W PALM BE
,,,,,Transfer,"Jun 05, 2002",FERNDALE
,,,,,GO LTF,"Jun 05, 2002",FERNDALE
T4356,Male,"Jun 24, 1992",T3796,"T32
73","Birth/Ha
tch","Jun 24, 1992",WINSTON
,,,,,Death,"Dec 31, 2009",WINSTON
T4357,Male,"Jul 15, 1992",T3265,"T38
65","Birth/Ha
tch","Jul 15, 1992",WINSTON
,,,,,Transfer,"Nov 22, 2000",BALTIMORE
,,,,,Death,"Sep 19, 2008",BALTIMORE
T4358,Male,"Jul 15, 1992",T3265,"T38
65","Birth/Ha
tch","Jul 15, 1992",WINSTON
,,,,,Death,"Apr 12, 2012",WINSTON
T4359,Female,"Jul 30, 1992 +/- 15 day",UND,UND,"Birth/Ha
tch","Jul 30, 1992 +/- 15 day",Undetermined
,,,,,Transfer,Undetermined,PRIVATE
,,,,,Transfer,"Dec 30, 1992",DETROIT
,,,,,Death,"Jul 01, 2011 +/- 6 month",DETROIT
T4365,Female,"Aug 26, 1992",T4065,T40 29,Birth/Ha tch,"Aug 26, 1992",W PALM BE
,,,,,Transfer,"Mar 25, 1993",PRIVATE
,,,,,GO LTF,"Mar 25, 1993",PRIVATE
T4366,Male,"Aug 26, 1992",T4065,"T40
29","Birth/Ha
tch","Aug 26, 1992",W PALM BE
,,,,,Transfer,"Mar 25, 1993",PRIVATE
,,,,,GO LTF,"Mar 25, 1993",PRIVATE
T4367,Male,"Sep 18, 1992 +/- 15 day",UND,UND,Birth/Ha tch,"Sep 18, 1992 +/- 15 day",Undetermined
,,,,,Transfer,Undetermined,PRIVATE
,,,,,Transfer,"May 20, 1993",DETROIT
,,,,,Death,"Sep 27, 2012",DETROIT
T4368,Female,"Oct 06, 1992",T4148,"T41
22","Birth/Ha
tch","Oct 06, 1992",OMAHA
,,,,,Transfer,"Apr 23, 1993",ST PAUL
,,,,,Death,"Feb 24, 2015",ST PAUL
T4369,Female,"Oct 06, 1992",T4148,"T41
22","Birth/Ha
tch","Oct 06, 1992",OMAHA
,,,,,Transfer,"Apr 23, 1993",BOUILLESP
,,,,,Transfer,"Apr 27, 1998",BINGHAMTO
,,,,,Death,"Jan 27, 2005",BINGHAMTO
T4370,Male,"Nov 12, 1992 +/-
6 month",UND,UND,"Birth/Ha
tch","Nov 12, 1992 +/-
6 month",Undetermined
,,,,,Transfer,Undetermined,JNGLARY F
,,,,,Transfer,"Nov 14, 1995",TALLAHASE
,,,,,Transfer,"Apr 15, 1996",JNGLARY F
,,,,,GO LTF,"Apr 15, 1996",JNGLARY F
T4373,Female,"Jan 01, 1993 +/-
6 month",UND,UND,"Birth/Ha
tch","Jan 01, 1993 +/-
6 month",Undetermined
,,,,,Transfer,Undetermined,PRIVATE
,,,,,Transfer,"Oct 28, 2000",LOUISVILL
,,,,,Death,"Apr 15, 2001",LOUISVILL
T4374,Female,"Jan 01, 1993 +/-
6 month",UND,UND,Birth/Ha tch,"Jan 01, 1993 +/-
6 month",PRIVATE
,,,,,Transfer,"Aug 01, 2000",WINSTON
,,,,,Death,"Aug 15, 2008",WINSTON
T4375,Female,"Jan 01, 1993 +/-
6 month",UND,UND,"Birth/Ha
tch","Jan 01, 1993 +/-
6 month",PRIVATE
,,,,,Transfer,"Aug 01, 2000",WINSTON
,,,,,Death,"Oct 20, 2004",WINSTON
T4377,Female,"Jan 23, 1993",T4031,T40 32,Birth/Ha tch,"Jan 23, 1993",W PALM BE
,,,,,Transfer,"Jun 03, 1997",AUDUB SSC
,,,,,Transfer,"Sep 24, 2005",OMAHA
,,,,,Death,"Sep 24, 2008",OMAHA
T4378,Female,"Jan 23, 1993",T4031,T40 32,Birth/Ha tch,"Jan 23, 1993",W PALM BE
,,,,,Transfer,"Jun 03, 1997",AUDUB SSC
,,,,,Transfer,"Sep 24, 2005",OMAHA
,,,,,Death,"Jan 04, 2008",OMAHA
T4379,Male,"Feb 14, 1993",T4031,"T40
29","Birth/Ha
tch","Feb 14, 1993",W PALM BE
,,,,,Transfer,"Jan 07, 1998",PRIVATE
,,,,,GO LTF,"Jan 07, 1998",PRIVATE
T4380,Female,"Feb 14, 1993",T4031,T40 29,Birth/Ha tch,"Feb 14, 1993",W PALM BE
,,,,,Death,"Dec 14, 1993",W PALM BE
T4381,Female,"Feb 14, 1993",T4031,T40 29,Birth/Ha tch,"Feb 14, 1993",W PALM BE
,,,,,Death,"Dec 16, 1993",W PALM BE
T4382,Female,"Feb 14, 1993",T4031,"T40
29","Birth/Ha
tch","Feb 14, 1993",W PALM BE
,,,,,Death,"Apr 28, 1993",W PALM BE
T4384,Female,"Feb 18, 1993",T4219,"T40
66","Birth/Ha
tch","Feb 18, 1993",W PALM BE
,,,,,Transfer,"Apr 22, 1993",PRIVATE
,,,,,GO LTF,"Apr 22, 1993",PRIVATE
T4385,Female,"Feb 18, 1993",T4219,T40 66,Birth/Ha tch,"Feb 18, 1993",W PALM BE
,,,,,Transfer,"Apr 22, 1993",PRIVATE
,,,,,GO LTF,"Apr 22, 1993",PRIVATE
T4391,Male,"May 02, 1993",T4267,"T42
30","Birth/Ha
tch","May 02, 1993",CALDWELL
,,,,,Transfer,"Oct 29, 1996",PANAMACT
,,,,,Death,"Oct 27, 2010",PANAMACT
T4392,Male,"May 02, 1993",T4267,T42 30,Birth/Ha tch,"May 02, 1993",CALDWELL
,,,,,Death,"Apr 09, 2015",CALDWELL
T4398,Male,"Jun 10, 1993",T4065,T42 17,Birth/Ha tch,"Jun 10, 1993",W PALM BE
,,,,,Death,"Jun 11, 1993",W PALM BE
T4401,Male,"Jul 16, 1993",UND,UND,Birth/Ha tch,"Jul 16, 1993",Undetermined
,,,,,Transfer,Undetermined,PRIVATE
,,,,,Transfer,"Jun 30, 1997",EVANSVLLE
,,,,,Death,"Jul 01, 2007 +/- 6 month",EVANSVLLE
T4402,Female,"Jul 23, 1993",T4065,"T40
34","Birth/Ha
tch","Jul 23, 1993",W PALM BE
,,,,,Death,"Jun 18, 1995",W PALM BE
T4403,Male,"Jul 23, 1993",T4065,"T40
34","Birth/Ha
tch","Jul 23, 1993",W PALM BE
,,,,,Transfer,"Oct 04, 2001",FRANKLINP
,,,,,Death,"Apr 09, 2015",FRANKLINP
T4404,Male,"Jul 23, 1993",T4065,T40 34,Birth/Ha tch,"Jul 23, 1993",W PALM BE
,,,,,Death,"Feb 07, 1994",W PALM BE
T4405,Female,Undetermined,UND,UND,"Birth/Ha
tch",Undetermined,Undetermined
,,,,,Transfer,Undetermined,PRIVATE
,,,,,Transfer,"Jul 27, 1993",CALGARY
,,,,,Transfer,"May 05, 1997",ALDERGROV
,,,,,Transfer,"Jun 01, 1999 +/- 15 day",PRIVATE
,,,,,GO LTF,"Jun 01, 1999 +/- 15 day",PRIVATE
T4406,Male,Undetermined,UND,UND,"Birth/Ha
tch",Undetermined,Undetermined
,,,,,Transfer,Undetermined,PRIVATE
,,,,,Transfer,"Jul 27, 1993",CALGARY
,,,,,Death,"Jan 08, 1997",CALGARY
T4410,Female,"Aug 23, 1993",T4219,"T40
66","Birth/Ha
tch","Aug 23, 1993",W PALM BE
,,,,,Transfer,"Jun 03, 1997",AUDUB SSC
,,,,,Death,"Oct 07, 1998",AUDUB SSC
T4411,Male,"Aug 23, 1993",T4219,"T40
66","Birth/Ha
tch","Aug 23, 1993",W PALM BE
,,,,,Transfer,"Jun 05, 2002",FERNDALE
,,,,,GO LTF,"Jun 05, 2002",FERNDALE
T4418,Female,"Oct 09, 1993",T4235,T42 83,Birth/Ha tch,"Oct 09, 1993",W PALM BE
,,,,,Death,"Dec 14, 1994",W PALM BE
T4419,Female,"Oct 09, 1993",T4235,T42 83,Birth/Ha tch,"Oct 09, 1993",W PALM BE
,,,,,Transfer,"May 05, 1999",AUDUB SSC
,,,,,Transfer,"Sep 24, 2005",OMAHA
,,,,,Death,"Sep 09, 2008",OMAHA
T4421,Male,"Oct 26, 1993",T4065,"T42
17","Birth/Ha
tch","Oct 26, 1993",W PALM BE
,,,,,Transfer,"Oct 02, 2001",FRANKLINP
,,,,,Death,"Jul 17, 2005",FRANKLINP
T4422,Male,"Oct 26, 1993",T4065,T42 17,Birth/Ha tch,"Oct 26, 1993",W PALM BE
,,,,,Transfer,"Jan 07, 1998",MT ULLA
,,,,,GO LTF,"Jan 07, 1998",MT ULLA
T4424,Male,"Nov 14, 1993",T4065,"T40
30","Birth/Ha
tch","Nov 14, 1993",W PALM BE
,,,,,Death,"Nov 18, 1993",W PALM BE
T4425,Female,"Nov 14, 1993",T4065,T40 30,Birth/Ha tch,"Nov 14, 1993",W PALM BE
,,,,,Transfer,"Dec 02, 1993",PRIVATE
,,,,,GO LTF,"Dec 02, 1993",PRIVATE
T4426,Female,"Nov 14, 1993",T4065,"T40
30","Birth/Ha
tch","Nov 14, 1993",W PALM BE
,,,,,Transfer,"Dec 02, 1993",PRIVATE
,,,,,GO LTF,"Dec 02, 1993",PRIVATE
T4427,Male,"Nov 14, 1993",T4065,"T40
30","Birth/Ha
tch","Nov 14, 1993",W PALM BE
,,,,,Transfer,"Dec 02, 1993",PRIVATE
,,,,,GO LTF,"Dec 02, 1993",PRIVATE
T4429,Female,"Nov 23, 1993 +/-
6 month",UND,UND,Birth/Ha tch,"Nov 23, 1993 +/-
6 month",Undetermined
,,,,,Transfer,Undetermined,PRIVATE
,,,,,Transfer,"Nov 22, 1997",DICKERSON
,,,,,Transfer,"May 18, 2000",LITTLEROC
,,,,,Death,"Jan 09, 2013",LITTLEROC
T4432,Male,"Nov 29, 1993",T3913,T42 86,Birth/Ha tch,"Nov 29, 1993",TAUTPHAUS
,,,,,Transfer,"Mar 18, 1994",BROUSSARD
,,,,,GO LTF,"Mar 18, 1994",BROUSSARD
T4434,Female,"Jan 16, 1994",T4282,"T43
28","Birth/Ha
tch","Jan 16, 1994",W PALM BE
,,,,,Death,"Jan 16, 1994",W PALM BE
T4435,Male,"Jan 16, 1994",T4282,"T43
28","Birth/Ha
tch","Jan 16, 1994",W PALM BE
,,,,,Transfer,"Jan 28, 1994",PRIVATE
,,,,,GO LTF,"Jan 28, 1994",PRIVATE
T4436,Male,"Feb 11, 1994",T4148,T41 22,Birth/Ha tch,"Feb 11, 1994",OMAHA
,,,,,Transfer,"May 22, 1997",DES MOINE
,,,,,Transfer,"Sep 24, 1997",OMAHA
,,,,,Transfer,"Mar 24, 1998",ERIE
,,,,,Death,"Jul 06, 2008",ERIE
T4437,Female,"Feb 11, 1994",T4148,"T41
22","Birth/Ha
tch","Feb 11, 1994",OMAHA
,,,,,Death,"Apr 14, 2014",OMAHA
T4438,Female,"Feb 11, 1994",T4148,"T41
22","Birth/Ha
tch","Feb 11, 1994",OMAHA
,,,,,Death,"Feb 06, 2001",OMAHA
T4447,Male,"Jun 18, 1994",T4175,"T41
74","Birth/Ha
tch","Jun 18, 1994",RACINE
,,,,,Transfer,"Mar 22, 1995",PRIVATE
,,,,,GO LTF,"Mar 22, 1995",PRIVATE
T4448,Male,"Jun 18, 1994",T4175,T41 74,Birth/Ha tch,"Jun 18, 1994",RACINE
,,,,,Transfer,"Mar 22, 1995",PRIVATE
,,,,,GO LTF,"Mar 22, 1995",PRIVATE
T4449,Female,"Jun 18, 1994",T4175,"T41
74","Birth/Ha
tch","Jun 18, 1994",RACINE
,,,,,Transfer,"Mar 16, 2007",MEMPHIS
,,,,,Death,"Mar 12, 2015",MEMPHIS
T4451,Female,"Jul 01, 1994 +/- 6 month",UND,UND,Birth/Ha tch,"Jul 01, 1994 +/- 6 month",Undetermined
,,,,,Transfer,Undetermined,PRIVATE
,,,,,Transfer,"Jun 30, 1997",EVANSVLLE
,,,,,Death,"Nov 21, 2013",EVANSVLLE
T4452,Female,"Aug 15, 1994 +/- 1 day",UND,UND,"Birth/Ha
tch","Aug 15, 1994 +/- 1 day",Undetermined
,,,,,Transfer,Undetermined,PRIVATE
,,,,,Transfer,"Jan 01, 1995 +/- 15 day",BOISE
,,,,,Transfer,"Feb 14, 1995",PRIVATE
,,,,,GO LTF,"Feb 14, 1995",PRIVATE
T4459,Female,"Sep 06, 1994",UND,UND,"Birth/Ha
tch","Sep 06, 1994",PRIVATE
,,,,,Transfer,Undetermined,PRIVATE
,,,,,Transfer,"Jun 13, 1997",BROWNSVIL
,,,,,Death,"Feb 14, 2008",BROWNSVIL
T4463,Male,"Sep 25, 1994 +/- 15 day",UND,UND,"Birth/Ha
tch","Sep 25, 1994 +/- 15 day",Undetermined
,,,,,Transfer,Undetermined,PRIVATE
,,,,,Transfer,"Jun 26, 1995",ALEXANDRI
,,,,,Transfer,"Nov 12, 2002",TALLAHASE
,,,,,Transfer,"Apr 29, 2003",ALEXANDRI
,,,,,Death,"Dec 04, 2012",ALEXANDRI
T4465,Female,"Oct 15, 1994",UND,"T40
66","Birth/Ha
tch","Oct 15, 1994",W PALM BE
,,,,,Death,"Oct 20, 1994",W PALM BE
T4466,Female,"Oct 15, 1994",UND,"T40
66","Birth/Ha
tch","Oct 15, 1994",W PALM BE
,,,,,Death,"Oct 20, 1994",W PALM BE
T4467,Male,"Oct 15, 1994",UND,T40 66,Birth/Ha tch,"Oct 15, 1994",W PALM BE
,,,,,Death,"Oct 20, 1994",W PALM BE
T4468,Male,"Oct 15, 1994",UND,T40 66,Birth/Ha tch,"Oct 15, 1994",W PALM BE
,,,,,Death,"Oct 20, 1994",W PALM BE
T4471,Female,"Nov 23, 1994 +/-
6 month",UND,UND,Birth/Ha tch,"Nov 23, 1994 +/-
6 month",Undetermined
,,,,,Transfer,Undetermined,PRIVATE
,,,,,Transfer,"Nov 22, 1997",DICKERSON
,,,,,Transfer,"May 14, 2000",LITTLEROC
,,,,,Death,"Oct 23, 2016",LITTLEROC
T4474,Male,"Dec 21, 1994",T4379,"T43
36","Birth/Ha
tch","Dec 21, 1994",W PALM BE
,,,,,Transfer,"Jan 16, 1995",PRIVATE
,,,,,GO LTF,"Jan 16, 1995",PRIVATE
T4475,Male,"Dec 21, 1994",T4379,"T43
36","Birth/Ha
tch","Dec 21, 1994",W PALM BE
,,,,,Death,"Dec 21, 1994",W PALM BE
T4476,Female,"Dec 21, 1994",T4379,"T43
36","Birth/Ha
tch","Dec 21, 1994",W PALM BE
,,,,,Death,"Dec 21, 1994",W PALM BE
T4477,Female,"Dec 21, 1994",T4379,"T43
36","Birth/Ha
tch","Dec 21, 1994",W PALM BE
,,,,,Transfer,"Jan 09, 1995",SLAUGHTER
,,,,,GO LTF,"Jan 09, 1995",SLAUGHTER
T4478,Female,"Jan 01, 1995",UND,UND,Birth/Ha tch,"Jan 01, 1995",PRIVATE
,,,,,Transfer,"Aug 01, 2000",WINSTON
,,,,,Death,"Sep 30, 2000",WINSTON
T4479,"Undeter
mined","Jan 09, 1995",T4379,"T40
30","Birth/Ha
tch","Jan 09, 1995",W PALM BE
,,,,,Death,"Jan 09, 1995",W PALM BE
T4480,Male,"Jan 09, 1995",T4379,"T40
30","Birth/Ha
tch","Jan 09, 1995",W PALM BE
,,,,,Transfer,"Feb 28, 1995",JACKSONVL
,,,,,Transfer,"Jun 13, 1995",W PALM BE
,,,,,Death,"Apr 12, 1996",W PALM BE
T4481,Female,"Jan 11, 1995 +/- 15 day",UND,UND,"Birth/Ha
tch","Jan 11, 1995 +/- 15 day",PRIVATE
,,,,,Transfer,"Oct 12, 1995",ALEXANDRI
,,,,,Transfer,"Nov 12, 2002",TALLAHASE
,,,,,Transfer,"Apr 29, 2003",ALEXANDRI
,,,,,Death,"Jun 01, 2014 +/- 15 day",ALEXANDRI
T4492,Female,"May 09, 1995",UND,"T40
66","Birth/Ha
tch","May 09, 1995",W PALM BE
,,,,,Transfer,"May 25, 1995",PRIVATE
,,,,,GO LTF,"May 25, 1995",PRIVATE
T4493,Female,"May 09, 1995",UND,"T40
66","Birth/Ha
tch","May 09, 1995",W PALM BE
,,,,,Transfer,"May 25, 1995",PRIVATE
,,,,,GO LTF,"May 25, 1995",PRIVATE
T4494,Male,"May 18, 1995",UND,"T40
30","Birth/Ha
tch","May 18, 1995",W PALM BE
,,,,,Transfer,"May 25, 1995",PRIVATE
,,,,,GO LTF,"May 25, 1995",PRIVATE
T4502,Male,"Aug 15, 1995",UND,UND,"Birth/Ha
tch","Aug 15, 1995",ORONO
,,,,,Transfer,"Apr 17, 1997",GRANBY
,,,,,Death,"Oct 29, 2015",GRANBY
T4513,Female,"Nov 19, 1995",T4090,"T41
33","Birth/Ha
tch","Nov 19, 1995",AALBORG
,,,,,Transfer,"Apr 23, 1997",CALGARY
,,,,,Death,"Jan 01, 2011 +/-
6 month",CALGARY
T4514,Female,"Nov 19, 1995",T4090,"T41
33","Birth/Ha
tch","Nov 19, 1995",AALBORG
,,,,,Transfer,"Apr 23, 1997",CALGARY
,,,,,Death,"Nov 14, 2017",CALGARY
T4520,Female,"Dec 07, 1995",UND,"T40
34","Birth/Ha
tch","Dec 07, 1995",W PALM BE
,,,,,Transfer,"Apr 14, 1996",PRIVATE
,,,,,GO LTF,"Apr 14, 1996",PRIVATE
T4521,Male,"Dec 08, 1995",T4090,T41 34,Birth/Ha tch,"Dec 08, 1995",AALBORG
,,,,,Transfer,"Apr 23, 1997",CALGARY
,,,,,Death,"Feb 22, 2012 +/- 15 day",CALGARY
T4522,Female,"Dec 08, 1995",T4090,T41 34,Birth/Ha tch,"Dec 08, 1995",AALBORG
,,,,,Transfer,"Apr 23, 1997",CALGARY
,,,,,Death,"Oct 01, 2015",CALGARY
T4528,Male,"Jan 01, 1996 +/- 1 day",UND,UND,"Birth/Ha
tch","Jan 01, 1996 +/- 1 day",Undetermined
,,,,,Transfer,Undetermined,MONTGOMRY
,,,,,Transfer,"Mar 11, 1999",DES MOINE
,,,,,Death,"Mar 28, 2012",DES MOINE
T4529,Male,"Jan 03, 1996",T4310,T43 68,Birth/Ha tch,"Jan 03, 1996",ST PAUL
,,,,,Death,"Jan 03, 1996",ST PAUL
T4530,Undeter mined,"Jan 05, 1996",T4310,T43 68,Birth/Ha tch,"Jan 05, 1996",ST PAUL
,,,,,Death,"Jan 05, 1996",ST PAUL
T4531,"Undeter
mined","Jan 06, 1996",T4310,"T43
68","Birth/Ha
tch","Jan 06, 1996",ST PAUL
,,,,,Death,"Jan 06, 1996",ST PAUL
T4544,Female,Undetermined,UND,UND,"Birth/Ha
tch",Undetermined,Undetermined
,,,,,Transfer,"Dec 01, 1998",AUDUBON
,,,,,Death,"Dec 01, 1998",AUDUBON
T4556,Male,"Jun 10, 1996",UND,UND,Birth/Ha tch,"Jun 10, 1996",PRIVATE
,,,,,Transfer,Undetermined,PRIVATE
,,,,,Transfer,"Sep 16, 1996",GRANDISLE
,,,,,Transfer,"Oct 03, 1999",DISNEY AK
,,,,,Death,"May 19, 2014",DISNEY AK
T4557,Female,"Jun 14, 1996",UND,UND,Birth/Ha tch,"Jun 14, 1996",PRIVATE
,,,,,Transfer,Undetermined,PRIVATE
,,,,,Transfer,"Sep 16, 1996",GRANDISLE
,,,,,Transfer,"Oct 03, 1999",DISNEY AK
,,,,,Transfer,"Feb 17, 2016",YULEE
,,,,,Death,"Jun 20, 2018",YULEE
T4558,Female,"Jul 29, 1996",UND,UND,Birth/Ha tch,"Jul 29, 1996",PRIVATE
,,,,,Transfer,"Apr 17, 1997",GRANBY
,,,,,Death,"Oct 07, 1999",GRANBY
T4559,Female,"Aug 23, 1996 +/- 1 day",UND,UND,"Birth/Ha
tch","Aug 23, 1996 +/- 1 day",Undetermined
,,,,,Transfer,Undetermined,PRIVATE
,,,,,Transfer,"Nov 22, 1996",TOLEDO
,,,,,Transfer,"Dec 13, 1996",PRIVATE
,,,,,GO LTF,"Dec 13, 1996",PRIVATE
T4564,Male,"Oct 11, 1996",T4310,"T43
68","Birth/Ha
tch","Oct 11, 1996",ST PAUL
,,,,,Transfer,"Feb 16, 2000",PRIVATE
,,,,,GO LTF,"Feb 16, 2000",PRIVATE
T4565,Male,"Oct 11, 1996",T4310,"T43
68","Birth/Ha
tch","Oct 11, 1996",ST PAUL
,,,,,Transfer,"Apr 27, 1998",BINGHAMTO
,,,,,Transfer,"Feb 24, 2005",PRIVATE
,,,,,GO LTF,"Feb 24, 2005",PRIVATE
T4566,Male,"Oct 24, 1996 +/- 15 day",UND,UND,"Birth/Ha
tch","Oct 24, 1996 +/- 15 day",Undetermined
,,,,,Transfer,Undetermined,PRIVATE
,,,,,Transfer,"Apr 24, 1997",DETROIT
,,,,,Transfer,"Mar 15, 2004",PRIVATE
,,,,,GO LTF,"Mar 15, 2004",PRIVATE
T4568,Male,"Jan 01, 1997 +/- 15 day",UND,UND,"Birth/Ha
tch","Jan 01, 1997 +/- 15 day",Undetermined
,,,,,Transfer,Undetermined,PRIVATE
,,,,,Transfer,"Feb 02, 2004",ABQBIOPK
,,,,,Death,"Aug 10, 2015",ABQBIOPK
T4570,Female,"Jan 14, 1997 +/- 1 day",UND,UND,Birth/Ha tch,"Jan 14, 1997 +/- 1 day",Undetermined
,,,,,Transfer,Undetermined,PRIVATE
,,,,,Transfer,"Mar 11, 1999",DES MOINE
,,,,,Death,"Aug 16, 2016",DES MOINE
T4571,Female,"Jan 14, 1997 +/- 1 day",UND,UND,Birth/Ha tch,"Jan 14, 1997 +/- 1 day",Undetermined
,,,,,Transfer,Undetermined,PRIVATE
,,,,,Transfer,"Mar 11, 1999",DES MOINE
,,,,,Death,"Jun 09, 2013",DES MOINE
T4573,Female,"Feb 25, 1997 +/- 15 day",UND,UND,"Birth/Ha
tch","Feb 25, 1997 +/- 15 day",Undetermined
,,,,,Transfer,Undetermined,PRIVATE
,,,,,Transfer,"Aug 26, 1997",DETROIT
,,,,,Transfer,"Jan 24, 1999",WACO
,,,,,Death,"Dec 22, 2015",WACO
T4576,Male,"Mar 30, 1997",UND,UND,"Birth/Ha
tch","Mar 30, 1997",PRIVATE
,,,,,Transfer,Undetermined,PRIVATE
,,,,,Transfer,"Jun 02, 1998",ROLLING H
,,,,,Death,"Mar 01, 2019 +/- 15 day",ROLLING H
T4577,Male,"Mar 30, 1997",UND,UND,"Birth/Ha
tch","Mar 30, 1997",PRIVATE
,,,,,Transfer,Undetermined,PRIVATE
,,,,,Transfer,"Jun 02, 1998",ROLLING H
,,,,,Death,"Jun 01, 2016 +/- 15 day",ROLLING H
T4580,Male,"May 30, 1997 +/- 15 day",UND,UND,Birth/Ha tch,"May 30, 1997 +/- 15 day",Undetermined
,,,,,Transfer,Undetermined,PRIVATE
,,,,,Transfer,"Oct 29, 1997",DETROIT
,,,,,Transfer,"Dec 09, 1997",PRIVATE
,,,,,GO LTF,"Dec 09, 1997",PRIVATE
T4581,Female,"Jun 06, 1997",T4463,"T44
81","Birth/Ha
tch","Jun 06, 1997",ALEXANDRI
,,,,,Transfer,"Jan 15, 1998",GRANBY
,,,,,Death,"Nov 26, 2010",GRANBY
T4582,Female,"Jun 06, 1997",T4463,"T44
81","Birth/Ha
tch","Jun 06, 1997",ALEXANDRI
,,,,,Death,"Jun 08, 1997",ALEXANDRI
T4583,Female,"Jun 06, 1997",T4463,"T44
81","Birth/Ha
tch","Jun 06, 1997",ALEXANDRI
,,,,,Transfer,"Jan 15, 1998",GRANBY
,,,,,Transfer,"Jun 06, 2001",BOWMANVIL
,,,,,Transfer,"Nov 08, 2002",GRANBY
,,,,,Death,"Dec 21, 2015",GRANBY
T4584,Female,"Jun 11, 1997 +/- 15 day",UND,UND,Birth/Ha tch,"Jun 11, 1997 +/- 15 day",PRIVATE
,,,,,Transfer,"Sep 10, 1997",JNGLARY F
,,,,,Death,"Dec 31, 2016",JNGLARY F
T4585,Male,"Jun 23, 1997 +/- 1 day",UND,UND,"Birth/Ha
tch","Jun 23, 1997 +/- 1 day",PRIVATE
,,,,,Transfer,"Sep 16, 1997",JNGLARY F
,,,,,Death,"Dec 31, 2013",JNGLARY F
T4586,Female,"Jun 25, 1997 +/- 15 day",UND,UND,"Birth/Ha
tch","Jun 25, 1997 +/- 15 day",Undetermined
,,,,,Transfer,Undetermined,PRIVATE
,,,,,Transfer,"Sep 24, 1997",DETROIT
,,,,,Transfer,"Dec 09, 1997",PRIVATE
,,,,,GO LTF,"Dec 09, 1997",PRIVATE
T4587,Male,"Jun 29, 1997",UND,UND,"Birth/Ha
tch","Jun 29, 1997",PRIVATE
,,,,,Transfer,Undetermined,PRIVATE
,,,,,Transfer,"Sep 11, 1997",DETROIT
,,,,,Transfer,"Dec 09, 1997",PRIVATE
,,,,,GO LTF,"Dec 09, 1997",PRIVATE
T4588,Female,"Jul 01, 1997 +/- 6 month",UND,UND,"Birth/Ha
tch","Jul 01, 1997 +/- 6 month",Undetermined
,,,,,Transfer,Undetermined,PRIVATE
,,,,,Transfer,"Jan 16, 2003",DETROIT
,,,,,Transfer,"Mar 15, 2004",PRIVATE
,,,,,GO LTF,"Mar 15, 2004",PRIVATE
T4590,Female,Undetermined,UND,UND,"Birth/Ha
tch",Undetermined,Undetermined
,,,,,Transfer,Undetermined,PRIVATE
,,,,,Transfer,"Aug 02, 1997",TOLEDO
,,,,,Transfer,"Aug 09, 1997",PRIVATE
,,,,,GO LTF,"Aug 09, 1997",PRIVATE
T4591,Female,Undetermined,UND,UND,Birth/Ha tch,Undetermined,Undetermined
,,,,,Transfer,Undetermined,PRIVATE
,,,,,Transfer,"Aug 02, 1997",TOLEDO
,,,,,Transfer,"Aug 09, 1997",PRIVATE
,,,,,GO LTF,"Aug 09, 1997",PRIVATE
T4599,Female,"Oct 06, 1997",T4463,"T44
81","Birth/Ha
tch","Oct 06, 1997",ALEXANDRI
,,,,,Transfer,"Aug 11, 1998",BATONROUG
,,,,,Transfer,"Mar 13, 2008",ALEXANDRI
,,,,,Death,"Nov 17, 2009",ALEXANDRI
T4600,Male,"Oct 11, 1997",T5053,77,"Birth/Ha
tch","Oct 11, 1997",STUKENBRO
,,,,,Transfer,Undetermined,SIRO INC
,,,,,Transfer,"Feb 03, 1998",CINCINNAT
,,,,,Death,"Mar 31, 2015",CINCINNAT
T4601,Male,"Nov 02, 1997",T4391,"T43
01","Birth/Ha
tch","Nov 02, 1997",PANAMACT
,,,,,Transfer,"Dec 18, 1998",CLEVELAND
,,,,,Death,"Apr 11, 2015",CLEVELAND
T4605,Male,"Nov 03, 1997",UND,UND,"Birth/Ha
tch","Nov 03, 1997",PRIVATE
,,,,,Transfer,Undetermined,PRIVATE
,,,,,Transfer,"Dec 08, 1997",W PALM BE
,,,,,Transfer,"Jun 05, 2002",CAPE MAY
,,,,,Death,"May 01, 2014 +/- 15 day",CAPE MAY
T4606,Female,"Nov 03, 1997",UND,UND,"Birth/Ha
tch","Nov 03, 1997",PRIVATE
,,,,,Transfer,Undetermined,PRIVATE
,,,,,Transfer,"Dec 08, 1997",W PALM BE
,,,,,Death,"Oct 08, 1998",W PALM BE
T4607,Male,"Nov 04, 1997",T5053,67,"Birth/Ha
tch","Nov 04, 1997",STUKENBRO
,,,,,Transfer,Undetermined,SIRO INC
,,,,,Transfer,"Feb 03, 1998",CINCINNAT
,,,,,Death,"Dec 18, 2014",CINCINNAT
T4611,Male,"Dec 17, 1997 +/- 15 day",UND,UND,Birth/Ha tch,"Dec 17, 1997 +/- 15 day",Undetermined
,,,,,Transfer,Undetermined,PRIVATE
,,,,,Transfer,"Jun 17, 1998",NASHV ZOO
,,,,,Transfer,"Sep 16, 1998",PRIVATE
,,,,,GO LTF,"Sep 16, 1998",PRIVATE
T4612,Female,"Dec 25, 1997",T5029,"T50
30","Birth/Ha
tch","Dec 25, 1997",PRIVATE
,,,,,Transfer,"Aug 12, 1998",CINCINNAT
,,,,,Death,"Mar 01, 2020 +/-
6 month",CINCINNAT
T4613,Female,"Jan 01, 1998 +/-
6 month",UND,UND,Birth/Ha tch,"Jan 01, 1998 +/-
6 month",PRIVATE
,,,,,Transfer,"Aug 01, 2000",WINSTON
,,,,,Death,"Aug 21, 2002",WINSTON
T4614,Female,"Jan 01, 1998 +/- 3 year",UND,"T43
73","Birth/Ha
tch","Jan 01, 1998 +/- 3 year",PRIVATE
,,,,,Transfer,"Oct 28, 2000",LOUISVILL
,,,,,Death,"Jan 30, 2019",LOUISVILL
T4615,Female,"Jan 01, 1998 +/- 3 year",UND,T43 73,Birth/Ha tch,"Jan 01, 1998 +/- 3 year",PRIVATE
,,,,,Transfer,"Oct 28, 2000",LOUISVILL
,,,,,Death,"May 13, 2012",LOUISVILL
T4617,Female,"Jan 30, 1998",T4391,"T40
79","Birth/Ha
tch","Jan 30, 1998",PANAMACT
,,,,,Transfer,"Dec 18, 1998",CLEVELAND
,,,,,Death,"Apr 05, 2012",CLEVELAND
T4622,Male,"Feb 09, 1998",T4463,"T44
81","Birth/Ha
tch","Feb 09, 1998",ALEXANDRI
,,,,,Transfer,"Jul 22, 1998",PRIVATE
,,,,,GO LTF,"Jul 22, 1998",PRIVATE
T4623,Female,"Feb 09, 1998",T4463,T44 81,Birth/Ha tch,"Feb 09, 1998",ALEXANDRI
,,,,,Transfer,"Jun 26, 1998",AUDUBON
,,,,,Death,"Nov 09, 2009",AUDUBON
T4624,Female,"Feb 09, 1998",T4463,T44 81,Birth/Ha tch,"Feb 09, 1998",ALEXANDRI
,,,,,Transfer,"Jun 24, 1998",AUDUBON
,,,,,Transfer,"Mar 20, 2013",AUDUB SSC
,,,,,Death,"Nov 17, 2020",AUDUB SSC
T4634,Female,"Jun 15, 1998 +/- 15 day",UND,UND,"Birth/Ha
tch","Jun 15, 1998 +/- 15 day",Undetermined
,,,,,Transfer,Undetermined,PRIVATE
,,,,,Transfer,"Sep 10, 1998",BUFFALO
,,,,,Transfer,"Oct 20, 1998",ERIE
T4640,Male,"Aug 02, 1998 +/- 1 day",UND,UND,"Birth/Ha
tch","Aug 02, 1998 +/- 1 day",Undetermined
,,,,,Transfer,Undetermined,PRIVATE
,,,,,Transfer,"May 08, 2003",ROCHESTER
,,,,,Transfer,"Oct 15, 2003",PRIVATE
,,,,,GO LTF,"Oct 15, 2003",PRIVATE
T4641,Male,"Sep 05, 1998 +/- 15 day",UND,UND,"Birth/Ha
tch","Sep 05, 1998 +/- 15 day",Undetermined
,,,,,Transfer,Undetermined,PRIVATE
,,,,,Transfer,"Oct 05, 1998",PITTSBURG
,,,,,Transfer,"Jan 05, 2005",PHOENIX
,,,,,Death,"Jul 03, 2011",PHOENIX
T4645,Female,"Sep 15, 1998 +/- 15 day",UND,UND,Birth/Ha tch,"Sep 15, 1998 +/- 15 day",Undetermined
,,,,,Transfer,Undetermined,PRIVATE
,,,,,Transfer,"Oct 05, 1998",PITTSBURG
,,,,,Transfer,"Jan 05, 2005",PHOENIX
,,,,,Death,"Mar 09, 2021",PHOENIX
T4648,Female,Undetermined,UND,UND,Birth/Ha tch,Undetermined,Undetermined
,,,,,Transfer,Undetermined,PRIVATE
,,,,,Transfer,"Oct 06, 1998",BROWNSVIL
,,,,,Death,"Sep 21, 2018",BROWNSVIL
T4649,Male,Undetermined,UND,UND,"Birth/Ha
tch",Undetermined,Undetermined
,,,,,Transfer,Undetermined,PRIVATE
,,,,,Transfer,"Oct 06, 1998",BROWNSVIL
,,,,,Death,"Jun 15, 2011 +/- 15 day",BROWNSVIL
T4658,Male,"Jan 15, 1999",T4298,117,"Birth/Ha
tch","Jan 15, 1999",TORONTO
,,,,,Death,"Jan 18, 1999",TORONTO
T4662,Female,"Apr 11, 1999",UND,UND,"Birth/Ha
tch","Apr 11, 1999",PRIVATE
,,,,,Transfer,Undetermined,PRIVATE
,,,,,Transfer,"Aug 14, 2000",DICKERSON
,,,,,Death,"Nov 06, 2003",DICKERSON
T4667,Male,"Jun 14, 1999",T4298,117,"Birth/Ha
tch","Jun 14, 1999",TORONTO
,,,,,Death,"Jul 09, 1999",TORONTO
T4668,Male,"Jun 14, 1999",T4298,117,"Birth/Ha
tch","Jun 14, 1999",TORONTO
,,,,,Death,"Jul 09, 1999",TORONTO
T4669,Male,"Jun 14, 1999",T4298,117,"Birth/Ha
tch","Jun 14, 1999",TORONTO
,,,,,Transfer,"Oct 10, 2000",HEMMINGFD
,,,,,Transfer,"Jun 01, 2003",HEMMINGFD
,,,,,GO LTF,"Jun 01, 2003",HEMMINGFD
T4682,Male,"Jan 06, 2000",T4310,"T43
68","Birth/Ha
tch","Jan 06, 2000",ST PAUL
,,,,,Transfer,"Jul 17, 2003",DICKERSON
,,,,,Transfer,"Sep 28, 2005",LOUISVILL
,,,,,Death,"Nov 08, 2017",LOUISVILL
T4683,Female,"Jan 06, 2000",T4310,T43 68,Birth/Ha tch,"Jan 06, 2000",ST PAUL
,,,,,Death,"Mar 14, 2019",ST PAUL
T4684,Female,"Feb 27, 2000 +/- 15 day",UND,UND,"Birth/Ha
tch","Feb 27, 2000 +/- 15 day",Undetermined
,,,,,Transfer,Undetermined,PRIVATE
,,,,,Transfer,"Aug 03, 2000",OAKLAND
,,,,,Death,"Jun 01, 2016 +/-
6 month",OAKLAND
T4685,Male,"Feb 27, 2000 +/- 15 day",UND,UND,Birth/Ha tch,"Feb 27, 2000 +/- 15 day",Undetermined
,,,,,Transfer,Undetermined,PRIVATE
,,,,,Transfer,"Aug 03, 2000",OAKLAND
,,,,,Death,"Aug 14, 2019",OAKLAND
T4689,Female,"Apr 04, 2000",T4502,"T45
81","Birth/Ha
tch","Apr 04, 2000",GRANBY
,,,,,Death,"Aug 15, 2000",GRANBY
T4690,Female,"Apr 05, 2000",T4502,"T45
81","Birth/Ha
tch","Apr 05, 2000",GRANBY
,,,,,Transfer,"Nov 29, 2000",PRIVATE
,,,,,GO LTF,"Nov 29, 2000",PRIVATE
T4691,Male,"Apr 05, 2000",T4502,T45 81,Birth/Ha tch,"Apr 05, 2000",GRANBY
,,,,,Death,"Sep 11, 2002",GRANBY
T4692,Male,"Apr 21, 2000",T3955,"T45
99","Birth/Ha
tch","Apr 21, 2000",BATONROUG
,,,,,Transfer,"Dec 18, 2000",SYRACUSE
,,,,,Death,"Jan 05, 2015",SYRACUSE
T4693,Female,"Apr 21, 2000",T3955,T45 99,Birth/Ha tch,"Apr 21, 2000",BATONROUG
,,,,,Transfer,"Dec 18, 2000",SYRACUSE
,,,,,Death,"Oct 16, 2014",SYRACUSE
T4694,Female,"Apr 21, 2000",T3955,"T45
99","Birth/Ha
tch","Apr 21, 2000",BATONROUG
,,,,,Transfer,"Dec 18, 2000",SYRACUSE
,,,,,Death,"Jan 15, 2018 +/- 15 day",SYRACUSE
T4695,Female,"Apr 28, 2000",T4605,"T48
32","Birth/Ha
tch","Apr 28, 2000",W PALM BE
,,,,,Death,"May 26, 2016",W PALM BE
T4696,Male,"Apr 28, 2000",T4605,T48 32,Birth/Ha tch,"Apr 28, 2000",W PALM BE
,,,,,Death,"Aug 16, 2019",W PALM BE
T4697,Female,"Apr 29, 2000",UND,UND,Birth/Ha tch,"Apr 29, 2000",W PALM BE
,,,,,Transfer,"May 12, 2001",PRIVATE
,,,,,GO LTF,"May 12, 2001",PRIVATE
T4698,Male,"May 11, 2000",T4502,T45 83,Birth/Ha tch,"May 11, 2000",GRANBY
,,,,,Death,"Dec 04, 2002",GRANBY
T4699,Female,"May 11, 2000",T4502,"T45
83","Birth/Ha
tch","May 11, 2000",GRANBY
,,,,,Transfer,"Nov 29, 2000",PRIVATE
,,,,,GO LTF,"Nov 29, 2000",PRIVATE
T4703,Female,"Jun 23, 2000 +/- 15 day",UND,UND,"Birth/Ha
tch","Jun 23, 2000 +/- 15 day",Undetermined
,,,,,Transfer,Undetermined,PRIVATE
,,,,,Transfer,"Sep 22, 2000",JNGLARY F
,,,,,Transfer,"Jun 08, 2003",PRIVATE
,,,,,GO LTF,"Jun 08, 2003",PRIVATE
T4704,Male,"Jul 14, 2000",T4298,117,"Birth/Ha
tch","Jul 14, 2000",TORONTO
,,,,,Death,"Nov 12, 2016",TORONTO
T4705,Male,"Jul 14, 2000",T4298,117,"Birth/Ha
tch","Jul 14, 2000",TORONTO
,,,,,Death,"Sep 01, 2016",TORONTO
T4708,Male,"Sep 12, 2000",T4436,T46 34,Birth/Ha tch,"Sep 12, 2000",ERIE
,,,,,Transfer,"Oct 23, 2001",SCOTTSBLU
,,,,,Death,"Dec 17, 2020",ERIE
T4709,Male,"Sep 12, 2000",T4436,"T46
34","Birth/Ha
tch","Sep 12, 2000",ERIE
,,,,,Transfer,"Oct 23, 2001",SCOTTSBLU
,,,,,Death,"Oct 12, 2015",SCOTTSBLU
T4722,Male,"Apr 01, 2001",T4600,T46 12,Birth/Ha tch,"Apr 01, 2001",CINCINNAT
,,,,,Transfer,"Feb 27, 2003",TOLEDO
,,,,,Death,"Jan 01, 2016 +/- 15 day",TOLEDO
T4723,Male,"Apr 01, 2001",T4600,"T46
12","Birth/Ha
tch","Apr 01, 2001",CINCINNAT
,,,,,Transfer,"Feb 27, 2003",TOLEDO
,,,,,Death,"Jun 26, 2015",TOLEDO
T4724,Male,"Apr 01, 2001",T4600,T46 12,Birth/Ha tch,"Apr 01, 2001",CINCINNAT
,,,,,Transfer,"Feb 27, 2003",TOLEDO
,,,,,Death,"Jul 18, 2013",TOLEDO
T4725,Female,"Apr 01, 2001",T4600,"T46
12","Birth/Ha
tch","Apr 01, 2001",CINCINNAT
,,,,,Death,"Mar 01, 2022",CINCINNAT
T4726,Female,"May 07, 2001 +/- 1 day",UND,UND,"Birth/Ha
tch","May 07, 2001 +/- 1 day",Undetermined
,,,,,Transfer,Undetermined,PRIVATE
,,,,,Transfer,"May 08, 2003",ROCHESTER
,,,,,Transfer,"Aug 22, 2003",PRIVATE
,,,,,GO LTF,"Aug 22, 2003",PRIVATE
T4727,Male,"Jun 02, 2001",T4605,"T48
23","Birth/Ha
tch","Jun 02, 2001",W PALM BE
,,,,,Death,"Feb 22, 2018",W PALM BE
T4728,Female,"Jun 02, 2001",T4605,"T48
23","Birth/Ha
tch","Jun 02, 2001",W PALM BE
,,,,,Death,"Jun 09, 2021",W PALM BE
T4735,Male,"Sep 04, 2001",T4310,T43 68,Birth/Ha tch,"Sep 04, 2001",ST PAUL
,,,,,Death,"Feb 06, 2019",ST PAUL
T4739,Male,"Dec 12, 2001",T4605,T48 25,Birth/Ha tch,"Dec 12, 2001",W PALM BE
,,,,,Transfer,"Apr 30, 2002",SOUTHBEND
,,,,,Death,"Dec 23, 2021",SOUTHBEND
T4740,Male,"Dec 12, 2001",T4605,"T48
25","Birth/Ha
tch","Dec 12, 2001",W PALM BE
,,,,,Transfer,"Apr 30, 2002",SOUTHBEND
,,,,,Death,"Nov 20, 2019 +/- 15 day",SOUTHBEND
T4741,Male,"Dec 12, 2001",T4605,T48 25,Birth/Ha tch,"Dec 12, 2001",W PALM BE
,,,,,Death,"Dec 18, 2002",W PALM BE
T4742,Female,"Dec 12, 2001",T4605,T48 25,Birth/Ha tch,"Dec 12, 2001",W PALM BE
,,,,,Death,"Mar 06, 2008",W PALM BE
T4743,Female,"Feb 24, 2002",T4310,T43 68,Birth/Ha tch,"Feb 24, 2002",ST PAUL
,,,,,Death,"Feb 27, 2002",ST PAUL
T4744,Male,"Feb 24, 2002",T4310,T43 68,Birth/Ha tch,"Feb 24, 2002",ST PAUL
,,,,,Transfer,"Feb 13, 2003",BUFFALO
,,,,,Death,"Feb 18, 2014",BUFFALO
T4745,Female,"Feb 24, 2002",T4310,"T43
68","Birth/Ha
tch","Feb 24, 2002",ST PAUL
,,,,,Transfer,"Feb 13, 2003",BUFFALO
,,,,,Death,"Oct 25, 2021",BUFFALO
T4746,Female,"Feb 24, 2002",T4310,T43 68,Birth/Ha tch,"Feb 24, 2002",ST PAUL
,,,,,Transfer,"Feb 13, 2003",BUFFALO
,,,,,Death,"Jan 18, 2021",BUFFALO
T4747,Female,"Apr 23, 2002",T4502,"T45
81","Birth/Ha
tch","Apr 23, 2002",GRANBY
T4763,"Undeter
mined","Sep 09, 2002",106,105,"Birth/Ha
tch","Sep 09, 2002",SAN FRAN
,,,,,Death,"Sep 09, 2002",SAN FRAN
T4764,Female,"Sep 09, 2002",106,105,"Birth/Ha
tch","Sep 09, 2002",SAN FRAN
,,,,,Death,"Sep 10, 2002",SAN FRAN
T4765,Female,"Sep 12, 2002",T4502,"T45
81","Birth/Ha
tch","Sep 12, 2002",GRANBY
,,,,,Transfer,"Sep 27, 2002",PRIVATE
,,,,,GO LTF,"Sep 27, 2002",PRIVATE
T4766,Female,"Sep 12, 2002",T4502,T45 81,Birth/Ha tch,"Sep 12, 2002",GRANBY
,,,,,Transfer,"Sep 27, 2002",PRIVATE
,,,,,GO LTF,"Sep 27, 2002",PRIVATE
T4767,Male,"Sep 12, 2002",T4502,"T45
81","Birth/Ha
tch","Sep 12, 2002",GRANBY
,,,,,Transfer,"Sep 27, 2002",PRIVATE
,,,,,GO LTF,"Sep 27, 2002",PRIVATE
T4768,Male,"Sep 12, 2002",T4502,T45 81,Birth/Ha tch,"Sep 12, 2002",GRANBY
,,,,,Transfer,"Sep 27, 2002",PRIVATE
,,,,,GO LTF,"Sep 27, 2002",PRIVATE
T4769,Female,"Sep 27, 2002",106,105,"Birth/Ha
tch","Sep 27, 2002",SAN FRAN
,,,,,Death,"Sep 27, 2002",SAN FRAN
T4770,Female,"Sep 27, 2002",106,105,"Birth/Ha
tch","Sep 27, 2002",SAN FRAN
,,,,,Death,"Sep 27, 2002",SAN FRAN
T4787,"Undeter
mined","Jul 26, 2003",221,224,"Birth/Ha
tch","Jul 26, 2003",MADISON
,,,,,Death,"Jul 26, 2003",MADISON
T4793,Female,"Oct 15, 1995",UND,UND,"Birth/Ha
tch","Oct 15, 1995",Undetermined
,,,,,Transfer,Undetermined,PRIVATE
,,,,,Transfer,"Mar 16, 2004",LUFKIN
,,,,,Transfer,"Nov 06, 2011",ABQBIOPK
,,,,,Death,"Oct 09, 2015",ABQBIOPK
T4807,Male,"Jul 01, 2001 +/- 1 day",UND,UND,Birth/Ha tch,"Jul 01, 2001 +/- 1 day",THURMONT
,,,,,Transfer,"Dec 22, 2004",GREENVISC
,,,,,Transfer,"Nov 10, 2007",GREENVISC
,,,,,Transfer,"Nov 19, 2010",THURMONT
,,,,,GO LTF,"Nov 19, 2019",THURMONT
T4808,Female,"Jul 01, 2001 +/- 1 day",UND,UND,Birth/Ha tch,"Jul 01, 2001 +/- 1 day",THURMONT
,,,,,Transfer,"Dec 22, 2004",GREENVISC
,,,,,Transfer,"Nov 10, 2007",GREENVISC
,,,,,Transfer,"Nov 19, 2010",THURMONT
,,,,,GO LTF,"~>Nov 19, 2011",THURMONT
T4823,Female,"May 17, 1997",UND,UND,Birth/Ha tch,"May 17, 1997",PRIVATE
,,,,,Transfer,Undetermined,PRIVATE
,,,,,Transfer,"Jun 04, 1997",W PALM BE
,,,,,Death,"Jan 01, 2018 +/-
6 month",W PALM BE
T4824,Female,"Jun 09, 1997",UND,UND,"Birth/Ha
tch","Jun 09, 1997",PRIVATE
,,,,,Transfer,"Aug 25, 1997",W PALM BE
,,,,,Death,"Jan 12, 2017",W PALM BE
T4825,Female,"May 17, 1997",UND,UND,"Birth/Ha
tch","May 17, 1997",PRIVATE
,,,,,Transfer,Undetermined,PRIVATE
,,,,,Transfer,"Jun 04, 1997",W PALM BE
,,,,,Death,"Jan 01, 2018 +/-
6 month",W PALM BE
T4828,Male,"Dec 05, 2004",84,124,Birth/Ha tch,"Dec 05, 2004",CHICAGOLP
,,,,,Death,"Dec 07, 2004",CHICAGOLP
T4829,Male,"Apr 28, 2000",T4605,"T48
32","Birth/Ha
tch","Apr 28, 2000",W PALM BE
,,,,,Death,"Jul 25, 2012",W PALM BE
T4830,Female,"Jun 02, 2001",T4605,"T48
23","Birth/Ha
tch","Jun 02, 2001",W PALM BE
,,,,,Death,"Jun 09, 2021",W PALM BE
T4831,Female,"Oct 03, 1996",UND,UND,"Birth/Ha
tch","Oct 03, 1996",PRIVATE
,,,,,Transfer,Undetermined,PRIVATE
,,,,,Transfer,"Feb 22, 1997",W PALM BE
,,,,,Death,"Feb 09, 2017",W PALM BE
T4832,Female,"Oct 03, 1996",UND,UND,"Birth/Ha
tch","Oct 03, 1996",PRIVATE
,,,,,Transfer,Undetermined,PRIVATE
,,,,,Transfer,"Feb 22, 1997",W PALM BE
,,,,,Death,"Apr 01, 2014 +/-
6 month",W PALM BE
T4833,Female,"Jun 09, 1997",UND,UND,Birth/Ha tch,"Jun 09, 1997",PRIVATE
,,,,,Transfer,Undetermined,PRIVATE
,,,,,Transfer,"Aug 25, 1997",W PALM BE
,,,,,Death,"Jan 10, 2020",W PALM BE
T4834,Female,"Mar 10, 1997",UND,UND,"Birth/Ha
tch","Mar 10, 1997",PRIVATE
,,,,,Transfer,Undetermined,PRIVATE
,,,,,Transfer,"Aug 22, 1997",W PALM BE
,,,,,Death,"Oct 20, 2017",W PALM BE
T4844,Male,"Aug 30, 2003",UND,UND,"Birth/Ha
tch","Aug 30, 2003",PRIVATE
,,,,,Transfer,"May 05, 2005",COLO SPRG
,,,,,Transfer,"Sep 10, 2005",PRIVATE
,,,,,GO LTF,"Sep 10, 2005",PRIVATE
T4845,Male,"Aug 30, 2003",UND,UND,Birth/Ha tch,"Aug 30, 2003",PRIVATE
,,,,,Transfer,"May 05, 2005",COLO SPRG
,,,,,Transfer,"Sep 10, 2005",PRIVATE
,,,,,GO LTF,"Sep 10, 2005",PRIVATE
T4862,Female,"Nov 01, 2004",142,143,"Birth/Ha
tch","Nov 01, 2004",CHAMBERSK
,,,,,Transfer,"Jul 15, 2005",ATTLEBORO
T4863,Female,"Nov 01, 2004",142,143,"Birth/Ha
tch","Nov 01, 2004",CHAMBERSK
,,,,,Transfer,"Jul 15, 2005",ATTLEBORO
,,,,,Death,"Aug 13, 2020",ATTLEBORO
T4895,Male,"Sep 11, 1998",UND,UND,"Birth/Ha
tch","Sep 11, 1998",Undetermined
,,,,,Transfer,"Jan 01, 1999 +/-
6 month",TWAS
,,,,,Transfer,"Oct 09, 2006",HOUSTON
,,,,,Death,"Sep 14, 2016",HOUSTON
T4896,Female,"Jun 27, 1994",UND,UND,"Birth/Ha
tch","Jun 27, 1994",PRIVATE
,,,,,Transfer,"Jul 11, 1994",BUSCH TAM
,,,,,Death,"Jul 15, 2010",BUSCH TAM
T4897,Male,"Jan 01, 1989 +/-
6 month",UND,UND,Birth/Ha tch,"Jan 01, 1989 +/-
6 month",Undetermined
,,,,,Transfer,Undetermined,CHAMBERSK
,,,,,Transfer,"Dec 09, 1997",BUSCH TAM
,,,,,Death,"Sep 17, 2008",BUSCH TAM
T5000,Male,"Jul 01, 2006",UND,UND,"Birth/Ha
tch","Jul 01, 2006",PRIVATE
,,,,,Transfer,"Apr 01, 2012",ATTLEBORO
T5001,Female,"Nov 01, 2000 +/- 15 day",UND,UND,Birth/Ha tch,"Nov 01, 2000 +/- 15 day",Undetermined
,,,,,Transfer,"Jan 01, 2005 +/-
6 month",TWAS
,,,,,Transfer,"Sep 24, 2008",BOISE
T5002,Female,"Nov 01, 2001 +/- 15 day",UND,UND,Birth/Ha tch,"Nov 01, 2001 +/- 15 day",Undetermined
,,,,,Transfer,"Jan 01, 2005 +/-
6 month",TWAS
,,,,,Transfer,"Sep 24, 2008",BOISE
,,,,,Death,"Apr 20, 2021",BOISE
T5003,Male,"Nov 01, 2002 +/- 15 day",UND,UND,"Birth/Ha
tch","Nov 01, 2002 +/- 15 day",Undetermined
,,,,,Transfer,"Jan 01, 2005 +/-
6 month",TWAS
,,,,,Transfer,"Sep 24, 2008",BOISE
,,,,,Death,"Jan 04, 2017",BOISE
T5004,Male,"Nov 26, 2008",T5000,"T48
62","Birth/Ha
tch","Nov 26, 2008",ATTLEBORO
,,,,,Transfer,"May 27, 2009",PRIVATE
,,,,,Transfer,"Mar 29, 2010",CHAMBERSK
T5005,Male,"Mar 15, 2006",UND,UND,"Birth/Ha
tch","Mar 15, 2006",NESHKORO
,,,,,Transfer,"Jan 10, 2007",BUSCH TAM
T5006,Female,"Aug 15, 2006",UND,UND,"Birth/Ha
tch","Aug 15, 2006",NESHKORO
,,,,,Transfer,"Jan 10, 2007",BUSCH TAM
T5007,Female,"Aug 15, 2006",UND,UND,Birth/Ha tch,"Aug 15, 2006",NESHKORO
,,,,,Transfer,"Jan 10, 2007",BUSCH TAM
T5024,Female,Undetermined,UND,UND,Birth/Ha tch,Undetermined,CRANDONPK
,,,,,Transfer,Undetermined,METROZOO
,,,,,Transfer,Undetermined,METROZOO
,,,,,GO LTF,Undetermined,METROZOO
T5025,Male,Undetermined,UND,UND,"Birth/Ha
tch",Undetermined,Undetermined
,,,,,Transfer,Undetermined,SAN FRAN
,,,,,Transfer,Undetermined,SAN FRAN
,,,,,GO LTF,Undetermined,SAN FRAN
T5026,Male,"Jan 01, 2000 +/-
6 month",UND,UND,"Birth/Ha
tch","Jan 01, 2000 +/-
6 month",PRIVATE
,,,,,Transfer,"Apr 02, 2009",DETROIT
,,,,,Death,"Jun 30, 2012",DETROIT
T5027,Female,"Jan 01, 2001 +/-
6 month",UND,UND,"Birth/Ha
tch","Jan 01, 2001 +/-
6 month",PRIVATE
,,,,,Transfer,"Apr 02, 2009",DETROIT
,,,,,Death,"Dec 23, 2021",DETROIT
T5028,Female,"Jan 01, 2001 +/-
6 month",UND,UND,"Birth/Ha
tch","Jan 01, 2001 +/-
6 month",PRIVATE
,,,,,Transfer,"Apr 02, 2009",DETROIT
,,,,,Death,"May 11, 2012",DETROIT
T5033,Male,"May 18, 1971",UND,UND,"Birth/Ha
tch","May 18, 1971",TUCSON
,,,,,Transfer,"May 20, 1971",SD-WAP
,,,,,Transfer,"Jun 14, 1977",PRIVATE
,,,,,GO LTF,"Jun 14, 1977",PRIVATE
T5035,Male,"Sep 15, 2007 +/- 1 day",UND,UND,"Birth/Ha
tch","Sep 15, 2007 +/- 1 day",PRIVATE
,,,,,Transfer,"Apr 30, 2008",GOVT QUEB
,,,,,Transfer,"May 01, 2008",GRANBY
,,,,,Transfer,"May 02, 2011",ALDERGROV
T5036,Female,"Dec 10, 1987",UND,UND,Birth/Ha tch,"Dec 10, 1987",PUEBLA
,,,,,GO LTF,"Dec 10, 1987",PUEBLA
T5037,Female,"Sep 16, 1986",UND,UND,Birth/Ha tch,"Sep 16, 1986",PUEBLA
,,,,,GO LTF,"Sep 16, 1986",PUEBLA
T5038,Female,"Feb 15, 1987",UND,UND,"Birth/Ha
tch","Feb 15, 1987",PUEBLA
,,,,,GO LTF,"Feb 15, 1987",PUEBLA
T5039,Female,"Dec 10, 1987",UND,UND,"Birth/Ha
tch","Dec 10, 1987",PUEBLA
,,,,,GO LTF,"Dec 10, 1987",PUEBLA
T5040,Female,"Dec 10, 1987",UND,UND,"Birth/Ha
tch","Dec 10, 1987",PUEBLA
,,,,,GO LTF,"Dec 10, 1987",PUEBLA
T5041,Male,"Sep 07, 2006",UND,UND,"Birth/Ha
tch","Sep 07, 2006","TLAXCALA: Invalid
use of GeoRef"
,,,,,Transfer,"Mar 20, 2009",PUEBLA
T5042,Female,"Jan 01, 2004 +/-
6 month",UND,UND,Birth/Ha tch,"Jan 01, 2004 +/-
6 month",ZOOFARI
,,,,,Transfer,"Nov 10, 2009",PUEBLA
,,,,,Death,"Feb 05, 2019",PUEBLA
T5043,Male,"Jan 01, 1950 +/-
6 month",UND,UND,"Birth/Ha
tch","Jan 01, 1950 +/-
6 month",COLO SPRG
,,,,,Transfer,"Jul 01, 1953",COLO SPRG
,,,,,GO LTF,"Jul 01, 1953",COLO SPRG
T5044,Female,"Jan 01, 1950 +/-
6 month",UND,UND,"Birth/Ha
tch","Jan 01, 1950 +/-
6 month",COLO SPRG
,,,,,Transfer,"Jul 01, 1953 +/- 6 month",COLO SPRG
,,,,,GO LTF,"Jul 01, 1953 +/- 6 month",COLO SPRG
T5045,Female,Undetermined,UND,UND,"Birth/Ha
tch",Undetermined,W PALM BE
,,,,,Transfer,"Jan 01, 1975 +/-
6 month",W PALM BE
,,,,,GO LTF,"Jan 01, 1975 +/-
6 month",W PALM BE
T5046,Female,Undetermined,UND,UND,Birth/Ha tch,Undetermined,W PALM BE
,,,,,Transfer,"Jan 01, 1976 +/-
6 month",W PALM BE
,,,,,GO LTF,"Jan 01, 1976 +/-
6 month",W PALM BE
T5047,Female,Undetermined,UND,UND,"Birth/Ha
tch",Undetermined,W PALM BE
,,,,,Transfer,"Jan 01, 1975 +/-
6 month",W PALM BE
,,,,,GO LTF,"Jan 01, 1975 +/-
6 month",W PALM BE
T5048,Female,"Jan 01, 1971 +/-
6 month",UND,UND,"Birth/Ha
tch","Jan 01, 1971 +/-
6 month",Undetermined
,,,,,Transfer,"Jan 01, 1972 +/-
6 month",AUDUBON
,,,,,Transfer,"Feb 10, 1973",WINSTON
,,,,,Death,"Feb 05, 1975",WINSTON
T5049,Female,"Mar 16, 1972",UND,T18 80,Birth/Ha tch,"Mar 16, 1972",BUSCH TAM
,,,,,Death,"Jul 25, 1985",BUSCH TAM
T5050,Female,"Mar 16, 1972",UND,T18 80,Birth/Ha tch,"Mar 16, 1972",BUSCH TAM
,,,,,Transfer,"Feb 26, 1988",MT ULLA
,,,,,GO LTF,"Feb 26, 1988",MT ULLA
T5051,Female,Undetermined,UND,UND,"Birth/Ha
tch",Undetermined,W PALM BE
,,,,,Transfer,"Jan 01, 1985 +/-
6 month",W PALM BE
,,,,,GO LTF,"Jan 01, 1985 +/-
6 month",W PALM BE
T5052,Female,Undetermined,UND,UND,Birth/Ha tch,Undetermined,W PALM BE
,,,,,Transfer,"Jan 01, 1985 +/-
6 month",W PALM BE
,,,,,GO LTF,"Jan 01, 1985 +/-
6 month",W PALM BE
T5054,Male,Undetermined,UND,UND,Birth/Ha tch,Undetermined,SAN FRAN
,,,,,Transfer,"Jan 01, 1955 +/-
6 month",SAN FRAN
,,,,,GO LTF,"Jan 01, 1955 +/-
6 month",SAN FRAN
T5055,Male,Undetermined,UND,UND,"Birth/Ha
tch",Undetermined,COLO SPRG
,,,,,Transfer,"Jan 01, 1960 +/-
6 month",COLO SPRG
,,,,,GO LTF,"Jan 01, 1960 +/-
6 month",COLO SPRG
T5056,Male,"Jul 01, 1961 +/- 6 month",WILD,"WIL
D","Birth/Ha
tch","Jul 01, 1961 +/- 6 month",Africa
,,,,,"Wild
Capture","Jan 01, 1962 +/-
6 month",Africa
,,,,,Transfer,"Jul 01, 1962 +/- 6 month",W PALM BE
,,,,,Transfer,"Aug 30, 1972",WINSTON
,,,,,Death,"Apr 30, 1981",WINSTON
T5057,Female,"Jan 01, 2004 +/- 15 day",UND,UND,Birth/Ha tch,"Jan 01, 2004 +/- 15 day",Undetermined
,,,,,Transfer,"Jan 01, 2005 +/-
6 month",PRIVATE
,,,,,Transfer,"Jul 10, 2012",CLEVELAND
T5058,Female,"May 01, 2005 +/- 15 day",UND,UND,Birth/Ha tch,"May 01, 2005 +/- 15 day",Undetermined
,,,,,Transfer,"Jan 01, 2006 +/-
6 month",PRIVATE
,,,,,Transfer,"Jul 10, 2012",CLEVELAND
T5059,Male,"Sep 21, 2007",UND,UND,Birth/Ha tch,"Sep 21, 2007",PRIVATE
,,,,,Transfer,"Feb 19, 2008",DULUTH
,,,,,Death,"Apr 20, 2022",DULUTH
T5060,Female,"Sep 21, 2007",UND,UND,"Birth/Ha
tch","Sep 21, 2007",PRIVATE
,,,,,Transfer,"Feb 19, 2008",DULUTH
T5061,Female,"Sep 21, 2007",UND,UND,Birth/Ha tch,"Sep 21, 2007",PRIVATE
,,,,,Transfer,"Feb 18, 2008",DULUTH
T5067,Female,"Jan 01, 2004 +/-
6 month",UND,UND,Birth/Ha tch,"Jan 01, 2004 +/-
6 month",LEON
T5068,Female,"Jan 01, 2001 +/-
6 month",UND,UND,Birth/Ha tch,"Jan 01, 2001 +/-
6 month",LEON
,,,,,Death,"Sep 17, 2014",LEON
T5069,Female,"Jan 01, 2009 +/-
6 month",UND,UND,"Birth/Ha
tch","Jan 01, 2009 +/-
6 month",LEON
T5070,Male,"Jan 01, 2001 +/-
6 month",UND,UND,Birth/Ha tch,"Jan 01, 2001 +/-
6 month",LEON
T5071,Male,"Jan 01, 2010 +/-
6 month",UND,UND,Birth/Ha tch,"Jan 01, 2010 +/-
6 month",LEON
T5072,Male,"Jul 05, 2011",UND,UND,Birth/Ha tch,"Jul 05, 2011",JACKS TWP
,,,,,Transfer,"Nov 18, 2014",CAPE MAY
T5073,Female,"Jul 05, 2011",UND,UND,Birth/Ha tch,"Jul 05, 2011",JACKS TWP
,,,,,Transfer,"Nov 18, 2014",CAPE MAY
T5074,Female,"May 15, 2006 +/- 15 day",UND,UND,"Birth/Ha
tch","May 15, 2006 +/- 15 day",SEAGRAVE
,,,,,Transfer,"Apr 24, 2010",WINNIPEG
,,,,,Transfer,"May 24, 2012",SEAGRAVE
T5075,Male,"May 15, 2007 +/- 15 day",UND,UND,"Birth/Ha
tch","May 15, 2007 +/- 15 day",SEAGRAVE
,,,,,Transfer,"May 20, 2010",WINNIPEG
,,,,,Transfer,"May 24, 2012",SEAGRAVE
T5076,Male,"Mar 29, 2012",T5075,"T50
74","Birth/Ha
tch","Mar 29, 2012",WINNIPEG
,,,,,Transfer,"May 24, 2012",SEAGRAVE
T5078,Male,"Jun 21, 2011",UND,UND,"Birth/Ha
tch","Jun 21, 2011",Undetermined
,,,,,Transfer,"Jul 01, 2011 +/- 6 month",BESTER
,,,,,Transfer,"Feb 16, 2012",TORONTO
,,,,,Transfer,"Jul 24, 2012",HEMMINGFD
,,,,,Transfer,"Aug 26, 2013",ORONO
,,,,,GO LTF,"Aug 26, 2013",ORONO
T5079,Female,"May 15, 2011",UND,UND,"Birth/Ha
tch","May 15, 2011",Undetermined
,,,,,Transfer,"Jun 01, 2011 +/-
6 month",BESTER
,,,,,Transfer,"Feb 16, 2012",TORONTO
T5080,Female,"Aug 25, 2011",UND,UND,"Birth/Ha
tch","Aug 25, 2011",Undetermined
,,,,,Transfer,"Jan 01, 2012 +/-
6 month",BESTER
,,,,,Transfer,"Feb 16, 2012",TORONTO
T5081,Male,"Nov 01, 2010 +/- 15 day",UND,UND,"Birth/Ha
tch","Nov 01, 2010 +/- 15 day",Undetermined
,,,,,Transfer,"Jan 01, 2012 +/-
6 month",BESTER
,,,,,Transfer,"May 24, 2012",TORONTO
T5082,Male,"Sep 27, 2015",T5081,"T50
80","Birth/Ha
tch","Sep 27, 2015",TORONTO
,,,,,Transfer,"Feb 13, 2017",HEMMINGFD
,,,,,GO LTF,"Feb 13, 2017",HEMMINGFD
T5083,Male,"Sep 27, 2015",T5081,T50 80,Birth/Ha tch,"Sep 27, 2015",TORONTO
,,,,,Transfer,"Feb 13, 2017",HEMMINGFD
,,,,,GO LTF,"Feb 13, 2017",HEMMINGFD
T5084,Male,"Sep 27, 2015",T5081,"T50
80","Birth/Ha
tch","Sep 27, 2015",TORONTO
,,,,,Transfer,"Feb 13, 2017",HEMMINGFD
,,,,,Transfer,"Nov 12, 2019",TWAS
,,,,,GO LTF,"Nov 13, 2019",TWAS
T5085,Male,"Sep 27, 2015",T5081,"T50
80","Birth/Ha
tch","Sep 27, 2015",TORONTO
,,,,,Transfer,"Feb 13, 2017",HEMMINGFD
T5086,Male,"Jun 06, 2014",T4876,T51 95,Birth/Ha tch,"Jun 06, 2014",BOWMANVIL
,,,,,Transfer,"Mar 16, 2016",GRANBY
T5087,Female,"May 11, 2015",T4876,T51 95,Birth/Ha tch,"May 11, 2015",BOWMANVIL
,,,,,Transfer,"Mar 18, 2016",GRANBY
T5088,Male,"Jan 01, 2006",UND,UND,"Birth/Ha
tch","Jan 01, 2006",Undetermined
,,,,,Transfer,"Dec 22, 2007",CALI
,,,,,Death,"Nov 14, 2018",CALI
T5089,Female,"Jan 01, 2006",UND,UND,"Birth/Ha
tch","Jan 01, 2006",Undetermined
,,,,,Transfer,"Dec 22, 2007",CALI
T5090,Female,"Oct 24, 2008",T5088,"T50
89","Birth/Ha
tch","Oct 24, 2008",CALI
,,,,,Transfer,"Nov 13, 2009",MEDELLIN
,,,,,GO LTF,"Nov 13, 2009",MEDELLIN
T5091,Female,"Oct 24, 2008",T5088,"T50
89","Birth/Ha
tch","Oct 24, 2008",CALI
,,,,,Transfer,"Nov 13, 2009",MEDELLIN
,,,,,GO LTF,"Nov 13, 2009",MEDELLIN
T5092,Female,"Aug 11, 2011",T5088,"T50
89","Birth/Ha
tch","Aug 11, 2011",CALI
,,,,,Transfer,"Mar 05, 2012",BOGOTA
,,,,,GO LTF,"Mar 05, 2012",BOGOTA
T5093,Male,"Sep 01, 2012",T5088,T50 89,Birth/Ha tch,"Sep 01, 2012",CALI
,,,,,Transfer,"Mar 19, 2013",PRIVATE
,,,,,GO LTF,"Mar 19, 2013",PRIVATE
T5094,Female,"Jan 18, 2013",T5182,"T50
89","Birth/Ha
tch","Jan 18, 2013",CALI
T5095,Male,"Jan 18, 2013",T5088,"T50
89","Birth/Ha
tch","Jan 18, 2013",CALI
,,,,,Transfer,"Apr 28, 2015",BOGOTA
,,,,,GO LTF,"Apr 28, 2015",BOGOTA
T5096,Male,"Jan 18, 2013",T5088,T50 89,Birth/Ha tch,"Jan 18, 2013",CALI
,,,,,Transfer,"Sep 14, 2016",PRIVATE
,,,,,GO LTF,"Sep 14, 2016",PRIVATE
T5097,Male,"Sep 11, 2003",UND,UND,"Birth/Ha
tch","Sep 11, 2003",PRIVATE
,,,,,Transfer,"Nov 17, 2010",UTICA
,,,,,Transfer,"Nov 15, 2012",PRIVATE
,,,,,GO LTF,"Nov 15, 2012",PRIVATE
T5098,Female,"Oct 26, 2004",UND,UND,Birth/Ha tch,"Oct 26, 2004",PRIVATE
,,,,,Transfer,"Nov 17, 2010",UTICA
,,,,,Transfer,"Nov 15, 2012",PRIVATE
,,,,,GO LTF,"Nov 15, 2012",PRIVATE
T5099,Male,"May 11, 2011",T5097,"T50
98","Birth/Ha
tch","May 11, 2011",UTICA
T5100,Male,"May 11, 2011",T5097,"T50
98","Birth/Ha
tch","May 11, 2011",UTICA
,,,,,Transfer,"May 20, 2011",PRIVATE
,,,,,GO LTF,"May 20, 2011",PRIVATE
T5101,Male,"Jun 06, 2012",T5097,T50 98,Birth/Ha tch,"Jun 06, 2012",UTICA
,,,,,Transfer,"Jun 13, 2012",PRIVATE
,,,,,GO LTF,"Jun 13, 2012",PRIVATE
T5102,Male,"Jun 06, 2012",T5097,"T50
98","Birth/Ha
tch","Jun 06, 2012",UTICA
,,,,,Transfer,"Jun 13, 2012",UNDETERMI
,,,,,GO LTF,"Jun 13, 2012",UNDETERMI
T5103,Male,"Jun 06, 2012",T5097,"T50
98","Birth/Ha
tch","Jun 06, 2012",UTICA
T5104,Male,"Jun 06, 2012",T5097,"T50
98","Birth/Ha
tch","Jun 06, 2012",UTICA
,,,,,Transfer,"Jun 13, 2012",PRIVATE
,,,,,GO LTF,"Jun 13, 2012",PRIVATE
T5105,Female,"Jun 06, 2012",T5097,T50 98,Birth/Ha tch,"Jun 06, 2012",UTICA
T5107,Female,"Jul 08, 2008",T5182,T51 94,Birth/Ha tch,"Jul 08, 2008",CALI
,,,,,Transfer,"Mar 12, 2009",BARRANQUL
,,,,,GO LTF,"Mar 13, 2009",BARRANQUL
T5108,Male,"Mar 01, 2013",T5106,"T51
07","Birth/Ha
tch","Mar 01, 2013",BARRANQUL
,,,,,Transfer,"Dec 16, 2018",CALI
T5109,Female,"Jul 18, 2013",UND,UND,"Birth/Ha
tch","Jul 18, 2013",PUEBLA
T5110,Female,"Jul 18, 2013",UND,UND,"Birth/Ha
tch","Jul 18, 2013",PUEBLA
T5111,Female,"Jul 18, 2013",UND,UND,"Birth/Ha
tch","Jul 18, 2013",PUEBLA
T5112,Male,"Feb 02, 2013",UND,UND,"Birth/Ha
tch","Feb 02, 2013",PUEBLA
T5113,Male,"Feb 02, 2013",UND,UND,Birth/Ha tch,"Feb 02, 2013",PUEBLA
T5114,Female,"~ from Jan 01, 2003 to
Jan 01, 2005",UND,UND,Birth/Ha tch,"~ from Jan 01, 2003 to
Jan 01, 2005",UNKNOWN
,,,,,Transfer,"Dec 22, 2010",PUEBLA
,,,,,Death,"Jan 09, 2019",PUEBLA
T5115,Female,"Feb 02, 2013",UND,"T51
14","Birth/Ha
tch","Feb 02, 2013",PUEBLA
,,,,,Death,"Feb 02, 2013",PUEBLA
T5116,Male,"Dec 22, 2012",UND,UND,"Birth/Ha
tch","Dec 22, 2012",PUEBLA
T5117,Female,"Dec 22, 2012",UND,UND,"Birth/Ha
tch","Dec 22, 2012",PUEBLA
T5118,Female,"~ from Dec 01, 1999 to
Dec 01, 2000",UND,UND,"Birth/Ha
tch","~ from Dec 01, 1999 to
Dec 01, 2000",SAHUATOBA
,,,,,Transfer,"Sep 07, 2011",PUEBLA
,,,,,Death,"Jul 11, 2018",PUEBLA
T5119,Female,"~ from Dec 01, 1999 to
Dec 01, 2000",UND,UND,"Birth/Ha
tch","~ from Dec 01, 1999 to
Dec 01, 2000",SAHUATOBA
,,,,,Transfer,"Sep 07, 2011",PUEBLA
,,,,,Death,"Jan 11, 2016",PUEBLA
T5120,Female,"Jun 15, 2015",328,"T51
19","Birth/Ha
tch","Jun 15, 2015",PUEBLA
T5121,Female,"Jun 15, 2015",328,"T51
19","Birth/Ha
tch","Jun 15, 2015",PUEBLA
T5122,Female,"Dec 25, 2014",UND,UND,"Birth/Ha
tch","Dec 25, 2014",PUEBLA
T5123,Female,"Dec 25, 2014",UND,UND,"Birth/Ha
tch","Dec 25, 2014",PUEBLA
T5124,Male,"Jun 09, 2014",UND,UND,Birth/Ha tch,"Jun 09, 2014",PUEBLA
T5125,Male,"Dec 26, 2013",UND,UND,Birth/Ha tch,"Dec 26, 2013",PUEBLA
,,,,,Death,"Oct 29, 2020",PUEBLA
T5126,Female,"Dec 26, 2013",UND,UND,"Birth/Ha
tch","Dec 26, 2013",PUEBLA
T5127,Male,"May 06, 2014",UND,UND,Birth/Ha tch,"May 06, 2014",PUEBLA
T5128,Female,"May 06, 2014",UND,UND,Birth/Ha tch,"May 06, 2014",PUEBLA
T5129,Female,"May 01, 2005",UND,UND,Birth/Ha tch,"May 01, 2005",SEOUL
T5130,Male,"~<Oct 22, 2003",UND,UND,"Birth/Ha
tch","~<Oct 22, 2003",YONG IN
,,,,,Transfer,"Oct 23, 2003",SEOUL
,,,,,Transfer,"Dec 20, 2008",CROC FARM
,,,,,GO LTF,"Dec 21, 2008",CROC FARM
T5131,Female,"~<Jan 07, 2004",UND,UND,"Birth/Ha
tch","~<Jan 07, 2004",YONG IN
,,,,,Transfer,"Jan 08, 2004",SEOUL
,,,,,Transfer,"Dec 20, 2008",CROC FARM
,,,,,GO LTF,"Dec 21, 2008",CROC FARM
T5132,Female,"Sep 29, 2005",T5130,T51 31,Birth/Ha tch,"Sep 29, 2005",SEOUL
T5133,Male,"Jun 06, 2005",UND,UND,"Birth/Ha
tch","Jun 06, 2005",SEOUL
,,,,,Transfer,"Mar 13, 2016",DUBAISAF
T5134,Male,"Aug 21, 2011",T5133,T51 29,Birth/Ha tch,"Aug 21, 2011",SEOUL
T5135,Male,"Aug 21, 2011",T5133,T51 29,Birth/Ha tch,"Aug 21, 2011",SEOUL
T5136,Female,"~<Sep 05, 2011",UND,UND,"Birth/Ha
tch","~<Sep 05, 2011",Undetermined
,,,,,Transfer,"Sep 06, 2011",SEOUL
T5137,Male,"Sep 07, 2011",UND,"T51
32","Birth/Ha
tch","Sep 07, 2011",SEOUL
T5138,Female,"Sep 07, 2011",UND,"T51
32","Birth/Ha
tch","Sep 07, 2011",SEOUL
,,,,,Transfer,"Apr 27, 2021",TOKYOTAMA
T5139,Male,"May 01, 2005",UND,UND,"Birth/Ha
tch","May 01, 2005",SEOUL
,,,,,Transfer,"Mar 13, 2016",DUBAISAF
T5140,Female,"Dec 24, 2010",T5139,"T51
32","Birth/Ha
tch","Dec 24, 2010",SEOUL
T5141,Male,"Jul 17, 2005",UND,UND,"Birth/Ha
tch","Jul 17, 2005",YONG IN
T5142,Male,"Nov 08, 2007",UND,UND,Birth/Ha tch,"Nov 08, 2007",YONG IN
T5143,Female,"Apr 23, 2008",UND,UND,"Birth/Ha
tch","Apr 23, 2008",YONG IN
T5144,Female,"May 23, 2008",UND,UND,"Birth/Ha
tch","May 23, 2008",YONG IN
T5145,Female,"Nov 15, 2008",UND,UND,"Birth/Ha
tch","Nov 15, 2008",YONG IN
T5146,Female,"Jan 23, 2010",UND,UND,"Birth/Ha
tch","Jan 23, 2010",YONG IN
T5147,Male,"Feb 14, 2010",UND,UND,Birth/Ha tch,"Feb 14, 2010",YONG IN
T5148,Female,"~ from Mar 01, 2011 to
Mar 31, 2011",UND,UND,Birth/Ha tch,"~ from Mar 01, 2011 to
Mar 31, 2011",YONG IN
T5149,Female,"Mar 30, 2011",UND,UND,"Birth/Ha
tch","Mar 30, 2011",YONG IN
T5150,Male,"Apr 29, 2011",UND,UND,"Birth/Ha
tch","Apr 29, 2011",YONG IN
T5151,Male,"Apr 29, 2011",UND,UND,"Birth/Ha
tch","Apr 29, 2011",YONG IN
T5152,Female,"Aug 25, 2011",UND,UND,"Birth/Ha
tch","Aug 25, 2011",YONG IN
T5153,Male,"~ from Dec 01, 2011 to
Dec 31, 2011",UND,UND,"Birth/Ha
tch","~ from Dec 01, 2011 to
Dec 31, 2011",YONG IN
T5154,Male,"May 07, 2012",UND,UND,"Birth/Ha
tch","May 07, 2012",YONG IN
T5155,Male,"May 07, 2012",UND,UND,"Birth/Ha
tch","May 07, 2012",YONG IN
T5156,Male,"Jul 05, 2012",UND,UND,"Birth/Ha
tch","Jul 05, 2012",YONG IN
T5157,Female,"Jul 15, 2012",UND,UND,Birth/Ha tch,"Jul 15, 2012",YONG IN
T5158,Female,"Oct 07, 2012",UND,UND,Birth/Ha tch,"Oct 07, 2012",YONG IN
T5159,Female,"Jan 21, 2013",UND,UND,Birth/Ha tch,"Jan 21, 2013",YONG IN
T5160,Female,"May 23, 2013",UND,UND,"Birth/Ha
tch","May 23, 2013",YONG IN
T5161,Female,"May 23, 2013",UND,UND,Birth/Ha tch,"May 23, 2013",YONG IN
,,,,,Transfer,"Mar 24, 2022",JEONJU
T5162,Male,"Aug 23, 2013",UND,UND,"Birth/Ha
tch","Aug 23, 2013",YONG IN
T5163,Female,"Sep 12, 2013",UND,UND,"Birth/Ha
tch","Sep 12, 2013",YONG IN
T5164,Male,"Sep 21, 2013",UND,UND,Birth/Ha tch,"Sep 21, 2013",YONG IN
T5165,Male,"Oct 24, 2013",UND,UND,Birth/Ha tch,"Oct 24, 2013",YONG IN
T5166,Female,"Dec 21, 2013",UND,UND,"Birth/Ha
tch","Dec 21, 2013",YONG IN
T5167,Female,"Dec 27, 2013",UND,UND,"Birth/Ha
tch","Dec 27, 2013",YONG IN
T5168,Male,"Dec 29, 2013",UND,UND,"Birth/Ha
tch","Dec 29, 2013",YONG IN
T5169,Male,"~ from Nov 01, 2014 to
Nov 30, 2014",UND,UND,"Birth/Ha
tch","~ from Nov 01, 2014 to
Nov 30, 2014",YONG IN
T5170,Male,"~ from Nov 01, 2014 to
Nov 30, 2014",UND,UND,"Birth/Ha
tch","~ from Nov 01, 2014 to
Nov 30, 2014",YONG IN
T5171,Male,"Apr 16, 2015",UND,UND,"Birth/Ha
tch","Apr 16, 2015",Undetermined
,,,,,Transfer,"Jan 20, 2020",YONG IN
T5172,Female,"Apr 07, 2016",UND,UND,"Birth/Ha
tch","Apr 07, 2016",Undetermined
,,,,,Transfer,"Jan 20, 2020",YONG IN
T5173,Male,"Jun 22, 2017",UND,UND,"Birth/Ha
tch","Jun 22, 2017",YONG IN
,,,,,Transfer,"Mar 24, 2022",JEONJU
T5174,Male,"Jun 28, 2018",UND,UND,"Birth/Ha
tch","Jun 28, 2018",YONG IN
T5175,Female,"Jan 23, 2010",UND,UND,"Birth/Ha
tch","Jan 23, 2010",YONG IN
,,,,,Death,"Dec 20, 2020",YONG IN
T5176,Male,"Aug 28, 2018",T5156,"T51
75","Birth/Ha
tch","Aug 28, 2018",YONG IN
T5177,Male,"Aug 28, 2018",T5156,"T51
75","Birth/Ha
tch","Aug 28, 2018",YONG IN
T5178,Male,"Aug 10, 2015",UND,"T51
38","Birth/Ha
tch","Aug 10, 2015",SEOUL
T5179,Male,"Jun 28, 2018",UND,UND,"Birth/Ha
tch","Jun 28, 2018",YONG IN
,,,,,Death,"Jun 17, 2019",YONG IN
T5180,Male,"Mar 02, 2017",UND,UND,Birth/Ha tch,"Mar 02, 2017",YONG IN
,,,,,Death,"Jan 08, 2020",YONG IN
T5181,Female,"Jul 25, 2012",UND,UND,"Birth/Ha
tch","Jul 25, 2012",YONG IN
,,,,,Death,"Jun 15, 2020",YONG IN
T5182,Male,"Jan 01, 2006",UND,UND,"Birth/Ha
tch","Jan 01, 2006",UNKNOWN
,,,,,Transfer,"Dec 22, 2007",CALI
,,,,,Death,"Nov 14, 2018",CALI
T5183,Male,"Apr 20, 2012",T5182,T50 89,Birth/Ha tch,"Apr 20, 2012",CALI
,,,,,Death,"May 26, 2012",CALI
T5184,Male,"Feb 01, 2009",UND,UND,Birth/Ha tch,"Feb 01, 2009",SEOUL
,,,,,Transfer,"Mar 13, 2016",DUBAISAF
T5185,Male,"Feb 01, 2009",UND,UND,"Birth/Ha
tch","Feb 01, 2009",SEOUL
,,,,,Transfer,"Mar 13, 2016",DUBAISAF
T5186,Male,"Feb 01, 2009",UND,UND,"Birth/Ha
tch","Feb 01, 2009",SEOUL
,,,,,Transfer,"Mar 13, 2016",DUBAISAF
T5187,Male,"Oct 23, 2008",T5182,"T50
89","Birth/Ha
tch","Oct 23, 2008",CALI
,,,,,Transfer,"Aug 12, 2010",COLOMSANT
T5188,Male,"Apr 20, 2008",UND,UND,"Birth/Ha
tch","Apr 20, 2008",SEOUL
,,,,,Transfer,"Mar 13, 2016",DUBAISAF
T5189,Male,"Apr 20, 2008",UND,UND,"Birth/Ha
tch","Apr 20, 2008",SEOUL
,,,,,Transfer,"Mar 13, 2016",DUBAISAF
T5190,Male,"May 01, 2005",UND,UND,"Birth/Ha
tch","May 01, 2005",SEOUL
,,,,,Transfer,"Mar 13, 2016",DUBAISAF
T5191,Male,"Jun 27, 2012",UND,T51 18,Birth/Ha tch,"Jun 27, 2012",PUEBLA
,,,,,Death,"Jun 29, 2012",PUEBLA
T5192,Female,"Jun 27, 2012",UND,T51 18,Birth/Ha tch,"Jun 27, 2012",PUEBLA
,,,,,Death,"Jun 27, 2012",PUEBLA
T5193,"Undeter
mined","May 08, 2012",UND,"T51
14","Birth/Ha
tch","May 08, 2012",PUEBLA
,,,,,Death,"Jul 10, 2012",PUEBLA
T5194,Female,"Jan 01, 2006",UND,UND,"Birth/Ha
tch","Jan 01, 2006",UNKNOWN
,,,,,Transfer,"Dec 22, 2007",CALI
,,,,,Death,"Mar 02, 2013",CALI
T5196,Male,"Jan 01, 2016",UND,UND,"Birth/Ha
tch","Jan 01, 2016",PUEBLA
,,,,,Death,"Jan 02, 2016",PUEBLA
T5197,Male,"Jan 01, 2016",UND,UND,Birth/Ha tch,"Jan 01, 2016",PUEBLA
,,,,,Death,"Jan 02, 2016",PUEBLA
T5198,Male,"Oct 11, 2014",UND,UND,"Birth/Ha
tch","Oct 11, 2014",PUEBLA
,,,,,Death,"Oct 11, 2014",PUEBLA
2,Female,"Sep 24, 1968 +/- 15 day",WILD,"WIL
D","Birth/Ha
tch","Sep 24, 1968 +/- 15 day",Uganda / ~
,,,,,"Wild
Capture","Sep 24, 1968 +/- 15 day",Uganda / ~
,,,,,Transfer,"Sep 01, 1972 +/-
6 month",FERNDALE
,,,,,Transfer,"Sep 24, 1972",CINCINNAT
,,,,,Death,"Dec 14, 1989",CINCINNAT
3,Male,"Sep 24, 1968 +/- 15 day",WILD,"WIL
D","Birth/Ha
tch","Sep 24, 1968 +/- 15 day",Uganda / ~
,,,,,"Wild
Capture","Sep 24, 1968 +/- 15 day",Uganda / ~
,,,,,Transfer,"Sep 01, 1972 +/- 15 day",FERNDALE
,,,,,Transfer,"Sep 24, 1972",CINCINNAT
,,,,,Death,"May 04, 1989",CINCINNAT
6,Female,"Apr 22, 1977",3,2,Birth/Ha tch,"Apr 22, 1977",CINCINNAT
,,,,,Death,"Mar 24, 1983",CINCINNAT
7,Female,"Apr 22, 1977",3,2,"Birth/Ha
tch","Apr 22, 1977",CINCINNAT
,,,,,Death,"Apr 25, 1981",CINCINNAT
9,Male,"Sep 24, 1979",3,2,"Birth/Ha
tch","Sep 24, 1979",CINCINNAT
,,,,,Transfer,"Apr 18, 1980",BALTIMORE
,,,,,Death,"Mar 23, 2000",BALTIMORE
10,Female,"Sep 24, 1979",3,2,Birth/Ha tch,"Sep 24, 1979",CINCINNAT
,,,,,Transfer,"Apr 18, 1980",BALTIMORE
,,,,,Death,"Jul 27, 1995",BALTIMORE
11,Female,"Sep 24, 1979",3,2,"Birth/Ha
tch","Sep 24, 1979",CINCINNAT
,,,,,Transfer,"Apr 18, 1980",BALTIMORE
,,,,,Death,"Mar 25, 1994",BALTIMORE
12,Undeter mined,"Dec 09, 1979",3,7,Birth/Ha tch,"Dec 09, 1979",CINCINNAT
,,,,,Death,"Dec 18, 1979",CINCINNAT
13,Undeter mined,"Dec 09, 1979",3,7,Birth/Ha tch,"Dec 09, 1979",CINCINNAT
,,,,,Death,"Dec 20, 1979",CINCINNAT
14,Undeter mined,"Dec 09, 1979",3,7,Birth/Ha tch,"Dec 09, 1979",CINCINNAT
,,,,,Death,"Dec 20, 1979",CINCINNAT
21,Female,"Feb 23, 1980",3,6,"Birth/Ha
tch","Feb 23, 1980",CINCINNAT
,,,,,Transfer,"Sep 30, 1980",DENVER
,,,,,Death,"Nov 13, 2000",DENVER
22,Male,"Feb 23, 1980",3,6,"Birth/Ha
tch","Feb 23, 1980",CINCINNAT
,,,,,Death,"Feb 27, 1980",CINCINNAT
23,Female,"Feb 23, 1980",3,6,Birth/Ha tch,"Feb 23, 1980",CINCINNAT
,,,,,Death,"Mar 07, 1980",CINCINNAT
24,Female,"Jul 03, 1980",3,7,Birth/Ha tch,"Jul 03, 1980",CINCINNAT
,,,,,Transfer,"Feb 18, 1981",FERNDALE
,,,,,GO LTF,"Feb 18, 1981",FERNDALE
25,Male,"Jul 08, 1980",3,6,"Birth/Ha
tch","Jul 08, 1980",CINCINNAT
,,,,,Transfer,"Sep 30, 1980",DENVER
,,,,,Death,"Jan 20, 1999",DENVER
26,Male,"Jul 08, 1980",3,6,Birth/Ha tch,"Jul 08, 1980",CINCINNAT
,,,,,Transfer,"Dec 12, 1980",LINCOLN C
,,,,,Transfer,"Nov 01, 1984",MANHATTAN
,,,,,Transfer,"Dec 03, 1986",BIRMNGHAM
,,,,,Transfer,"May 26, 1988",PRIVATE
,,,,,GO LTF,"May 26, 1988",PRIVATE
27,"Undeter
mined","Jul 09, 1980",3,6,"Birth/Ha
tch","Jul 09, 1980",CINCINNAT
,,,,,Death,"Jul 09, 1980",CINCINNAT
28,Male,"Jul 09, 1980",3,6,"Birth/Ha
tch","Jul 09, 1980",CINCINNAT
,,,,,Transfer,"Feb 18, 1981",FERNDALE
,,,,,GO LTF,"Feb 18, 1981",FERNDALE
29,Male,"Jul 08, 1980",3,6,"Birth/Ha
tch","Jul 08, 1980",CINCINNAT
,,,,,Transfer,"Sep 30, 1980",BROWNSVIL
,,,,,Death,"Feb 02, 1999",BROWNSVIL
30,Female,"Sep 26, 1980",3,2,"Birth/Ha
tch","Sep 26, 1980",CINCINNAT
,,,,,Transfer,"Dec 12, 1980",PRIVATE
,,,,,GO LTF,"Dec 12, 1980",PRIVATE
31,"Undeter
mined","Sep 26, 1980",3,2,"Birth/Ha
tch","Sep 26, 1980",CINCINNAT
,,,,,Death,"Oct 09, 1980",CINCINNAT
32,Female,"Sep 04, 1981",3,6,Birth/Ha tch,"Sep 04, 1981",CINCINNAT
,,,,,Transfer,"Apr 30, 1982",PRIVATE
,,,,,GO LTF,"Apr 30, 1982",PRIVATE
38,Male,"Dec 08, 1988",5,37,"Birth/Ha
tch","Dec 08, 1988",PRETORIA
,,,,,Transfer,Undetermined,PRIVATE
,,,,,Transfer,"Dec 29, 1994",CINCINNAT
,,,,,Transfer,"May 20, 1998",IBHUBEZI
,,,,,GO LTF,"May 20, 1998",IBHUBEZI
39,Male,"Dec 08, 1988",5,37,"Birth/Ha
tch","Dec 08, 1988",PRETORIA
,,,,,Transfer,"Jul 11, 1990",COLUMBUS
,,,,,Transfer,"Dec 29, 1994",CINCINNAT
,,,,,Transfer,"Jun 20, 1997",BUSCH TAM
,,,,,GO LTF,"Jan 03, 1998",CHAMPARK
40,Female,"Dec 08, 1988",5,37,"Birth/Ha
tch","Dec 08, 1988",PRETORIA
,,,,,Transfer,"Jul 11, 1990",COLUMBUS
,,,,,Transfer,"Dec 29, 1994",CINCINNAT
,,,,,GO LTF,"Jun 20, 1997",BUSCH TAM
41,Male,"Jul 01, 1989 +/- 15 day",WILD,WIL D,Birth/Ha tch,"Jul 01, 1989 +/- 15 day",S.AFRICA
,,,,,"Wild
Capture",Undetermined,S.AFRICA
,,,,,Transfer,Undetermined,PRIVATE
,,,,,Transfer,"Oct 07, 1989",PRETORIA
,,,,,Transfer,"Dec 21, 1989",SANDIEGOZ
,,,,,Transfer,"Oct 22, 1994",PUEBLO
,,,,,Death,"Nov 04, 2003 +/- 1 day",PUEBLO
42,Female,"Jul 01, 1989 +/- 15 day",WILD,WIL D,Birth/Ha tch,"Jul 01, 1989 +/- 15 day",S.AFRICA
,,,,,Wild Capture,Undetermined,S.AFRICA
,,,,,Transfer,Undetermined,PRIVATE
,,,,,Transfer,"Oct 07, 1989",PRETORIA
,,,,,Transfer,"Dec 21, 1989",SANDIEGOZ
,,,,,Transfer,"Oct 22, 1994",PUEBLO
,,,,,Death,"Sep 30, 2008",PUEBLO
43,Male,"Jan 29, 1990",36,35,"Birth/Ha
tch","Jan 29, 1990",BULAWAYO
,,,,,Transfer,"Aug 11, 1990",ATLANTA
,,,,,Transfer,"Oct 18, 1990",COLUMBIA
,,,,,Death,"Mar 24, 2002",COLUMBIA
44,Female,"Jun 03, 1990",33,34,"Birth/Ha
tch","Jun 03, 1990",BULAWAYO
,,,,,Transfer,"Aug 11, 1990",COLUMBIA
,,,,,Transfer,"Oct 16, 2003",ATLANTA
,,,,,Death,"Jun 24, 2008",ATLANTA
45,Male,"Jun 03, 1990",33,34,Birth/Ha tch,"Jun 03, 1990",BULAWAYO
,,,,,Transfer,"Aug 11, 1990",COLUMBIA
,,,,,Transfer,"Dec 07, 1990",ATLANTA
,,,,,Transfer,"Jun 19, 2000",SD-WAP
,,,,,Transfer,"Dec 07, 2005",DICKERSON
,,,,,Death,"Jun 30, 2006",DICKERSON
46,Male,"Jun 03, 1990",33,34,"Birth/Ha
tch","Jun 03, 1990",BULAWAYO
,,,,,Transfer,"Aug 11, 1990",COLUMBIA
,,,,,Transfer,"Dec 07, 1990",ATLANTA
,,,,,Transfer,"Nov 17, 1994",MEMPHIS
,,,,,Death,"Jun 12, 1995",MEMPHIS
47,Female,"Sep 01, 1990 +/- 15 day",WILD,WIL D,Birth/Ha tch,"Sep 01, 1990 +/- 15 day",KRUGER
,,,,,Wild Capture,"Sep 01, 1990 +/- 15 day",KRUGER
,,,,,Transfer,Undetermined,PRIVATE
,,,,,Transfer,"Aug 23, 1991",SD-WAP
,,,,,Transfer,"Dec 07, 2005",DICKERSON
,,,,,Death,"Jul 21, 2009",DICKERSON
48,Male,"Sep 01, 1990 +/- 15 day",WILD,WIL D,Birth/Ha tch,"Sep 01, 1990 +/- 15 day",KRUGER
,,,,,Wild Capture,"Sep 01, 1990 +/- 15 day",KRUGER
,,,,,Transfer,Undetermined,PRIVATE
,,,,,Transfer,"Aug 23, 1991",SD-WAP
,,,,,Transfer,"Jun 15, 2000",ATLANTA
,,,,,Death,"May 06, 2013",ATLANTA
49,Female,"Jul 10, 1991",72,73,"Birth/Ha
tch","Jul 10, 1991",JOHANSBRG
,,,,,Transfer,"Apr 23, 1993",PHILADELP
,,,,,Transfer,"Aug 23, 2004",COLUMBUS
,,,,,Transfer,"Apr 28, 2006",PHILADELP
,,,,,Death,"Jun 18, 2014",PHILADELP
50,Male,"Jul 10, 1991",72,73,"Birth/Ha
tch","Jul 10, 1991",JOHANSBRG
,,,,,Transfer,"Jul 14, 1993",PHILADELP
,,,,,Transfer,"Aug 23, 2004",COLUMBUS
,,,,,Transfer,"Apr 28, 2006",PHILADELP
,,,,,Death,"Feb 03, 2013",PHILADELP
51,Female,"Jul 10, 1991",72,73,"Birth/Ha
tch","Jul 10, 1991",JOHANSBRG
,,,,,Transfer,"Jul 14, 1993",PHILADELP
,,,,,Transfer,"Aug 23, 2004",COLUMBUS
,,,,,Transfer,"Apr 28, 2006",PHILADELP
,,,,,Death,"Dec 29, 2016",PHILADELP
52,Female,"Jul 12, 1991",71,70,"Birth/Ha
tch","Jul 12, 1991",JOHANSBRG
,,,,,Transfer,"Apr 23, 1993",PHILADELP
,,,,,Transfer,"Aug 23, 2004",COLUMBUS
,,,,,Transfer,"Apr 28, 2006",PHILADELP
,,,,,Death,"Nov 06, 2013",PHILADELP
53,Male,"Mar 16, 1992",41,42,"Birth/Ha
tch","Mar 16, 1992",SANDIEGOZ
,,,,,Death,"Mar 16, 1992",SANDIEGOZ
54,Male,"Mar 16, 1992",41,42,"Birth/Ha
tch","Mar 16, 1992",SANDIEGOZ
,,,,,Death,"Mar 18, 1992",SANDIEGOZ
55,Male,"Aug 12, 1992",41,42,Birth/Ha tch,"Aug 12, 1992",SANDIEGOZ
,,,,,Death,"Aug 16, 1992",SANDIEGOZ
56,Female,"Aug 12, 1992",41,42,Birth/Ha tch,"Aug 12, 1992",SANDIEGOZ
,,,,,Death,"Dec 03, 1992",SANDIEGOZ
57,Female,"Aug 12, 1992",41,42,"Birth/Ha
tch","Aug 12, 1992",SANDIEGOZ
,,,,,Transfer,"Apr 29, 1993",SD-WAP
,,,,,Transfer,"Oct 16, 2002",SANDIEGOZ
,,,,,Death,"Jul 01, 2009",SANDIEGOZ
58,Female,"Aug 12, 1992",41,42,Birth/Ha tch,"Aug 12, 1992",SANDIEGOZ
,,,,,Transfer,"May 05, 1993",MEMPHIS
,,,,,Death,"Jan 07, 2003",MEMPHIS
59,Female,"Aug 12, 1992",41,42,"Birth/Ha
tch","Aug 12, 1992",SANDIEGOZ
,,,,,Transfer,"Apr 29, 1993",SD-WAP
,,,,,Transfer,"Oct 16, 2002",SANDIEGOZ
,,,,,Death,"Feb 08, 2013",SANDIEGOZ
60,Female,"Apr 01, 1993",43,44,Birth/Ha tch,"Apr 01, 1993",COLUMBIA
,,,,,Death,"Apr 01, 1993",COLUMBIA
61,Male,"Aug 19, 1993",43,44,"Birth/Ha
tch","Aug 19, 1993",COLUMBIA
,,,,,Transfer,"Nov 14, 1996",LOUISVILL
,,,,,Death,"Nov 14, 2004",LOUISVILL
62,Female,"Aug 19, 1993",43,44,"Birth/Ha
tch","Aug 19, 1993",COLUMBIA
,,,,,Transfer,"Feb 14, 1995",INDIANAPL
,,,,,Death,"Sep 26, 2000",INDIANAPL
63,Male,"Aug 24, 1993",41,42,Birth/Ha tch,"Aug 24, 1993",SANDIEGOZ
,,,,,Transfer,"Oct 17, 2002",SD-WAP
,,,,,Death,"Jul 23, 2003",SD-WAP
64,Male,"Aug 24, 1993",41,42,Birth/Ha tch,"Aug 24, 1993",SANDIEGOZ
,,,,,Transfer,"Oct 17, 2002",SD-WAP
,,,,,Transfer,"Jun 30, 2004",OKLAHOMA
,,,,,Death,"Nov 04, 2005",OKLAHOMA
65,Female,"Nov 01, 1992 +/- 15 day",WILD,"WIL
D","Birth/Ha
tch","Nov 01, 1992 +/- 15 day",S.AFRICA
,,,,,"Wild
Capture","Nov 01, 1992 +/- 15 day",S.AFRICA
,,,,,Transfer,"Nov 01, 1992 +/- 15 day",GHIAZZA R
,,,,,Transfer,"Jan 31, 1994",ATLANTA
,,,,,Transfer,"Jun 12, 1998",SEDGWICK
,,,,,Transfer,"Feb 27, 2004",GARDENCTY
,,,,,Death,"Jul 05, 2012",GARDENCTY
66,Female,"Jul 01, 1993 +/- 15 day",WILD,"WIL
D","Birth/Ha
tch","Jul 01, 1993 +/- 15 day",S.AFRICA
,,,,,"Wild
Capture","Jul 01, 1993 +/- 15 day",S.AFRICA
,,,,,Transfer,"Jul 01, 1993 +/- 15 day",GHIAZZA R
,,,,,Transfer,"Jan 27, 1994",ATLANTA
,,,,,Death,"Jan 31, 2003",ATLANTA
67,Female,"Mar 24, 1994",50,52,"Birth/Ha
tch","Mar 24, 1994",PHILADELP
,,,,,Transfer,"Dec 07, 1994",DREHER PA
,,,,,Transfer,"Apr 05, 1995",TORONTO
,,,,,Transfer,"Sep 11, 1995",STUKENBRO
,,,,,Transfer,"Jan 01, 1998",STUKENBRO
,,,,,GO LTF,"Jan 01, 1998",STUKENBRO
68,Female,"Mar 24, 1994",50,52,"Birth/Ha
tch","Mar 24, 1994",PHILADELP
,,,,,Death,"Apr 07, 1994",PHILADELP
69,Female,"Mar 24, 1994",50,52,"Birth/Ha
tch","Mar 24, 1994",PHILADELP
,,,,,Transfer,"Dec 07, 1994",DREHER PA
,,,,,Transfer,"Apr 05, 1995",TORONTO
,,,,,Transfer,"Sep 11, 1995",STUKENBRO
,,,,,GO LTF,"Sep 11, 1995",STUKENBRO
75,Male,"May 01, 1993 +/- 15 day",WILD,WIL D,Birth/Ha tch,"May 01, 1993 +/- 15 day",S.AFRICA
,,,,,Wild Capture,"May 01, 1993 +/- 15 day",S.AFRICA
,,,,,Transfer,"Jul 01, 1993 +/- 15 day",PUBLIC
,,,,,Transfer,"May 30, 1994",PRET POT
,,,,,Transfer,"Aug 04, 1994",PRETORIA
,,,,,Transfer,"Feb 16, 1995",INDIANAPL
,,,,,Death,"Sep 01, 2009",INDIANAPL
76,Female,"Nov 28, 1992 +/- 15 day",WILD,"WIL
D","Birth/Ha
tch","Nov 28, 1992 +/- 15 day",S.AFRICA
,,,,,Wild Capture,Undetermined,S.AFRICA
,,,,,Transfer,Undetermined,PRIVATE
,,,,,Transfer,"May 30, 1994",PRET POT
,,,,,Transfer,"Aug 04, 1994",PRETORIA
,,,,,Transfer,"Feb 16, 1995",INDIANAPL
,,,,,Death,"Dec 16, 2014",INDIANAPL
77,Female,"May 26, 1994",50,49,"Birth/Ha
tch","May 26, 1994",PHILADELP
,,,,,Transfer,"Dec 07, 1994",DREHER PA
,,,,,Transfer,"Apr 05, 1995",TORONTO
,,,,,Transfer,"Sep 11, 1995",STUKENBRO
,,,,,Transfer,"Oct 12, 1997",STUKENBRO
,,,,,GO LTF,"Oct 12, 1997",STUKENBRO
80,Female,"Apr 23, 1989",5,79,"Birth/Ha
tch","Apr 23, 1989",PRETORIA
,,,,,Transfer,"Nov 05, 1990",LONGLEAT
,,,,,Transfer,"Jan 01, 1994 +/-
6 month",CHAMBERSK
,,,,,Transfer,"Feb 20, 1995",CINCINNAT
,,,,,Transfer,"Jul 01, 1996",CHAMBERSK
,,,,,Transfer,"Jun 20, 1997",BUSCH TAM
,,,,,Death,"Oct 15, 1997",BUSCH TAM
81,Male,"Sep 14, 1995",45,65,Birth/Ha tch,"Sep 14, 1995",ATLANTA
,,,,,Death,"Jan 23, 1997",ATLANTA
82,Male,"Dec 22, 1995",48,47,Birth/Ha tch,"Dec 22, 1995",SD-WAP
,,,,,Death,"Dec 22, 1995",SD-WAP
83,Female,"Mar 25, 1997 +/- 1 day",UND,UND,"Birth/Ha
tch","Mar 25, 1997 +/- 1 day",GHIAZZA R
,,,,,Transfer,"Jun 06, 1997",SAN FRAN
,,,,,Death,"Feb 09, 2003",SAN FRAN
84,Male,"Jan 01, 1993 +/-
6 month",WILD,"WIL
D","Birth/Ha
tch","Jan 01, 1993 +/-
6 month",KAPAMA
,,,,,"Wild
Capture","Jan 01, 1993 +/-
6 month",KAPAMA
,,,,,Transfer,"Dec 01, 1993 +/-
6 month",HOEDSPRUI
,,,,,Transfer,"Dec 12, 1995",CHICAGOLP
,,,,,Death,"Feb 01, 2012",CHICAGOLP
85,Undeter mined,"Nov 26, 1995",75,76,Birth/Ha tch,"Nov 26, 1995",INDIANAPL
,,,,,Death,"Nov 29, 1995",INDIANAPL
86,Male,"Nov 26, 1995",75,76,Birth/Ha tch,"Nov 26, 1995",INDIANAPL
,,,,,Death,"Dec 04, 1995",INDIANAPL
87,Male,"Nov 26, 1995",75,76,"Birth/Ha
tch","Nov 26, 1995",INDIANAPL
,,,,,Death,"Nov 30, 1995",INDIANAPL
88,"Undeter
mined","Nov 27, 1995",75,76,"Birth/Ha
tch","Nov 27, 1995",INDIANAPL
,,,,,Death,"Nov 27, 1995",INDIANAPL
89,"Undeter
mined","Apr 15, 1996",75,76,"Birth/Ha
tch","Apr 15, 1996",INDIANAPL
,,,,,Death,"Apr 15, 1996",INDIANAPL
90,Male,"Apr 15, 1996",75,76,"Birth/Ha
tch","Apr 15, 1996",INDIANAPL
,,,,,Transfer,"Nov 12, 1997",KANSASCTY
,,,,,Death,"Jul 24, 2014",KANSASCTY
91,Female,"Apr 15, 1996",75,76,Birth/Ha tch,"Apr 15, 1996",INDIANAPL
,,,,,Transfer,"Oct 15, 1997",KNOXVILLE
,,,,,Death,"Feb 02, 2014",KNOXVILLE
92,Male,"Aug 01, 1995",48,59,"Birth/Ha
tch","Aug 01, 1995",SD-WAP
,,,,,Transfer,"Jan 17, 1996",JACKSONVL
,,,,,Transfer,"Aug 15, 2000",MEMPHIS
,,,,,Death,"Oct 16, 2001",MEMPHIS
93,Male,"Aug 01, 1995",48,59,"Birth/Ha
tch","Aug 01, 1995",SD-WAP
,,,,,Transfer,"Jan 17, 1996",JACKSONVL
,,,,,Death,"Sep 02, 2017",JACKSONVL
94,Male,"Dec 22, 1995",48,47,"Birth/Ha
tch","Dec 22, 1995",SD-WAP
,,,,,Transfer,"Jun 07, 1996",JACKSONVL
,,,,,Death,"Jun 17, 2007",JACKSONVL
95,Female,"Nov 06, 1995 +/-
6 month",UND,UND,"Birth/Ha
tch","Nov 06, 1995 +/-
6 month",GHIAZZA R
,,,,,Transfer,"Mar 29, 1996",FORTWORTH
,,,,,Death,"Aug 10, 2011",FORTWORTH
96,Male,"Dec 28, 1995 +/- 15 day",WILD,"WIL
D","Birth/Ha
tch","Dec 28, 1995 +/- 15 day",KALAHARI
,,,,,"Wild
Capture","Dec 30, 1995 +/- 1 day",KALAHARI
,,,,,Transfer,"Dec 30, 1995 +/- 1 day",GHIAZZA R
,,,,,Transfer,"Mar 29, 1996",FORTWORTH
,,,,,Death,"Sep 18, 1998",FORTWORTH
97,Female,"Jan 01, 1994 +/-
6 month",WILD,"WIL
D","Birth/Ha
tch","Jan 01, 1994 +/-
6 month",S.AFRICA
,,,,,Wild Capture,"Jan 01, 1994 +/-
6 month",S.AFRICA
,,,,,Transfer,"Feb 20, 1996 +/- 15 day",GHIAZZA R
,,,,,Transfer,"Mar 29, 1996",FORTWORTH
,,,,,Death,"Mar 11, 2003",FORTWORTH
98,Male,"Oct 17, 1994 +/- 15 day",UND,UND,Birth/Ha tch,"Oct 17, 1994 +/- 15 day",KAPAMA
,,,,,Transfer,"Nov 16, 1996",SEDGWICK
,,,,,Death,"May 02, 2015",SEDGWICK
103,Male,"May 05, 1996",100,99,"Birth/Ha
tch","May 05, 1996",KAPAMA
,,,,,Transfer,"Mar 18, 1997",KNOXVILLE
,,,,,Transfer,"Aug 04, 2003",SACRAMNTO
,,,,,Transfer,"Feb 07, 2007",OKLAHOMA
,,,,,Death,"Mar 30, 2012",OKLAHOMA
104,Female,"Oct 16, 1995",101,102,"Birth/Ha
tch","Oct 16, 1995",KAPAMA
,,,,,Transfer,"Mar 18, 1997",KNOXVILLE
,,,,,Death,"Aug 17, 2018",KNOXVILLE
105,Female,"Jan 04, 1997",108,109,"Birth/Ha
tch","Jan 04, 1997",GHIAZZA R
,,,,,Transfer,"May 02, 1997",SAN FRAN
,,,,,Death,"May 25, 2016",SAN FRAN
106,Male,"Jan 26, 1997 +/- 1 day",UND,UND,"Birth/Ha
tch","Jan 26, 1997 +/- 1 day",GHIAZZA R
,,,,,Transfer,"May 02, 1997",SAN FRAN
,,,,,Death,"Jan 23, 2012",SAN FRAN
107,Female,"Jul 28, 1997",45,65,"Birth/Ha
tch","Jul 28, 1997",ATLANTA
,,,,,Transfer,"Dec 11, 2002",S BARBARA
,,,,,Death,"Jul 28, 2003",S BARBARA
108,Male,"Jan 27, 1995 +/- 15 day",WILD,WIL D,Birth/Ha tch,"Jan 27, 1995 +/- 15 day",S.AFRICA
,,,,,Wild Capture,"Jan 27, 1995 +/- 1 day",S.AFRICA
,,,,,Transfer,"Jan 27, 1995 +/- 1 day",BAKUBUNG
,,,,,Transfer,"Jan 01, 1996 +/-
6 month",GHIAZZA R
,,,,,Transfer,"Mar 28, 1997",OKLAHOMA
,,,,,Transfer,"Mar 29, 2000",FORTWORTH
,,,,,Transfer,"Mar 30, 2001",FORTWORTH
,,,,,Death,"Mar 02, 2015",FORTWORTH
109,Female,"Nov 01, 1994 +/- 15 day",WILD,WIL D,Birth/Ha tch,"Nov 01, 1994 +/- 15 day",S.AFRICA
,,,,,Wild Capture,"Nov 01, 1994 +/- 1 day",S.AFRICA
,,,,,Transfer,"Nov 27, 1994 +/- 1 day",BAKUBUNG
,,,,,Transfer,"Jan 01, 1996 +/-
6 month",GHIAZZA R
,,,,,Transfer,"Mar 28, 1997",OKLAHOMA
,,,,,Transfer,"Jun 19, 2000",COLO SPRG
,,,,,Death,"Feb 23, 2016",COLO SPRG
110,Female,"Oct 27, 1994 +/- 15 day",WILD,WIL D,Birth/Ha tch,"Oct 27, 1994 +/- 15 day",Africa
,,,,,"Wild
Capture",Undetermined,Africa
,,,,,Transfer,Undetermined,PRIVATE
,,,,,Transfer,"Mar 28, 1997",OKLAHOMA
,,,,,Transfer,"Oct 17, 2000",SEDGWICK
,,,,,Death,"Sep 23, 2014",SEDGWICK
113,Male,"Feb 18, 1996",50,49,Birth/Ha tch,"Feb 18, 1996",PHILADELP
,,,,,Death,"May 07, 1998",PHILADELP
114,Female,"Feb 18, 1996",50,49,Birth/Ha tch,"Feb 18, 1996",PHILADELP
,,,,,Transfer,"Dec 05, 1997",DALLAS
,,,,,Transfer,"Jun 15, 2007",BALTIMORE
,,,,,Death,"Nov 10, 2014",BALTIMORE
115,Male,"Mar 17, 1996",50,52,"Birth/Ha
tch","Mar 17, 1996",PHILADELP
,,,,,Transfer,"Oct 31, 1996",LOWRY
,,,,,Transfer,"Mar 31, 1997",COLUMBUS
,,,,,Transfer,"Dec 12, 1997",AUCKLAND
,,,,,Transfer,"Feb 19, 2003",MELBOURNE
,,,,,Transfer,"Jan 08, 2004",WERRIBEE
,,,,,Death,"Dec 31, 2015",WERRIBEE
116,Male,"Mar 17, 1996",50,52,Birth/Ha tch,"Mar 17, 1996",PHILADELP
,,,,,Transfer,"Oct 31, 1996",LOWRY
,,,,,Transfer,"Mar 31, 1997",COLUMBUS
,,,,,Transfer,"Dec 10, 1997",AUCKLAND
,,,,,Transfer,"Feb 19, 2003",MELBOURNE
,,,,,Transfer,"Jan 08, 2004",WERIBEE
,,,,,Death,"Oct 28, 2016",WERRIBEE
117,Female,"Mar 17, 1996",50,52,"Birth/Ha
tch","Mar 17, 1996",PHILADELP
,,,,,Transfer,"Oct 31, 1996",LOWRY
,,,,,Transfer,"Mar 31, 1997",COLUMBUS
,,,,,Transfer,"Nov 17, 1997",TORONTO
,,,,,Death,"Jul 28, 2011",TORONTO
118,Male,"Dec 22, 1995",48,47,"Birth/Ha
tch","Dec 22, 1995",SD-WAP
,,,,,Death,"Dec 25, 1995",SD-WAP
119,Male,"Aug 01, 1995",48,59,"Birth/Ha
tch","Aug 01, 1995",SD-WAP
,,,,,Death,"Aug 19, 1995",SD-WAP
120,Male,"Dec 22, 1995",48,47,"Birth/Ha
tch","Dec 22, 1995",SD-WAP
,,,,,Death,"Feb 28, 1996",SD-WAP
121,Male,"Aug 15, 1999",108,110,"Birth/Ha
tch","Aug 15, 1999",OKLAHOMA
,,,,,Transfer,"Feb 19, 2002",MEMPHIS
,,,,,Transfer,"Jul 22, 2003",CHICAGOBR
,,,,,Transfer,"Nov 19, 2008",AUDUBON
,,,,,Death,"May 29, 2013",AUDUBON
122,Male,"Aug 15, 1999",108,110,Birth/Ha tch,"Aug 15, 1999",OKLAHOMA
,,,,,Transfer,"Dec 07, 2001",OMAHA
,,,,,Death,"Jul 09, 2015",OMAHA
123,Male,"Jul 06, 2007",226,206,Birth/Ha tch,"Jul 06, 2007",TAUTPHAUS
,,,,,Death,"Jul 07, 2007",TAUTPHAUS
124,Female,"Aug 28, 1996",356,357,Birth/Ha tch,"Aug 28, 1996",KAPAMA
,,,,,Transfer,"Mar 24, 1998",CHICAGOBR
,,,,,Transfer,"Apr 23, 1998",CHICAGOLP
,,,,,Death,"Jan 13, 2010",CHICAGOLP
125,Female,"May 29, 1998",75,76,"Birth/Ha
tch","May 29, 1998",INDIANAPL
,,,,,Transfer,"Jan 16, 1999",GARDENCTY
,,,,,Transfer,"Aug 02, 2003",S BARBARA
,,,,,Death,"Feb 17, 2017",S BARBARA
126,Female,"May 29, 1998",75,76,"Birth/Ha
tch","May 29, 1998",INDIANAPL
,,,,,Death,"Feb 07, 1999",INDIANAPL
127,"Undeter
mined","May 30, 1998",75,76,"Birth/Ha
tch","May 30, 1998",INDIANAPL
,,,,,Death,"May 30, 1998",INDIANAPL
128,Male,"Sep 21, 1998",75,76,"Birth/Ha
tch","Sep 21, 1998",INDIANAPL
,,,,,Transfer,"Dec 11, 2002",S BARBARA
,,,,,Death,"Dec 04, 2019",S BARBARA
129,Female,"Sep 21, 1998",75,62,Birth/Ha tch,"Sep 21, 1998",INDIANAPL
,,,,,Transfer,"Aug 31, 1999",AUCKLAND
,,,,,Transfer,"May 07, 2001",AUCKLAND
,,,,,Death,"Jun 06, 2018",AUCKLAND
132,Female,"Mar 31, 1996",130,131,"Birth/Ha
tch","Mar 31, 1996",KAPAMA
,,,,,Transfer,Undetermined,PRIVATE
,,,,,Transfer,"Sep 04, 1998",KANSASCTY
,,,,,Death,"Nov 11, 2017",KANSASCTY
135,Female,"Jun 03, 1996",133,134,"Birth/Ha
tch","Jun 03, 1996",KAPAMA
,,,,,Transfer,"Sep 04, 1998",KANSASCTY
,,,,,Transfer,"Sep 04, 1998",KANSASCTY
,,,,,Death,"May 05, 2016",KANSASCTY
136,Male,"Mar 27, 1998",103,104,Birth/Ha tch,"Mar 27, 1998",KNOXVILLE
,,,,,Transfer,"Nov 05, 1998",DENVER
,,,,,Death,"Aug 25, 2015",DENVER
137,Male,"Mar 27, 1998",103,104,"Birth/Ha
tch","Mar 27, 1998",KNOXVILLE
,,,,,Transfer,"Nov 05, 1998",DENVER
,,,,,Death,"Jun 19, 2013",DENVER
138,Male,"Oct 22, 1999",108,109,"Birth/Ha
tch","Oct 22, 1999",OKLAHOMA
,,,,,Death,"Mar 29, 2001",OKLAHOMA
139,Female,"Dec 14, 1998",98,65,Birth/Ha tch,"Dec 14, 1998",SEDGWICK
,,,,,Transfer,"Oct 15, 2000",WACO
,,,,,Death,"Jun 15, 2020",WACO
140,Female,"Dec 14, 1998",98,65,"Birth/Ha
tch","Dec 14, 1998",SEDGWICK
,,,,,Transfer,"Nov 12, 2002",ASHEBORO
,,,,,Death,"Sep 03, 2010",ASHEBORO
141,Female,"Mar 22, 1996",39,80,Birth/Ha tch,"Mar 22, 1996",CINCINNAT
,,,,,Transfer,"Jul 02, 1996",CHAMBERSK
,,,,,Transfer,"Dec 29, 1997",BUSCH TAM
,,,,,Transfer,"Nov 30, 1998",CHAMBERSK
,,,,,GO LTF,"Nov 30, 1998",CHAMBERSK
142,Male,"May 22, 1996",WILD,37,"Birth/Ha
tch","May 22, 1996",PRETORIA
,,,,,Transfer,"Dec 29, 1996",BUSCH TAM
,,,,,Transfer,"Nov 30, 1998",AUDUBON
,,,,,Transfer,"Dec 11, 2000",GULF BREZ
,,,,,Transfer,"Mar 01, 2001",CHAMBERSK
,,,,,GO LTF,"Oct 22, 2009",CHAMBERSK
143,Female,"May 22, 1996",WILD,37,Birth/Ha tch,"May 22, 1996",PRETORIA
,,,,,Transfer,"Dec 29, 1997",BUSCH TAM
,,,,,Transfer,"Nov 30, 1998",AUDUBON
,,,,,Transfer,"Dec 11, 2000",GULF BREZ
,,,,,Transfer,"Mar 01, 2001",CHAMBERSK
,,,,,GO LTF,"Jan 01, 2005",CHAMBERSK
144,Female,"Sep 08, 1996",39,40,"Birth/Ha
tch","Sep 08, 1996",CINCINNAT
,,,,,Transfer,"Jan 25, 1997",CHAMBERSK
,,,,,Death,"Sep 27, 1997",CHAMBERSK
145,Female,"Apr 22, 1996 +/- 1 day",358,359,Birth/Ha tch,"Apr 22, 1996 +/- 1 day",KAPAMA
,,,,,Transfer,"Jan 23, 1997",CHICAGOLP
,,,,,Death,"Nov 11, 2014",CHICAGOLP
146,Male,"Feb 07, 1999",84,145,"Birth/Ha
tch","Feb 07, 1999",CHICAGOLP
,,,,,Transfer,"Mar 23, 2001",ASHEBORO
,,,,,Transfer,"Aug 06, 2003",KNOXVILLE
,,,,,Transfer,"Apr 19, 2007",SEATTLE
,,,,,Transfer,"Feb 18, 2014",LOSANGELE
,,,,,Death,"Jul 30, 2020",LOSANGELE
147,Male,"Feb 07, 1999",84,145,"Birth/Ha
tch","Feb 07, 1999",CHICAGOLP
,,,,,Transfer,"Apr 28, 2000",GARDENCTY
,,,,,Death,"Jan 24, 2006",GARDENCTY
148,Male,"Feb 07, 1999",84,145,Birth/Ha tch,"Feb 07, 1999",CHICAGOLP
,,,,,Transfer,"Mar 23, 2001",ASHEBORO
149,"Undeter
mined","Nov 27, 1998",103,91,"Birth/Ha
tch","Nov 27, 1998",KNOXVILLE
,,,,,Death,"Nov 27, 1998",KNOXVILLE
150,"Undeter
mined","Nov 27, 1998",103,91,"Birth/Ha
tch","Nov 27, 1998",KNOXVILLE
,,,,,Death,"Nov 27, 1998",KNOXVILLE
151,"Undeter
mined","Nov 27, 1998",103,91,"Birth/Ha
tch","Nov 27, 1998",KNOXVILLE
,,,,,Death,"Nov 28, 1998",KNOXVILLE
152,Male,"Dec 26, 1998",108,110,"Birth/Ha
tch","Dec 26, 1998",OKLAHOMA
,,,,,Transfer,"Jan 07, 2004",TULSA
,,,,,Death,"Nov 11, 2017",TULSA
153,Female,"Dec 26, 1998",108,110,"Birth/Ha
tch","Dec 26, 1998",OKLAHOMA
,,,,,Transfer,"May 14, 2002",NORFOLK
,,,,,Transfer,"May 30, 2007",SEATTLE
,,,,,Transfer,"Feb 18, 2014",LOSANGELE
,,,,,Death,"Jul 30, 2020",LOSANGELE
154,Female,"Dec 26, 1998",108,110,"Birth/Ha
tch","Dec 26, 1998",OKLAHOMA
,,,,,Death,"Dec 28, 1998",OKLAHOMA
155,Male,"Apr 19, 1999",108,109,"Birth/Ha
tch","Apr 19, 1999",OKLAHOMA
,,,,,Death,"Apr 19, 1999",OKLAHOMA
156,Female,"Apr 19, 1999",108,109,"Birth/Ha
tch","Apr 19, 1999",OKLAHOMA
,,,,,Death,"May 06, 1999",OKLAHOMA
157,Male,"Feb 18, 1996",50,49,"Birth/Ha
tch","Feb 18, 1996",PHILADELP
,,,,,Death,"Apr 02, 1996",PHILADELP
158,Female,"Feb 18, 1996",50,49,Birth/Ha tch,"Feb 18, 1996",PHILADELP
,,,,,Death,"Apr 26, 1996",PHILADELP
159,Male,"Sep 17, 1995",39,40,"Birth/Ha
tch","Sep 17, 1995",CINCINNAT
,,,,,Transfer,"May 20, 1998",PRIVATE
,,,,,GO LTF,"May 20, 1998",PRIVATE
160,"Undeter
mined","Sep 19, 1995",39,40,"Birth/Ha
tch","Sep 19, 1995",CINCINNAT
,,,,,Death,"Sep 19, 1995",CINCINNAT
161,Undeter mined,"Sep 19, 1995",39,40,Birth/Ha tch,"Sep 19, 1995",CINCINNAT
,,,,,Death,"Sep 19, 1995",CINCINNAT
162,Undeter mined,"Mar 22, 1996",39,80,Birth/Ha tch,"Mar 22, 1996",CINCINNAT
,,,,,Death,"Mar 22, 1996",CINCINNAT
163,Undeter mined,"Mar 22, 1996",39,80,Birth/Ha tch,"Mar 22, 1996",CINCINNAT
,,,,,Death,"Mar 22, 1996",CINCINNAT
164,Male,"Sep 08, 1996",39,40,Birth/Ha tch,"Sep 08, 1996",CINCINNAT
,,,,,Death,"Sep 23, 1996",CINCINNAT
165,Female,"Sep 08, 1996",39,40,"Birth/Ha
tch","Sep 08, 1996",CINCINNAT
,,,,,Death,"Sep 08, 1996",CINCINNAT
166,"Undeter
mined","Jan 06, 2001",90,135,"Birth/Ha
tch","Jan 06, 2001",KANSASCTY
,,,,,Death,"Jan 07, 2001",KANSASCTY
167,Male,"Apr 02, 2000",90,135,"Birth/Ha
tch","Apr 02, 2000",KANSASCTY
,,,,,Death,"Apr 02, 2000",KANSASCTY
168,Male,"Apr 02, 2000",90,135,"Birth/Ha
tch","Apr 02, 2000",KANSASCTY
,,,,,Death,"Apr 12, 2000",KANSASCTY
169,Male,"Apr 02, 2000",90,135,Birth/Ha tch,"Apr 02, 2000",KANSASCTY
,,,,,Death,"Apr 06, 2000",KANSASCTY
170,Female,"Jan 25, 2001",103,104,Birth/Ha tch,"Jan 25, 2001",KNOXVILLE
,,,,,Transfer,"May 02, 2002",COLUMBIA
,,,,,Death,"Feb 10, 2017",COLUMBIA
171,Male,"Jan 25, 2001",103,104,"Birth/Ha
tch","Jan 25, 2001",KNOXVILLE
,,,,,Transfer,"May 18, 2002",OKLAHOMA
,,,,,Death,"Sep 26, 2003",OKLAHOMA
172,Female,"Jan 25, 2001",103,104,Birth/Ha tch,"Jan 25, 2001",KNOXVILLE
,,,,,Transfer,"May 02, 2002",COLUMBIA
,,,,,Death,"Jun 03, 2013",COLUMBIA
173,Male,"Jan 18, 1995 +/- 15 day",UND,UND,"Birth/Ha
tch","Jan 18, 1995 +/- 15 day",KAPAMA
,,,,,Transfer,"Nov 17, 1996",COLO SPRG
,,,,,Death,"May 27, 2011",COLO SPRG
174,Male,"Sep 03, 2001",90,132,Birth/Ha tch,"Sep 03, 2001",KANSASCTY
,,,,,Death,"Sep 05, 2001",KANSASCTY
175,Male,"Sep 03, 2001",90,132,"Birth/Ha
tch","Sep 03, 2001",KANSASCTY
176,Male,"Sep 03, 2001",90,132,"Birth/Ha
tch","Sep 03, 2001",KANSASCTY
,,,,,Death,"Mar 16, 2015",KANSASCTY
177,Female,"Sep 03, 2001",90,132,"Birth/Ha
tch","Sep 03, 2001",KANSASCTY
186,Female,"Oct 03, 2001",147,125,"Birth/Ha
tch","Oct 03, 2001",GARDENCTY
,,,,,Death,"Oct 03, 2001",GARDENCTY
187,Female,"Oct 22, 1999",108,109,"Birth/Ha
tch","Oct 22, 1999",OKLAHOMA
,,,,,Death,"Jul 13, 2019",OKLAHOMA
188,Female,"Oct 22, 1999",108,109,"Birth/Ha
tch","Oct 22, 1999",OKLAHOMA
,,,,,Transfer,"May 14, 2002",NORFOLK
,,,,,Death,"Jul 10, 2002",NORFOLK
189,Male,"Jun 14, 2002",84,124,Birth/Ha tch,"Jun 14, 2002",CHICAGOLP
,,,,,Transfer,"Nov 26, 2003",COLUMBIA
,,,,,Death,"Jun 26, 2004",COLUMBIA
190,Male,"Jun 14, 2002",84,124,"Birth/Ha
tch","Jun 14, 2002",CHICAGOLP
,,,,,Transfer,"Nov 05, 2003",PUEBLO
191,Male,"Oct 29, 2003",108,95,Birth/Ha tch,"Oct 29, 2003",FORTWORTH
,,,,,Death,"Oct 29, 2003",FORTWORTH
192,Female,"Jul 22, 2002",75,76,Birth/Ha tch,"Jul 22, 2002",INDIANAPL
,,,,,Death,"Aug 02, 2002",INDIANAPL
193,Undeter mined,"Jan 10, 2003",75,76,Birth/Ha tch,"Jan 10, 2003",INDIANAPL
,,,,,Death,"Jan 12, 2003",INDIANAPL
194,Undeter mined,"Jul 08, 2003",75,76,Birth/Ha tch,"Jul 08, 2003",INDIANAPL
,,,,,Death,"Jul 08, 2003",INDIANAPL
195,"Undeter
mined","Jul 08, 2003",75,76,"Birth/Ha
tch","Jul 08, 2003",INDIANAPL
,,,,,Death,"Jul 08, 2003",INDIANAPL
196,Male,"Jul 08, 2003",75,76,"Birth/Ha
tch","Jul 08, 2003",INDIANAPL
,,,,,Transfer,"Oct 17, 2004",NORFOLK
,,,,,Death,"Feb 03, 2022",NORFOLK
197,Female,"Jul 08, 2003",75,76,Birth/Ha tch,"Jul 08, 2003",INDIANAPL
,,,,,Transfer,"Mar 22, 2005",MILWAUKEE
,,,,,Death,"Sep 07, 2018",MILWAUKEE
198,Male,"Feb 07, 2003",106,83,"Birth/Ha
tch","Feb 07, 2003",SAN FRAN
,,,,,Death,"May 20, 2019",SAN FRAN
199,Female,"Feb 07, 2003",106,83,"Birth/Ha
tch","Feb 07, 2003",SAN FRAN
,,,,,Death,"Feb 14, 2003",SAN FRAN
200,Female,"Feb 07, 2003",106,83,"Birth/Ha
tch","Feb 07, 2003",SAN FRAN
,,,,,Transfer,"Nov 01, 2009 +/- 1 day",TAUTPHAUS
201,Female,"Feb 07, 2003",106,83,"Birth/Ha
tch","Feb 07, 2003",SAN FRAN
,,,,,Death,"Feb 09, 2003",SAN FRAN
202,Male,"Feb 07, 2003",106,83,Birth/Ha tch,"Feb 07, 2003",SAN FRAN
,,,,,Death,"Feb 07, 2003",SAN FRAN
203,Male,"Jun 23, 2002",173,109,"Birth/Ha
tch","Jun 23, 2002",COLO SPRG
,,,,,Transfer,"Dec 20, 2003 +/- 1 day",ABILENE
,,,,,Death,"Mar 25, 2021",ABILENE
204,Male,"Jun 23, 2002",173,109,"Birth/Ha
tch","Jun 23, 2002",COLO SPRG
,,,,,Transfer,"Dec 20, 2003 +/- 1 day",ABILENE
,,,,,Transfer,"Oct 07, 2005",NY BRONX
,,,,,Transfer,"Nov 01, 2015 +/- 15 day",SYRACUSE
,,,,,Death,"Aug 25, 2018",SYRACUSE
205,Female,"Jun 23, 2002",173,109,Birth/Ha tch,"Jun 23, 2002",COLO SPRG
,,,,,Transfer,"May 01, 2003",TAUTPHAUS
,,,,,Transfer,"Dec 13, 2006",TULSA
206,Female,"Jun 23, 2002",173,109,"Birth/Ha
tch","Jun 23, 2002",COLO SPRG
,,,,,Transfer,"May 01, 2003",TAUTPHAUS
,,,,,Transfer,"Nov 01, 2009 +/- 1 day",SAN FRAN
211,Female,"Oct 14, 2004",221,224,"Birth/Ha
tch","Oct 14, 2004",MADISON
,,,,,Transfer,"May 04, 2006",GREENBAY
212,Female,"Aug 15, 1999",108,110,Birth/Ha tch,"Aug 15, 1999",OKLAHOMA
,,,,,Death,"Apr 18, 2018",OKLAHOMA
213,Female,"Jul 17, 2004",148,140,"Birth/Ha
tch","Jul 17, 2004",ASHEBORO
,,,,,Transfer,"Sep 19, 2005",RACINE
,,,,,Death,"Mar 08, 2012",RACINE
214,Female,"Jul 17, 2004",148,140,"Birth/Ha
tch","Jul 17, 2004",ASHEBORO
,,,,,Transfer,"Jul 14, 2005",NORFOLK
,,,,,Death,"May 14, 2020",NORFOLK
215,Male,"Aug 15, 2004",98,110,Birth/Ha tch,"Aug 15, 2004",SEDGWICK
,,,,,Transfer,"Dec 19, 2005",COLUMBIA
216,"Undeter
mined","Feb 02, 2004",128,125,"Birth/Ha
tch","Feb 02, 2004",S BARBARA
,,,,,Death,"Feb 03, 2004",S BARBARA
217,Female,"Feb 03, 2004",128,125,"Birth/Ha
tch","Feb 03, 2004",S BARBARA
,,,,,Death,"Feb 04, 2004",S BARBARA
218,Female,"Feb 03, 2004",128,125,Birth/Ha tch,"Feb 03, 2004",S BARBARA
,,,,,Transfer,"Dec 22, 2005",ATLANTA
,,,,,Transfer,"Jun 05, 2015",FRESNO
,,,,,Death,"Jan 03, 2022",FRESNO
219,"Undeter
mined","Feb 03, 2004",128,125,"Birth/Ha
tch","Feb 03, 2004",S BARBARA
,,,,,Death,"Feb 03, 2004",S BARBARA
220,Female,"Oct 14, 2004",221,224,"Birth/Ha
tch","Oct 14, 2004",MADISON
,,,,,Transfer,"May 04, 2006",GREENBAY
,,,,,Death,"Jul 31, 2008",GREENBAY
221,Male,"Jul 01, 1995 +/- 6 month",WILD,WIL D,Birth/Ha tch,"Jul 01, 1995 +/- 6 month",S.AFRICA
,,,,,Wild Capture,"Jul 01, 1995 +/- 6 month",S.AFRICA
,,,,,Transfer,"Dec 06, 1995",GHIAZZA R
,,,,,Transfer,"Jun 07, 1997",MADISON
,,,,,Death,"Sep 04, 2013",MADISON
222,Female,"Mar 26, 2004",173,109,Birth/Ha tch,"Mar 26, 2004",COLO SPRG
,,,,,Transfer,"Jul 26, 2005",PUEBLO
,,,,,Transfer,"Dec 08, 2011",LANSING
,,,,,Death,"Nov 08, 2021",LANSING
223,Female,"Mar 26, 2004",173,109,"Birth/Ha
tch","Mar 26, 2004",COLO SPRG
,,,,,Transfer,"Jul 26, 2005",PUEBLO
,,,,,Transfer,"Dec 08, 2011",LANSING
224,Female,"Jan 07, 1995 +/-
6 month",WILD,WIL D,Birth/Ha tch,"Jan 07, 1995 +/-
6 month",S.AFRICA
,,,,,Wild Capture,"Jan 07, 1995 +/-
6 month",S.AFRICA
,,,,,Transfer,"Jan 12, 1996",GHIAZZA R
,,,,,Transfer,"Jun 07, 1997",MADISON
,,,,,Death,"Jul 01, 2012 +/- 15 day",MADISON
225,Male,"Jul 25, 2003",221,224,Birth/Ha tch,"Jul 25, 2003",MADISON
,,,,,Transfer,"Mar 16, 2005",MILWAUKEE
,,,,,Death,"May 06, 2020",MILWAUKEE
226,Male,"Oct 14, 2004",221,224,"Birth/Ha
tch","Oct 14, 2004",MADISON
,,,,,Transfer,"Nov 29, 2006",TAUTPHAUS
,,,,,Death,"Mar 20, 2018",TAUTPHAUS
227,Male,"Oct 14, 2004",221,224,"Birth/Ha
tch","Oct 14, 2004",MADISON
,,,,,Transfer,"Jun 07, 2006",TOPEKA
,,,,,Death,"Oct 23, 2020",TOPEKA
228,Male,"Apr 10, 2005",128,125,Birth/Ha tch,"Apr 10, 2005",S BARBARA
,,,,,Transfer,"May 24, 2007",JOHN BALL
,,,,,Death,"Apr 20, 2021",JOHN BALL
229,Female,"Oct 23, 2006",148,140,"Birth/Ha
tch","Oct 23, 2006",ASHEBORO
,,,,,Transfer,"Jul 09, 2008",FT WAYNE
,,,,,Transfer,"Nov 04, 2008",GLEN OAK
230,Female,"Oct 23, 2006",148,140,Birth/Ha tch,"Oct 23, 2006",ASHEBORO
,,,,,Transfer,"Jul 09, 2008",FT WAYNE
231,Male,"Oct 23, 2006",148,140,"Birth/Ha
tch","Oct 23, 2006",ASHEBORO
,,,,,Transfer,"Jul 09, 2008",FT WAYNE
,,,,,Transfer,"Nov 04, 2008",LANSING
232,Female,"Aug 08, 1997",UND,UND,"Birth/Ha
tch","Aug 08, 1997",OUDTSHORN
,,,,,Transfer,"Jun 16, 1998",COLUMBUS
,,,,,Transfer,"May 03, 2004",DENVER
,,,,,Death,"Jul 22, 2013",DENVER
233,Female,"Sep 03, 1997 +/- 15 day",WILD,"WIL
D","Birth/Ha
tch","Sep 03, 1997 +/- 15 day",OUDTSHORN
,,,,,"Wild
Capture","Oct 03, 1997 +/- 15 day",OUDTSHORN
,,,,,Transfer,"Jun 16, 1998",COLUMBUS
,,,,,Transfer,"May 03, 2004",DENVER
,,,,,Transfer,"May 04, 2004",DENVER
,,,,,Death,"Feb 27, 2013",DENVER
234,Male,"Oct 01, 1997",360,361,Birth/Ha tch,"Oct 01, 1997",OUDTSHORN
,,,,,Transfer,"Jun 16, 1998",COLUMBUS
,,,,,Transfer,"May 03, 2004",DENVER
,,,,,Death,"Oct 01, 2013",DENVER
235,Female,"Jan 03, 1998 +/- 1 day",WILD,"WIL
D","Birth/Ha
tch","Jan 03, 1998 +/- 1 day",OUDTSHORN
,,,,,"Wild
Capture","Jan 03, 1998 +/- 15 day",OUDTSHORN
,,,,,Transfer,"Jun 16, 1998",COLUMBUS
,,,,,Transfer,"May 03, 2004",DENVER
,,,,,Death,"Mar 28, 2015",DENVER
236,Male,"Sep 02, 2004",234,233,"Birth/Ha
tch","Sep 02, 2004",DENVER
,,,,,Transfer,"Oct 06, 2005",ATLANTA
,,,,,Transfer,"May 18, 2015",DALLAS
,,,,,Death,"Jul 20, 2019",DALLAS
237,Female,"Sep 02, 2004",234,233,Birth/Ha tch,"Sep 02, 2004",DENVER
,,,,,Transfer,"Oct 07, 2005",ABILENE
,,,,,Death,"Jun 28, 2020",ABILENE
238,Female,"Sep 02, 2004",234,233,"Birth/Ha
tch","Sep 02, 2004",DENVER
,,,,,Transfer,"Oct 09, 2005",NY BRONX
,,,,,Transfer,"Apr 13, 2017",W ORANGE
239,Female,"Nov 23, 2005",234,235,Birth/Ha tch,"Nov 23, 2005",DENVER
,,,,,Transfer,"Sep 18, 2007",COLUMBUS
240,Male,"Dec 23, 2005",234,232,Birth/Ha tch,"Dec 23, 2005",DENVER
,,,,,Death,"Dec 23, 2005",DENVER
241,Male,"Dec 23, 2005",234,232,Birth/Ha tch,"Dec 23, 2005",DENVER
,,,,,Death,"Dec 23, 2005",DENVER
242,Male,"Dec 23, 2005",234,232,Birth/Ha tch,"Dec 23, 2005",DENVER
,,,,,Death,"Dec 23, 2005",DENVER
243,Male,"Aug 02, 2006",234,235,"Birth/Ha
tch","Aug 02, 2006",DENVER
,,,,,Transfer,"Dec 20, 2007",GARDENCTY
244,Female,"Aug 02, 2006",234,235,"Birth/Ha
tch","Aug 02, 2006",DENVER
,,,,,Transfer,"Nov 27, 2007",INDIANAPL
245,Female,"Oct 25, 2006",234,232,"Birth/Ha
tch","Oct 25, 2006",DENVER
,,,,,Transfer,"Sep 18, 2007",COLUMBUS
246,Female,"Jan 20, 2004",362,363,"Birth/Ha
tch","Jan 20, 2004",BESTER
,,,,,Transfer,"Oct 30, 2006",NZP-WASH
247,Female,"Nov 07, 2004",362,363,Birth/Ha tch,"Nov 07, 2004",BESTER
,,,,,Transfer,"Oct 30, 2006",NZP-WASH
248,Male,"Oct 05, 2005",397,398,Birth/Ha tch,"Oct 05, 2005",BESTER
,,,,,Transfer,"Oct 30, 2006",NZP-WASH
249,Male,"Aug 25, 2005",173,109,"Birth/Ha
tch","Aug 25, 2005",COLO SPRG
,,,,,Transfer,"May 02, 2007",MINOT
,,,,,Transfer,"May 31, 2011",FOUTS J
,,,,,Transfer,"May 14, 2013",MINOT
250,Male,"Aug 25, 2005",173,109,Birth/Ha tch,"Aug 25, 2005",COLO SPRG
,,,,,Transfer,"Feb 11, 2007",AKRON
251,Female,"Aug 25, 2005",173,109,Birth/Ha tch,"Aug 25, 2005",COLO SPRG
,,,,,Transfer,"Apr 04, 2007",BIRMINGHM
252,Male,"Oct 15, 2003",UND,UND,Birth/Ha tch,"Oct 15, 2003",PRETORIA
,,,,,Transfer,"May 20, 2004",SD-WAP
,,,,,Transfer,"May 06, 2006",COLUMBUS
,,,,,Death,"May 01, 2019 +/- 15 day",COLUMBUS
253,Male,"Oct 15, 2003",UND,UND,"Birth/Ha
tch","Oct 15, 2003",PRETORIA
,,,,,Transfer,"May 20, 2004",SD-WAP
254,Female,"Oct 15, 2003",UND,UND,"Birth/Ha
tch","Oct 15, 2003",BESTER
,,,,,Transfer,"May 20, 2004",SD-WAP
,,,,,Transfer,"Jun 26, 2009",SANDIEGOZ
,,,,,Transfer,"Sep 27, 2016",SD-WAP
,,,,,Transfer,"Nov 22, 2016",SANDIEGOZ
,,,,,Transfer,"Jun 26, 2019",SD-WAP
,,,,,Death,"Apr 09, 2022",SD-WAP
255,Female,"Nov 28, 2003",UND,UND,"Birth/Ha
tch","Nov 28, 2003",PRETORIA
,,,,,Transfer,"May 20, 2004",SD-WAP
,,,,,Death,"Mar 18, 2022",SD-WAP
256,Female,"Nov 28, 2003",UND,UND,"Birth/Ha
tch","Nov 28, 2003",PRETORIA
,,,,,Transfer,"May 20, 2004",SD-WAP
,,,,,Death,"May 04, 2021",SD-WAP
257,Male,"Nov 28, 2003",UND,UND,Birth/Ha tch,"Nov 28, 2003",BESTER
,,,,,Transfer,"May 20, 2004",SD-WAP
,,,,,Transfer,"Jun 26, 2009",SANDIEGOZ
,,,,,Transfer,"Sep 27, 2016",SD-WAP
,,,,,Transfer,"Nov 21, 2016",SANDIEGOZ
,,,,,Death,"May 22, 2019",SANDIEGOZ
258,Male,"Nov 11, 2005",257,254,"Birth/Ha
tch","Nov 11, 2005",SD-WAP
,,,,,Death,"Nov 11, 2005",SD-WAP
259,Male,"Nov 11, 2005",257,254,"Birth/Ha
tch","Nov 11, 2005",SD-WAP
,,,,,Death,"Apr 17, 2006",SD-WAP
260,Female,"May 17, 2006",253,256,Birth/Ha tch,"May 17, 2006",SD-WAP
,,,,,Transfer,"Oct 14, 2007",JOHN BALL
,,,,,Death,"Apr 01, 2019",JOHN BALL
261,Female,"May 17, 2006",253,256,"Birth/Ha
tch","May 17, 2006",SD-WAP
,,,,,Transfer,"Oct 14, 2007",JOHN BALL
262,Male,"Jul 19, 2006",253,255,"Birth/Ha
tch","Jul 19, 2006",SD-WAP
,,,,,Transfer,"Oct 13, 2008",SACRAMNTO
263,Male,"Jul 19, 2006",253,255,Birth/Ha tch,"Jul 19, 2006",SD-WAP
,,,,,Transfer,"May 05, 2008",CHICAGOBR
,,,,,Death,"Jan 02, 2020",CHICAGOBR
264,Female,"Jul 19, 2006",253,255,"Birth/Ha
tch","Jul 19, 2006",SD-WAP
,,,,,Death,"Mar 27, 2007",SD-WAP
265,Male,"Mar 27, 1998",103,104,"Birth/Ha
tch","Mar 27, 1998",KNOXVILLE
,,,,,Transfer,"Jul 07, 1999",WACO
,,,,,Death,"Jun 14, 2013",WACO
266,Female,"Jun 06, 2006",146,104,Birth/Ha tch,"Jun 06, 2006",KNOXVILLE
,,,,,Death,"Sep 21, 2019",KNOXVILLE
267,Male,"Jun 06, 2006",146,104,Birth/Ha tch,"Jun 06, 2006",KNOXVILLE
,,,,,Death,"Jun 06, 2006",KNOXVILLE
268,Male,"Jul 22, 2006",146,91,"Birth/Ha
tch","Jul 22, 2006",KNOXVILLE
,,,,,Transfer,"Dec 04, 2008",FT WAYNE
,,,,,Death,"Apr 06, 2016",FT WAYNE
269,Female,"Jul 22, 2006",146,91,"Birth/Ha
tch","Jul 22, 2006",KNOXVILLE
,,,,,Death,"Jun 27, 2020",KNOXVILLE
270,Undeter mined,"Jul 22, 2006",146,91,Birth/Ha tch,"Jul 22, 2006",KNOXVILLE
,,,,,Death,"Jul 22, 2006",KNOXVILLE
271,Male,"Jul 24, 2006",146,91,Birth/Ha tch,"Jul 24, 2006",KNOXVILLE
,,,,,Death,"Oct 22, 2021",KNOXVILLE
272,Female,"Jun 13, 2006",265,139,"Birth/Ha
tch","Jun 13, 2006",WACO
,,,,,Death,"Dec 14, 2011",WACO
273,Male,"Jun 13, 2006",265,139,"Birth/Ha
tch","Jun 13, 2006",WACO
,,,,,Transfer,"Mar 11, 2008",DICKERSON
274,Male,"Jun 13, 2006",265,139,"Birth/Ha
tch","Jun 13, 2006",WACO
,,,,,Transfer,"Jan 08, 2008",LUFKIN
,,,,,Death,"Apr 05, 2022",LUFKIN
275,Male,"Dec 24, 2004",265,139,Birth/Ha tch,"Dec 24, 2004",WACO
,,,,,Transfer,"Feb 15, 2006",BIRMINGHM
,,,,,Death,"Nov 23, 2021",BIRMINGHM
276,Female,"Apr 06, 2004",108,95,"Birth/Ha
tch","Apr 06, 2004",FORTWORTH
,,,,,Transfer,"Feb 26, 2005",TOPEKA
277,Female,"Apr 06, 2004",108,95,"Birth/Ha
tch","Apr 06, 2004",FORTWORTH
,,,,,Transfer,"Apr 26, 2005",TOPEKA
278,"Undeter
mined","Apr 06, 2004",108,95,"Birth/Ha
tch","Apr 06, 2004",FORTWORTH
,,,,,Death,"Apr 06, 2004",FORTWORTH
279,Undeter mined,"Apr 06, 2004",108,95,Birth/Ha tch,"Apr 06, 2004",FORTWORTH
,,,,,Death,"Apr 06, 2004",FORTWORTH
280,Male,"Sep 09, 2005",108,95,Birth/Ha tch,"Sep 09, 2005",FORTWORTH
,,,,,Transfer,"Jan 14, 2007",SACRAMNTO
,,,,,Transfer,"Nov 20, 2008",GLEN OAK
281,Female,"Sep 09, 2005",108,95,Birth/Ha tch,"Sep 09, 2005",FORTWORTH
,,,,,Transfer,"Feb 11, 2007",AKRON
,,,,,Transfer,"Jan 08, 2013",JNGLARY F
282,Female,"Sep 09, 2005",108,95,"Birth/Ha
tch","Sep 09, 2005",FORTWORTH
,,,,,Transfer,"Jan 14, 2007",SACRAMNTO
283,Female,"Sep 09, 2005",108,95,"Birth/Ha
tch","Sep 09, 2005",FORTWORTH
,,,,,Transfer,"Mar 31, 2008",CHICAGOBR
,,,,,Death,"Jan 14, 2020",CHICAGOBR
284,Male,"Nov 26, 2000",98,140,Birth/Ha tch,"Nov 26, 2000",SEDGWICK
,,,,,Death,"Nov 26, 2000",SEDGWICK
285,Female,"Nov 26, 2000",98,140,Birth/Ha tch,"Nov 26, 2000",SEDGWICK
,,,,,Death,"Nov 28, 2000",SEDGWICK
286,Male,"Aug 24, 2005",147,65,"Birth/Ha
tch","Aug 24, 2005",GARDENCTY
,,,,,Transfer,"Dec 20, 2007",GREENBAY
,,,,,Death,"May 26, 2017",GREENBAY
287,Female,"Aug 24, 2005",147,65,"Birth/Ha
tch","Aug 24, 2005",GARDENCTY
288,"Undeter
mined","Aug 24, 2005",147,65,"Birth/Ha
tch","Aug 24, 2005",GARDENCTY
,,,,,Death,"Aug 31, 2005",GARDENCTY
289,"Undeter
mined","Aug 24, 2005",147,65,"Birth/Ha
tch","Aug 24, 2005",GARDENCTY
,,,,,Death,"Aug 30, 2005",GARDENCTY
290,Female,"Nov 15, 2004",147,65,Birth/Ha tch,"Nov 15, 2004",GARDENCTY
,,,,,Death,"Nov 30, 2004",GARDENCTY
291,Female,"Apr 03, 2005",147,65,Birth/Ha tch,"Apr 03, 2005",GARDENCTY
,,,,,Death,"Apr 03, 2005",GARDENCTY
292,Female,"Jul 29, 2006",98,110,Birth/Ha tch,"Jul 29, 2006",SEDGWICK
,,,,,Transfer,"Apr 09, 2008",LANSING
,,,,,Transfer,"Oct 09, 2011",PUEBLO
293,Female,"Jul 29, 2006",98,110,"Birth/Ha
tch","Jul 29, 2006",SEDGWICK
,,,,,Death,"Mar 14, 2007",SEDGWICK
294,Male,"Jun 28, 2005",90,132,"Birth/Ha
tch","Jun 28, 2005",KANSASCTY
295,Male,"Jun 28, 2005",90,132,"Birth/Ha
tch","Jun 28, 2005",KANSASCTY
296,Male,"Jun 28, 2005",90,132,"Birth/Ha
tch","Jun 28, 2005",KANSASCTY
,,,,,Death,"Jun 08, 2019",KANSASCTY
297,Female,"Jun 28, 2005",90,132,"Birth/Ha
tch","Jun 28, 2005",KANSASCTY
298,Male,"Oct 05, 2006",190,223,"Birth/Ha
tch","Oct 05, 2006",PUEBLO
,,,,,Transfer,"Oct 06, 2008",LITTLEROC
,,,,,Death,"Dec 01, 2020",LITTLEROC
299,Female,"Oct 05, 2006",190,223,Birth/Ha tch,"Oct 05, 2006",PUEBLO
,,,,,Transfer,"Nov 28, 2007 +/- 15 day",MINOT
,,,,,Transfer,"May 31, 2011",FOUTS J
,,,,,Transfer,"May 14, 2013",MINOT
,,,,,Death,"Apr 22, 2022",MINOT
300,Female,"Nov 03, 2006",190,222,"Birth/Ha
tch","Nov 03, 2006",PUEBLO
,,,,,Transfer,"Mar 26, 2008",DICKERSON
301,Male,"Jul 11, 2007",173,109,Birth/Ha tch,"Jul 11, 2007",COLO SPRG
,,,,,Transfer,"Nov 13, 2008",BALTIMORE
302,Female,"Jul 11, 2007",173,109,Birth/Ha tch,"Jul 11, 2007",COLO SPRG
,,,,,Death,"Oct 17, 2013",COLO SPRG
303,Female,"Jul 11, 2007",173,109,Birth/Ha tch,"Jul 11, 2007",COLO SPRG
304,Female,"Jul 11, 2007",173,109,Birth/Ha tch,"Jul 11, 2007",COLO SPRG
,,,,,Death,"Oct 12, 2020",COLO SPRG
305,Male,"Nov 04, 2007",103,187,Birth/Ha tch,"Nov 04, 2007",OKLAHOMA
,,,,,Death,"Nov 04, 2007",OKLAHOMA
306,Female,"Nov 04, 2007",103,187,"Birth/Ha
tch","Nov 04, 2007",OKLAHOMA
,,,,,Death,"Nov 04, 2007",OKLAHOMA
307,Male,"Nov 06, 2007",103,212,"Birth/Ha
tch","Nov 06, 2007",OKLAHOMA
,,,,,Death,"Nov 06, 2007",OKLAHOMA
308,Female,"Nov 04, 2007",103,187,"Birth/Ha
tch","Nov 04, 2007",OKLAHOMA
,,,,,Transfer,"Jan 20, 2010",EL PASO
309,Female,"Nov 04, 2007",103,187,"Birth/Ha
tch","Nov 04, 2007",OKLAHOMA
,,,,,Transfer,"Jan 20, 2010",EL PASO
310,Male,"Nov 06, 2007",103,212,Birth/Ha tch,"Nov 06, 2007",OKLAHOMA
,,,,,Transfer,"Jan 19, 2010",EL PASO
,,,,,Transfer,"Mar 06, 2014",SEATTLE
,,,,,Death,"Feb 23, 2022",SEATTLE
311,Female,"Nov 06, 2007",103,212,"Birth/Ha
tch","Nov 06, 2007",OKLAHOMA
,,,,,Transfer,"Jan 19, 2010",EL PASO
,,,,,Death,"Aug 12, 2021",EL PASO
312,Male,"Nov 02, 2007",253,256,Birth/Ha tch,"Nov 02, 2007",SD-WAP
,,,,,Transfer,"Jun 11, 2009",PORTLAND
313,Male,"Nov 02, 2007",253,256,Birth/Ha tch,"Nov 02, 2007",SD-WAP
,,,,,Transfer,"Jun 29, 2010",HONOLULU
,,,,,Death,"Oct 11, 2021",HONOLULU
314,Female,"Nov 02, 2007",253,256,Birth/Ha tch,"Nov 02, 2007",SD-WAP
,,,,,Transfer,"Jan 12, 2009",JACKSONVL
315,Female,"Nov 02, 2007",253,256,Birth/Ha tch,"Nov 02, 2007",SD-WAP
,,,,,Transfer,"Jan 13, 2009",JACKSONVL
,,,,,Death,"Aug 16, 2017",JACKSONVL
316,Male,"Nov 06, 2007",253,255,"Birth/Ha
tch","Nov 06, 2007",SD-WAP
,,,,,Transfer,"Jan 12, 2009",ST LOUIS
317,Female,"Nov 06, 2007",253,255,"Birth/Ha
tch","Nov 06, 2007",SD-WAP
,,,,,Transfer,"Feb 23, 2009",WINSTON
,,,,,Transfer,"Nov 19, 2013",SAN ANTON
318,Female,"Nov 06, 2007",253,255,Birth/Ha tch,"Nov 06, 2007",SD-WAP
,,,,,Transfer,"Feb 17, 2009",TUCSON
319,Male,"Dec 07, 2007",257,254,"Birth/Ha
tch","Dec 07, 2007",SD-WAP
,,,,,Transfer,"Apr 25, 2010",INDIANAPL
,,,,,Death,"Oct 15, 2018",INDIANAPL
320,Male,"Dec 07, 2007",257,254,"Birth/Ha
tch","Dec 07, 2007",SD-WAP
,,,,,Death,"Dec 07, 2007",SD-WAP
321,Male,"Dec 07, 2007",257,254,"Birth/Ha
tch","Dec 07, 2007",SD-WAP
,,,,,Death,"Dec 07, 2007",SD-WAP
322,Undeter mined,"Feb 07, 2008",215,170,Birth/Ha tch,"Feb 07, 2008",COLUMBIA
,,,,,Death,"Feb 07, 2008",COLUMBIA
323,Female,"Feb 07, 2008",215,170,"Birth/Ha
tch","Feb 07, 2008",COLUMBIA
,,,,,Death,"Feb 08, 2008",COLUMBIA
324,Male,"Oct 14, 2004",221,224,"Birth/Ha
tch","Oct 14, 2004",MADISON
,,,,,Death,"Oct 16, 2004",MADISON
325,Male,"Oct 14, 2004",221,224,Birth/Ha tch,"Oct 14, 2004",MADISON
,,,,,Transfer,"Oct 13, 2005",RACINE
,,,,,Death,"Aug 06, 2020",RACINE
326,Male,"Sep 06, 2007",325,213,"Birth/Ha
tch","Sep 06, 2007",RACINE
,,,,,Transfer,"Nov 30, 2008",METROZOO
327,Male,"Sep 06, 2007",325,213,"Birth/Ha
tch","Sep 06, 2007",RACINE
,,,,,Transfer,"Nov 30, 2008",METROZOO
328,Male,"Sep 06, 2007",325,213,"Birth/Ha
tch","Sep 06, 2007",RACINE
,,,,,Transfer,"Oct 01, 2009 +/- 1 day",PUEBLA
,,,,,Death,"Jan 22, 2021",PUEBLA
329,Female,"Sep 06, 2007",325,213,Birth/Ha tch,"Sep 06, 2007",RACINE
,,,,,Transfer,"Jul 07, 2009",PORTLAND
330,Female,"Jun 07, 2008",215,170,"Birth/Ha
tch","Jun 07, 2008",COLUMBIA
,,,,,Transfer,"Mar 20, 2010",DALLAS
,,,,,Death,"Nov 17, 2013",DALLAS
331,Male,"Jun 07, 2008",215,170,"Birth/Ha
tch","Jun 07, 2008",COLUMBIA
,,,,,Transfer,"Dec 02, 2010",GREENVISC
332,Female,"Jun 07, 2008",215,170,"Birth/Ha
tch","Jun 07, 2008",COLUMBIA
,,,,,Transfer,"Mar 20, 2010",DALLAS
333,Female,"Jun 07, 2008",215,170,Birth/Ha tch,"Jun 07, 2008",COLUMBIA
,,,,,Transfer,"Mar 20, 2010",DALLAS
334,Male,"Jun 13, 2008",215,172,"Birth/Ha
tch","Jun 13, 2008",COLUMBIA
,,,,,Transfer,"Dec 02, 2010",GREENVISC
335,"Undeter
mined","Jun 13, 2008",215,172,"Birth/Ha
tch","Jun 13, 2008",COLUMBIA
,,,,,Death,"Jun 13, 2008",COLUMBIA
336,Male,"May 31, 2008",236,218,Birth/Ha tch,"May 31, 2008",ATLANTA
,,,,,Transfer,"Mar 12, 2010",PUEBLA
337,Male,"May 31, 2008",236,218,Birth/Ha tch,"May 31, 2008",ATLANTA
,,,,,Transfer,"Mar 12, 2010",PUEBLA
338,Male,"May 31, 2008",236,218,"Birth/Ha
tch","May 31, 2008",ATLANTA
,,,,,Transfer,"Mar 12, 2010",PUEBLA
,,,,,Death,"Oct 05, 2020",PUEBLA
339,Male,"May 31, 2008",236,218,"Birth/Ha
tch","May 31, 2008",ATLANTA
,,,,,Death,"May 31, 2008",ATLANTA
340,Female,"Jun 01, 2008",236,218,"Birth/Ha
tch","Jun 01, 2008",ATLANTA
,,,,,Death,"Jun 01, 2008",ATLANTA
341,Female,"Aug 19, 2007",196,214,Birth/Ha tch,"Aug 19, 2007",NORFOLK
,,,,,Transfer,"Jul 02, 2009",PORTLAND
342,Male,"Aug 19, 2007",196,214,"Birth/Ha
tch","Aug 19, 2007",NORFOLK
,,,,,Transfer,"Jul 02, 2009",WINSTON
,,,,,Transfer,"Nov 19, 2013",SAN ANTON
345,Male,"Dec 22, 2005",343,344,"Birth/Ha
tch","Dec 22, 2005",BASEL
,,,,,Transfer,"Apr 03, 2007",ST LOUIS
,,,,,Transfer,"Jan 18, 2009",JACKSONVL
346,Female,"Dec 22, 2005",343,344,Birth/Ha tch,"Dec 22, 2005",BASEL
,,,,,Transfer,"Apr 03, 2007",ST LOUIS
347,Female,"Jul 06, 2007",226,206,"Birth/Ha
tch","Jul 06, 2007",TAUTPHAUS
,,,,,Transfer,"Oct 02, 2008",OMAHA
348,Female,"Jun 06, 2007",227,277,"Birth/Ha
tch","Jun 06, 2007",TOPEKA
,,,,,Death,"Jun 06, 2007",TOPEKA
349,Female,"Jun 06, 2007",227,277,Birth/Ha tch,"Jun 06, 2007",TOPEKA
,,,,,Transfer,"Apr 20, 2009",LUFKIN
350,Female,"Jun 07, 2007",227,277,Birth/Ha tch,"Jun 07, 2007",TOPEKA
,,,,,Death,"Jun 07, 2007",TOPEKA
351,"Undeter
mined","Jun 07, 2007",227,277,"Birth/Ha
tch","Jun 07, 2007",TOPEKA
,,,,,Death,"Jul 24, 2007",TOPEKA
352,Female,"Jul 24, 2008",108,95,"Birth/Ha
tch","Jul 24, 2008",FORTWORTH
,,,,,Transfer,"Oct 21, 2009",HOUSTON
353,Female,"Jul 24, 2008",108,95,"Birth/Ha
tch","Jul 24, 2008",FORTWORTH
,,,,,Transfer,"Oct 21, 2009",HOUSTON
,,,,,Death,"Jul 10, 2021",HOUSTON
354,Female,"Jul 24, 2008",108,95,Birth/Ha tch,"Jul 24, 2008",FORTWORTH
,,,,,Transfer,"Oct 21, 2009",HOUSTON
355,Male,"Jul 24, 2008",108,95,"Birth/Ha
tch","Jul 24, 2008",FORTWORTH
,,,,,Transfer,"Nov 05, 2010",TUCSON
,,,,,Death,"Jun 24, 2020",TUCSON
364,Female,"Oct 05, 2006",190,223,"Birth/Ha
tch","Oct 05, 2006",PUEBLO
,,,,,Death,"Oct 09, 2006",PUEBLO
366,Male,"Aug 15, 2008",98,110,"Birth/Ha
tch","Aug 15, 2008",SEDGWICK
,,,,,Transfer,"Aug 19, 2011",BROWNSVIL
367,Male,"Aug 15, 2008",98,110,Birth/Ha tch,"Aug 15, 2008",SEDGWICK
368,Male,"Jul 09, 2008",286,211,Birth/Ha tch,"Jul 09, 2008",GREENBAY
,,,,,Death,"Jul 20, 2008",GREENBAY
369,Male,"Jul 19, 2008",286,220,Birth/Ha tch,"Jul 19, 2008",GREENBAY
,,,,,Transfer,"Feb 03, 2009",JNGLARY F
370,Female,"Jul 19, 2008",286,220,Birth/Ha tch,"Jul 19, 2008",GREENBAY
,,,,,Transfer,"Feb 01, 2009 +/- 15 day",JNGLARY F
,,,,,Transfer,"Jan 12, 2013",AKRON
371,"Undeter
mined","Jul 19, 2008",286,220,"Birth/Ha
tch","Jul 19, 2008",GREENBAY
,,,,,Death,"Jul 21, 2008",GREENBAY
372,"Undeter
mined","Jul 22, 2008",286,220,"Birth/Ha
tch","Jul 22, 2008",GREENBAY
,,,,,Death,"Jul 22, 2008",GREENBAY
373,Female,"Nov 06, 2008",204,238,Birth/Ha tch,"Nov 06, 2008",NY BRONX
,,,,,Transfer,"Nov 10, 2010",HONOLULU
374,Male,"Jan 04, 2008",226,206,Birth/Ha tch,"Jan 04, 2008",TAUTPHAUS
,,,,,Death,"Jan 04, 2008",TAUTPHAUS
375,Male,"Nov 12, 2008",286,211,"Birth/Ha
tch","Nov 12, 2008",GREENBAY
,,,,,Transfer,"Apr 27, 2011",BUFFALO
,,,,,Death,"Mar 02, 2014",BUFFALO
376,Female,"Nov 12, 2008",286,211,"Birth/Ha
tch","Nov 12, 2008",GREENBAY
,,,,,Transfer,"Mar 21, 2011",MEMPHIS
377,Female,"Nov 12, 2008",286,211,"Birth/Ha
tch","Nov 12, 2008",GREENBAY
,,,,,Transfer,"Mar 21, 2011",MEMPHIS
378,Female,"Jan 04, 2008",226,206,Birth/Ha tch,"Jan 04, 2008",TAUTPHAUS
,,,,,Transfer,"Oct 02, 2008",OMAHA
379,Male,"Mar 24, 2009",152,205,"Birth/Ha
tch","Mar 24, 2009",TULSA
,,,,,Transfer,"Dec 16, 2011",PHILADELP
380,Male,"Mar 24, 2009",152,205,"Birth/Ha
tch","Mar 24, 2009",TULSA
,,,,,Transfer,"Feb 28, 2011",MEMPHIS
381,Male,"Mar 07, 2009",243,287,Birth/Ha tch,"Mar 07, 2009",GARDENCTY
,,,,,Transfer,"Mar 21, 2010",DALLAS
,,,,,Transfer,"Apr 08, 2015",FRANKLINP
382,Male,"Mar 07, 2009",243,287,"Birth/Ha
tch","Mar 07, 2009",GARDENCTY
,,,,,Transfer,"Mar 21, 2010",DALLAS
,,,,,Transfer,"Apr 08, 2015",FRANKLINP
383,Female,"Mar 07, 2009",243,287,"Birth/Ha
tch","Mar 07, 2009",GARDENCTY
,,,,,Transfer,"Oct 12, 2010",SEDGWICK
384,Undeter mined,"Mar 07, 2009",243,287,Birth/Ha tch,"Mar 07, 2009",GARDENCTY
,,,,,Death,"Mar 11, 2009",GARDENCTY
385,Female,"May 01, 2009",221,224,Birth/Ha tch,"May 01, 2009",MADISON
,,,,,Death,"May 01, 2009",MADISON
386,Male,"May 02, 2009",196,214,"Birth/Ha
tch","May 02, 2009",NORFOLK
,,,,,Transfer,"Aug 18, 2011",PITTSBURG
,,,,,Death,"Jul 08, 2019",PITTSBURG
387,Male,"May 02, 2009",196,214,"Birth/Ha
tch","May 02, 2009",NORFOLK
,,,,,Transfer,"Aug 18, 2011",PITTSBURG
,,,,,Transfer,"Jan 03, 2020",TIGER HAV
388,Male,"May 02, 2009",196,214,"Birth/Ha
tch","May 02, 2009",NORFOLK
,,,,,Transfer,"Jan 12, 2012",DISNEY AK
389,Female,"May 02, 2009",196,214,Birth/Ha tch,"May 02, 2009",NORFOLK
,,,,,Transfer,"Apr 27, 2011",KNOXVILLE
,,,,,Transfer,"Apr 28, 2022",DES MOINE
390,Male,"Sep 22, 2009",252,239,"Birth/Ha
tch","Sep 22, 2009",COLUMBUS
,,,,,Transfer,"Nov 01, 2011",PHOENIX
,,,,,Death,"Aug 21, 2018",PHOENIX
391,Female,"Sep 22, 2009",252,239,Birth/Ha tch,"Sep 22, 2009",COLUMBUS
,,,,,Transfer,"Nov 04, 2010",SEATTLE
,,,,,Death,"May 22, 2019",SEATTLE
392,Female,"Sep 22, 2009",252,239,"Birth/Ha
tch","Sep 22, 2009",COLUMBUS
,,,,,Transfer,"Oct 21, 2010",ASHEBORO
393,Male,"Jan 27, 2010",204,238,"Birth/Ha
tch","Jan 27, 2010",NY BRONX
,,,,,Transfer,"Mar 13, 2012",CHICAGOLP
,,,,,Transfer,"May 01, 2019 +/- 15 day",ROLLING H
,,,,,Death,"Sep 26, 2019",ROLLING H
394,Female,"Jan 27, 2010",204,238,"Birth/Ha
tch","Jan 27, 2010",NY BRONX
,,,,,Transfer,"Sep 29, 2011",METROZOO
,,,,,Death,"Mar 27, 2014",METROZOO
395,Female,"Jan 27, 2010",204,238,"Birth/Ha
tch","Jan 27, 2010",NY BRONX
,,,,,Transfer,"Sep 29, 2011",METROZOO
,,,,,Death,"Mar 22, 2021",METROZOO
396,Female,"Jan 27, 2010",204,238,"Birth/Ha
tch","Jan 27, 2010",NY BRONX
,,,,,Death,"Jan 30, 2010",NY BRONX
399,Male,"May 29, 2010",203,237,"Birth/Ha
tch","May 29, 2010",ABILENE
,,,,,Transfer,"Jan 08, 2013",PT SPAIN
400,Female,"May 29, 2010",203,237,"Birth/Ha
tch","May 29, 2010",ABILENE
,,,,,Transfer,"Dec 02, 2011",DISNEY AK
401,Male,"May 29, 2010",203,237,Birth/Ha tch,"May 29, 2010",ABILENE
,,,,,Transfer,"Jan 08, 2013",PT SPAIN
402,Female,"May 29, 2010",203,237,Birth/Ha tch,"May 29, 2010",ABILENE
,,,,,Transfer,"Dec 02, 2011",DISNEY AK
403,Male,"May 29, 2010",203,237,Birth/Ha tch,"May 29, 2010",ABILENE
,,,,,Transfer,"Jan 08, 2013",PT SPAIN
404,Female,"Mar 16, 2010",325,213,Birth/Ha tch,"Mar 16, 2010",RACINE
,,,,,Transfer,"Jun 06, 2012",BALTIMORE
,,,,,Death,"Oct 14, 2013",BALTIMORE
405,Female,"Mar 16, 2010",325,213,"Birth/Ha
tch","Mar 16, 2010",RACINE
,,,,,Transfer,"Jan 25, 2012",PHILADELP
406,"Undeter
mined","May 18, 2010",248,246,"Birth/Ha
tch","May 18, 2010",NZP-WASH
,,,,,Death,"May 20, 2010",NZP-WASH
407,Female,"Aug 31, 2010",248,247,"Birth/Ha
tch","Aug 31, 2010",NZP-WASH
,,,,,Transfer,"Oct 18, 2012",S BARBARA
,,,,,Transfer,"Apr 03, 2017",DES MOINE
408,Female,"Aug 31, 2010",248,247,"Birth/Ha
tch","Aug 31, 2010",NZP-WASH
,,,,,Transfer,"May 22, 2013",BUFFALO
409,Male,"Aug 31, 2010",248,247,"Birth/Ha
tch","Aug 31, 2010",NZP-WASH
,,,,,Transfer,"May 14, 2013",CINCINNAT
410,Female,"Aug 31, 2010",248,247,"Birth/Ha
tch","Aug 31, 2010",NZP-WASH
,,,,,Transfer,"Oct 18, 2012",S BARBARA
,,,,,Transfer,"Apr 03, 2017",DES MOINE
411,Male,"Sep 22, 2010",248,246,Birth/Ha tch,"Sep 22, 2010",NZP-WASH
,,,,,Transfer,"Jul 17, 2012",CALGARY
412,Male,"Sep 22, 2010",248,246,"Birth/Ha
tch","Sep 22, 2010",NZP-WASH
,,,,,Transfer,"Jul 17, 2012",CALGARY
413,Female,"Sep 22, 2010",248,246,"Birth/Ha
tch","Sep 22, 2010",NZP-WASH
,,,,,Transfer,"May 22, 2013",BUFFALO
414,Undeter mined,"Oct 18, 2010",93,314,Birth/Ha tch,"Oct 18, 2010",JACKSONVL
,,,,,Death,"Oct 18, 2010",JACKSONVL
415,Male,"Dec 18, 2010",221,224,Birth/Ha tch,"Dec 18, 2010",MADISON
,,,,,Transfer,"Oct 09, 2012",DES MOINE
416,Male,"Jun 05, 2010",108,95,"Birth/Ha
tch","Jun 05, 2010",FORTWORTH
,,,,,Death,"Jun 06, 2010",FORTWORTH
417,Female,"Sep 28, 2010",98,110,"Birth/Ha
tch","Sep 28, 2010",SEDGWICK
,,,,,Transfer,"Oct 11, 2012",MADISON
418,"Undeter
mined","Dec 13, 2010",316,346,"Birth/Ha
tch","Dec 13, 2010",ST LOUIS
,,,,,Death,"Dec 14, 2010",ST LOUIS
419,"Undeter
mined","Dec 13, 2010",316,346,"Birth/Ha
tch","Dec 13, 2010",ST LOUIS
,,,,,Death,"Dec 24, 2010",ST LOUIS
420,Male,"May 25, 2011",275,251,Birth/Ha tch,"May 25, 2011",BIRMINGHM
,,,,,Transfer,"Oct 10, 2012",MONTGOMRY
,,,,,Transfer,"Apr 09, 2014",HOGLE
421,Female,"May 25, 2011",275,251,"Birth/Ha
tch","May 25, 2011",BIRMINGHM
,,,,,Transfer,"May 09, 2013",PUEBLA
422,Male,"May 25, 2011",275,251,"Birth/Ha
tch","May 25, 2011",BIRMINGHM
,,,,,Transfer,"Oct 10, 2012",MONTGOMRY
,,,,,Transfer,"Apr 09, 2014",HOGLE
423,Female,"May 25, 2011",275,251,Birth/Ha tch,"May 25, 2011",BIRMINGHM
,,,,,Transfer,"May 09, 2013",PUEBLA
,,,,,Death,"Jul 15, 2020",PUEBLA
424,Female,"May 25, 2011",275,251,"Birth/Ha
tch","May 25, 2011",BIRMINGHM
,,,,,Transfer,"May 09, 2013",PUEBLA
,,,,,Death,"Mar 25, 2017",PUEBLA
425,Male,"Jul 24, 2011",225,197,Birth/Ha tch,"Jul 24, 2011",MILWAUKEE
,,,,,Transfer,"Dec 19, 2012",JOHN BALL
426,Male,"Jul 25, 2011",225,197,"Birth/Ha
tch","Jul 25, 2011",MILWAUKEE
,,,,,Transfer,"Nov 05, 2012",OKLAHOMA
427,Female,"Jul 25, 2011",225,197,"Birth/Ha
tch","Jul 25, 2011",MILWAUKEE
,,,,,Transfer,"Jan 29, 2013",CALDWELL
428,Female,"Jul 28, 2011",355,318,"Birth/Ha
tch","Jul 28, 2011",TUCSON
,,,,,Transfer,"Oct 09, 2012",RACINE
429,Male,"Jul 28, 2011",355,318,"Birth/Ha
tch","Jul 28, 2011",TUCSON
,,,,,Transfer,"Jan 30, 2013",CALDWELL
430,Male,"Jul 28, 2011",355,318,Birth/Ha tch,"Jul 28, 2011",TUCSON
,,,,,Transfer,"Jan 09, 2013",COLO SPRG
431,Female,"Jul 17, 2011",316,346,"Birth/Ha
tch","Jul 17, 2011",ST LOUIS
,,,,,Death,"Jul 17, 2011",ST LOUIS
432,Female,"Jul 17, 2011",316,346,"Birth/Ha
tch","Jul 17, 2011",ST LOUIS
,,,,,Transfer,"May 31, 2013",CINCINNAT
433,"Undeter
mined","Feb 15, 2012",316,346,"Birth/Ha
tch","Feb 15, 2012",ST LOUIS
,,,,,Death,"Feb 15, 2012",ST LOUIS
434,Male,"Feb 15, 2012",316,346,Birth/Ha tch,"Feb 15, 2012",ST LOUIS
,,,,,Death,"Feb 17, 2012",ST LOUIS
435,Female,"Feb 14, 2012",316,346,Birth/Ha tch,"Feb 14, 2012",ST LOUIS
,,,,,Transfer,"Apr 11, 2014",WINSTON
436,Female,"Feb 14, 2012",316,346,Birth/Ha tch,"Feb 14, 2012",ST LOUIS
,,,,,Transfer,"Apr 11, 2014",WINSTON
437,Male,"Jun 13, 2006",265,139,Birth/Ha tch,"Jun 13, 2006",WACO
,,,,,Death,"Jul 27, 2006",WACO
438,Female,"Jun 13, 2006",265,139,"Birth/Ha
tch","Jun 13, 2006",WACO
,,,,,Death,"Jun 18, 2006",WACO
439,Male,"Aug 04, 2011 +/- 15 day",442,443,"Birth/Ha
tch","Aug 04, 2011 +/- 15 day",BESTER
,,,,,Transfer,"Apr 05, 2012",FORTWORTH
,,,,,Transfer,"Nov 24, 2020",ABILENE
440,Female,"Jan 17, 2011 +/- 15 day",444,445,Birth/Ha tch,"Jan 17, 2011 +/- 15 day",BESTER
,,,,,Transfer,"Apr 05, 2012",FORTWORTH
,,,,,Transfer,"Nov 24, 2020",ABILENE
441,Female,"Feb 03, 2011 +/- 15 day",446,447,"Birth/Ha
tch","Feb 03, 2011 +/- 15 day",BESTER
,,,,,Transfer,"Apr 05, 2012",FORTWORTH
,,,,,Transfer,"Nov 24, 2020",ABILENE
448,Male,"Sep 09, 2010",452,451,Birth/Ha tch,"Sep 09, 2010",BESTER
,,,,,Transfer,"Dec 16, 2011",ROCHESTER
449,Female,"Sep 09, 2010",456,455,Birth/Ha tch,"Sep 09, 2010",BESTER
,,,,,Transfer,"Dec 16, 2011",ROCHESTER
450,Female,"Sep 09, 2010 +/- 1 day",454,453,Birth/Ha tch,"Sep 09, 2010 +/- 1 day",BESTER
,,,,,Transfer,"Dec 16, 2011",ROCHESTER
457,Female,"Sep 19, 2012",381,332,"Birth/Ha
tch","Sep 19, 2012",DALLAS
,,,,,Death,"Sep 19, 2012",DALLAS
458,Female,"Sep 19, 2012",381,332,"Birth/Ha
tch","Sep 19, 2012",DALLAS
,,,,,Death,"Sep 20, 2012",DALLAS
459,Male,"Sep 20, 2012",381,332,"Birth/Ha
tch","Sep 20, 2012",DALLAS
,,,,,Death,"Sep 20, 2012",DALLAS
460,Female,"Oct 05, 2012",204,238,Birth/Ha tch,"Oct 05, 2012",NY BRONX
,,,,,Death,"Oct 15, 2012",NY BRONX
461,Male,"Jul 28, 2012",274,349,"Birth/Ha
tch","Jul 28, 2012",LUFKIN
,,,,,Transfer,"Oct 24, 2012",DENVER
,,,,,Transfer,"Jun 26, 2013",DENVER
,,,,,Death,"Apr 30, 2016",DENVER
462,Male,"Nov 08, 2012",146,391,"Birth/Ha
tch","Nov 08, 2012",SEATTLE
,,,,,Transfer,"Mar 03, 2014",EL PASO
,,,,,Death,"Aug 01, 2020",EL PASO
463,Male,"Nov 08, 2012",146,391,Birth/Ha tch,"Nov 08, 2012",SEATTLE
,,,,,Transfer,"Jan 01, 2014 +/- 15 day",MADISON
464,Female,"Nov 08, 2012",146,391,"Birth/Ha
tch","Nov 08, 2012",SEATTLE
,,,,,Transfer,"Mar 10, 2014",HOGLE
465,Female,"Nov 08, 2012",146,391,"Birth/Ha
tch","Nov 08, 2012",SEATTLE
,,,,,Transfer,"Mar 10, 2014",HOGLE
466,Female,"Dec 15, 2012",313,373,"Birth/Ha
tch","Dec 15, 2012",HONOLULU
,,,,,Transfer,"May 27, 2015",LEON
467,Male,"Dec 15, 2012",313,373,"Birth/Ha
tch","Dec 15, 2012",HONOLULU
,,,,,Transfer,"Feb 12, 2014",WACO
468,Female,"Dec 15, 2012",313,373,Birth/Ha tch,"Dec 15, 2012",HONOLULU
,,,,,Transfer,"May 27, 2015",LEON
469,Male,"Dec 29, 2012",122,378,Birth/Ha tch,"Dec 29, 2012",OMAHA
,,,,,Transfer,"May 02, 2014",ALEXANDRI
470,Female,"Dec 29, 2012",122,378,Birth/Ha tch,"Dec 29, 2012",OMAHA
,,,,,Transfer,"Apr 19, 2014",W PALM BE
471,Female,"Dec 29, 2012",122,378,Birth/Ha tch,"Dec 29, 2012",OMAHA
,,,,,Transfer,"Apr 19, 2014",W PALM BE
472,Female,"Jun 30, 2012",93,314,"Birth/Ha
tch","Jun 30, 2012",JACKSONVL
,,,,,Transfer,"Sep 25, 2014",DENVER
473,Male,"Jan 24, 2009 +/-
6 month",WILD,"WIL
D","Birth/Ha
tch","Jan 24, 2009 +/-
6 month",Sudan / ~
,,,,,"Wild
Capture","Jan 24, 2009 +/-
6 month",Sudan / ~
,,,,,Transfer,"Apr 12, 2009",PRIVATE
,,,,,Transfer,"Oct 25, 2012",DETROIT
475,Male,"Jun 24, 2012",473,474,"Birth/Ha
tch","Jun 24, 2012",PRIVATE
,,,,,Transfer,"Oct 25, 2012",DENVER
,,,,,Transfer,"Jun 13, 2013",WINSTON
476,Male,"Jun 24, 2012",473,474,"Birth/Ha
tch","Jun 24, 2012",PRIVATE
,,,,,Transfer,"Oct 25, 2012",DENVER
,,,,,Transfer,"Jun 13, 2013",WINSTON
477,Female,"Jun 24, 2012",473,474,"Birth/Ha
tch","Jun 24, 2012",PRIVATE
,,,,,Transfer,"Oct 24, 2012",DENVER
478,Male,"Mar 07, 2013",448,450,"Birth/Ha
tch","Mar 07, 2013",ROCHESTER
,,,,,Death,"Mar 21, 2013",ROCHESTER
479,Male,"Mar 07, 2013",448,450,Birth/Ha tch,"Mar 07, 2013",ROCHESTER
,,,,,Transfer,"Dec 08, 2014",BUFFALO
480,Female,"Mar 07, 2013",448,450,Birth/Ha tch,"Mar 07, 2013",ROCHESTER
,,,,,Transfer,"Dec 01, 2015",MILWAUKEE
,,,,,Transfer,"Jan 10, 2020",LOUISVILL
481,Male,"Mar 07, 2013",448,450,Birth/Ha tch,"Mar 07, 2013",ROCHESTER
,,,,,Death,"Mar 13, 2013",ROCHESTER
486,Male,"Feb 20, 2013",482,483,Birth/Ha tch,"Feb 20, 2013",BESTER
,,,,,Transfer,"May 17, 2013",BUSCH TAM
487,Female,"Mar 20, 2013",484,485,"Birth/Ha
tch","Mar 20, 2013",BESTER
,,,,,Transfer,"May 17, 2013",BUSCH TAM
488,Female,"Mar 20, 2013",484,485,"Birth/Ha
tch","Mar 20, 2013",BESTER
,,,,,Transfer,"May 17, 2013",BUSCH TAM
489,Male,"Mar 06, 2013",204,238,"Birth/Ha
tch","Mar 06, 2013",NY BRONX
,,,,,Death,"Mar 06, 2013",NY BRONX
490,Female,"Mar 06, 2013",204,238,"Birth/Ha
tch","Mar 06, 2013",NY BRONX
,,,,,Transfer,"Jul 25, 2013",ROCHESTER
,,,,,Transfer,"Dec 01, 2015",MILWAUKEE
,,,,,Transfer,"Jan 09, 2020",LOUISVILL
491,Male,"Dec 29, 2012",122,378,"Birth/Ha
tch","Dec 29, 2012",OMAHA
,,,,,Transfer,"May 12, 2016",LEON
492,Female,"Dec 29, 2012",122,378,"Birth/Ha
tch","Dec 29, 2012",OMAHA
,,,,,Transfer,"Apr 18, 2014",W PALM BE
493,"Undeter
mined","Jan 12, 2013",122,347,"Birth/Ha
tch","Jan 12, 2013",OMAHA
,,,,,Death,"Jan 12, 2013",OMAHA
494,Undeter mined,"Jan 12, 2013",122,347,Birth/Ha tch,"Jan 12, 2013",OMAHA
,,,,,Death,"Jan 12, 2013",OMAHA
495,Undeter mined,"Jan 12, 2013",122,347,Birth/Ha tch,"Jan 12, 2013",OMAHA
,,,,,Death,"Jan 12, 2013",OMAHA
496,Undeter mined,"Jan 14, 2013",122,347,Birth/Ha tch,"Jan 14, 2013",OMAHA
,,,,,Death,"Jan 14, 2013",OMAHA
497,Male,"Sep 24, 2013",MULT 1,395,Birth/Ha tch,"Sep 24, 2013",METROZOO
,,,,,Death,"Oct 08, 2013",METROZOO
498,Male,"Sep 24, 2013","MULT
1",395,"Birth/Ha
tch","Sep 24, 2013",METROZOO
,,,,,Death,"Nov 19, 2013",METROZOO
499,Female,"Sep 24, 2013","MULT
1",395,"Birth/Ha
tch","Sep 24, 2013",METROZOO
,,,,,Transfer,"Dec 08, 2013",BALTIMORE
500,Female,"Aug 16, 2013",204,238,"Birth/Ha
tch","Aug 16, 2013",NY BRONX
,,,,,Transfer,"Apr 13, 2017",W ORANGE
,,,,,Death,"Jul 19, 2019",W ORANGE
501,Male,"Aug 16, 2013",204,238,Birth/Ha tch,"Aug 16, 2013",NY BRONX
502,Male,"Aug 16, 2013",204,238,Birth/Ha tch,"Aug 16, 2013",NY BRONX
503,Male,"Aug 16, 2013",204,238,Birth/Ha tch,"Aug 16, 2013",NY BRONX
504,Male,"Oct 04, 2013",301,404,"Birth/Ha
tch","Oct 04, 2013",BALTIMORE
,,,,,Transfer,"Jul 01, 2018 +/- 15 day",BOISE
505,Female,"Oct 04, 2013",301,404,Birth/Ha tch,"Oct 04, 2013",BALTIMORE
,,,,,Transfer,"Nov 19, 2015",WACO
506,Male,"Oct 04, 2013",301,404,"Birth/Ha
tch","Oct 04, 2013",BALTIMORE
,,,,,Death,"Oct 04, 2013",BALTIMORE
507,Male,"Oct 04, 2013",301,404,"Birth/Ha
tch","Oct 04, 2013",BALTIMORE
,,,,,Death,"Oct 04, 2013",BALTIMORE
508,Male,"Nov 19, 2013",236,218,"Birth/Ha
tch","Nov 19, 2013",ATLANTA
509,Female,"Nov 19, 2013",236,218,Birth/Ha tch,"Nov 19, 2013",ATLANTA
,,,,,Transfer,"Jun 05, 2015",FRESNO
510,Male,"Nov 19, 2013",236,218,Birth/Ha tch,"Nov 19, 2013",ATLANTA
511,Male,"Nov 19, 2013",236,218,Birth/Ha tch,"Nov 19, 2013",ATLANTA
512,Male,"Dec 06, 2013",253,256,Birth/Ha tch,"Dec 06, 2013",SD-WAP
,,,,,Transfer,"Mar 30, 2016",ABQBIOPK
513,Female,"Dec 06, 2013",253,256,Birth/Ha tch,"Dec 06, 2013",SD-WAP
,,,,,Transfer,"Mar 30, 2016",ABQBIOPK
514,"Undeter
mined","Jul 11, 2013","MULT
1",394,"Birth/Ha
tch","Jul 11, 2013",METROZOO
,,,,,Death,"Jul 11, 2013",METROZOO
515,"Undeter
mined","Jul 11, 2013","MULT
1",394,"Birth/Ha
tch","Jul 11, 2013",METROZOO
,,,,,Death,"Jul 12, 2013",METROZOO
516,"Undeter
mined","Jul 11, 2013","MULT
1",394,"Birth/Ha
tch","Jul 11, 2013",METROZOO
,,,,,Death,"Jul 12, 2013",METROZOO
517,"Undeter
mined","Jul 11, 2013","MULT
1",394,"Birth/Ha
tch","Jul 11, 2013",METROZOO
,,,,,Death,"Jul 12, 2013",METROZOO
518,Female,"Sep 07, 2013",312,341,Birth/Ha tch,"Sep 07, 2013",PORTLAND
,,,,,Transfer,"Apr 08, 2015",CHICAGOLP
,,,,,Transfer,"Jun 05, 2019",ROLLING H
519,Female,"Sep 07, 2013",312,341,"Birth/Ha
tch","Sep 07, 2013",PORTLAND
,,,,,Transfer,"Apr 08, 2015",CHICAGOLP
,,,,,Transfer,"Jun 05, 2019",ROLLING H
520,Female,"Sep 07, 2013",312,341,"Birth/Ha
tch","Sep 07, 2013",PORTLAND
,,,,,Transfer,"Jun 24, 2015",ALEXANDRI
521,Male,"Dec 15, 2013",MULT 1,394,Birth/Ha tch,"Dec 15, 2013",METROZOO
,,,,,Transfer,"Dec 22, 2014",W PALM BE
522,Female,"Jan 24, 2014",248,246,Birth/Ha tch,"Jan 24, 2014",NZP-WASH
,,,,,Transfer,"Oct 26, 2017",ERIE
523,"Undeter
mined","Jan 24, 2014",248,246,"Birth/Ha
tch","Jan 24, 2014",NZP-WASH
,,,,,Death,"Jan 24, 2014",NZP-WASH
524,Female,"Jan 24, 2014",248,246,"Birth/Ha
tch","Jan 24, 2014",NZP-WASH
,,,,,Transfer,"Oct 26, 2017",ERIE
525,Male,"Mar 02, 2014",248,247,"Birth/Ha
tch","Mar 02, 2014",NZP-WASH
526,Male,"Mar 02, 2014",248,247,"Birth/Ha
tch","Mar 02, 2014",NZP-WASH
527,Male,"Mar 02, 2014",248,247,"Birth/Ha
tch","Mar 02, 2014",NZP-WASH
,,,,,Transfer,"Nov 18, 2015",FRESNO
528,Female,"Mar 02, 2014",248,247,"Birth/Ha
tch","Mar 02, 2014",NZP-WASH
529,Female,"Dec 23, 2013",355,318,"Birth/Ha
tch","Dec 23, 2013",TUCSON
,,,,,Death,"Dec 24, 2013",TUCSON
530,Female,"Dec 23, 2013",355,318,"Birth/Ha
tch","Dec 23, 2013",TUCSON
531,Male,"Dec 23, 2013",355,318,"Birth/Ha
tch","Dec 23, 2013",TUCSON
,,,,,Transfer,"Apr 11, 2016",AUSTIN ZO
,,,,,GO LTF,"Apr 11, 2016",AUSTIN ZO
532,Male,"Dec 23, 2013",355,318,Birth/Ha tch,"Dec 23, 2013",TUCSON
,,,,,Death,"Oct 07, 2015",TUCSON
533,Male,"Dec 23, 2013",355,318,"Birth/Ha
tch","Dec 23, 2013",TUCSON
,,,,,Transfer,"Apr 16, 2016",AUSTIN ZO
,,,,,GO LTF,"Apr 16, 2016",AUSTIN ZO
534,Male,"Jan 22, 2014",429,427,Birth/Ha tch,"Jan 22, 2014",CALDWELL
,,,,,Transfer,"Dec 10, 2015",CLEVELAND
535,Female,"Jan 22, 2014",429,427,"Birth/Ha
tch","Jan 22, 2014",CALDWELL
536,Female,"Jan 22, 2014",429,427,"Birth/Ha
tch","Jan 22, 2014",CALDWELL
537,Female,"Jan 22, 2014",429,427,"Birth/Ha
tch","Jan 22, 2014",CALDWELL
538,Male,"Mar 06, 2014",MULT 1,395,Birth/Ha tch,"Mar 06, 2014",METROZOO
,,,,,Transfer,"Dec 22, 2014",W PALM BE
539,Male,"Mar 06, 2014","MULT
1",395,"Birth/Ha
tch","Mar 06, 2014",METROZOO
,,,,,Transfer,"Nov 07, 2016",GARDENCTY
540,Male,"Mar 06, 2014","MULT
1",395,"Birth/Ha
tch","Mar 06, 2014",METROZOO
,,,,,Transfer,"Nov 07, 2016",GARDENCTY
541,Female,"Mar 06, 2014","MULT
1",395,"Birth/Ha
tch","Mar 06, 2014",METROZOO
542,Female,"Jun 25, 2014",379,405,"Birth/Ha
tch","Jun 25, 2014",PHILADELP
,,,,,Transfer,"Jun 13, 2019",CALGARY
543,Female,"Jun 25, 2014",379,405,"Birth/Ha
tch","Jun 25, 2014",PHILADELP
,,,,,Transfer,"May 30, 2019",AKRON
544,Female,"Jun 26, 2014",379,405,Birth/Ha tch,"Jun 26, 2014",PHILADELP
,,,,,Transfer,"Jun 30, 2019",CALGARY
545,Female,"Jun 26, 2014",379,405,Birth/Ha tch,"Jun 26, 2014",PHILADELP
,,,,,Transfer,"May 30, 2019",AKRON
546,Male,"Jun 22, 2014",253,256,"Birth/Ha
tch","Jun 22, 2014",SD-WAP
,,,,,Transfer,"Jul 03, 2019",SANDIEGOZ
547,Female,"Jun 22, 2014",253,256,Birth/Ha tch,"Jun 22, 2014",SD-WAP
,,,,,Transfer,"Mar 17, 2018",SYDNEY
,,,,,GO LTF,"Mar 17, 2018",SYDNEY
548,Female,"Jun 22, 2014",253,256,"Birth/Ha
tch","Jun 22, 2014",SD-WAP
,,,,,Transfer,"Mar 17, 2018",SYDNEY
,,,,,GO LTF,"Mar 17, 2018",SYDNEY
549,Female,"Jun 22, 2014",253,256,"Birth/Ha
tch","Jun 22, 2014",SD-WAP
,,,,,Transfer,"Jul 03, 2019",SANDIEGOZ
550,Male,"Jul 07, 2014",325,428,Birth/Ha tch,"Jul 07, 2014",RACINE
,,,,,Transfer,"Jul 01, 2017 +/- 15 day",BATTLE CR
551,Female,"Jul 07, 2014",325,428,Birth/Ha tch,"Jul 07, 2014",RACINE
552,Male,"Jul 07, 2014",325,428,Birth/Ha tch,"Jul 07, 2014",RACINE
,,,,,Transfer,"Nov 28, 2016",FT WAYNE
553,Male,"Jul 30, 2014",148,392,"Birth/Ha
tch","Jul 30, 2014",ASHEBORO
,,,,,Transfer,"Sep 29, 2020",W PALM BE
554,Male,"Jul 30, 2014",148,392,"Birth/Ha
tch","Jul 30, 2014",ASHEBORO
,,,,,Transfer,"Sep 29, 2020",W PALM BE
555,Female,"Jul 30, 2014",148,392,"Birth/Ha
tch","Jul 30, 2014",ASHEBORO
,,,,,Transfer,"Jul 14, 2017",BATTLE CR
556,Female,"Jul 30, 2014",148,392,Birth/Ha tch,"Jul 30, 2014",ASHEBORO
,,,,,Transfer,"Jul 14, 2017",BATTLE CR
557,Male,"Sep 10, 2014",345,314,Birth/Ha tch,"Sep 10, 2014",JACKSONVL
,,,,,Death,"Aug 20, 2018",JACKSONVL
558,Male,"Sep 10, 2014",345,314,Birth/Ha tch,"Sep 10, 2014",JACKSONVL
559,Female,"Sep 10, 2014",345,314,Birth/Ha tch,"Sep 10, 2014",JACKSONVL
560,Female,"Oct 24, 2014",262,282,Birth/Ha tch,"Oct 24, 2014",SACRAMNTO
,,,,,Transfer,"Oct 11, 2017",LITTLEROC
561,Female,"Oct 24, 2014",262,282,Birth/Ha tch,"Oct 24, 2014",SACRAMNTO
,,,,,Transfer,"Oct 11, 2017",LITTLEROC
562,Male,"Oct 24, 2014",262,282,"Birth/Ha
tch","Oct 24, 2014",SACRAMNTO
,,,,,Transfer,"Apr 17, 2017",W ORANGE
563,Female,"Sep 08, 2014",312,329,"Birth/Ha
tch","Sep 08, 2014",PORTLAND
,,,,,Death,"Sep 11, 2014",PORTLAND
564,Male,"Sep 08, 2014",312,329,"Birth/Ha
tch","Sep 08, 2014",PORTLAND
,,,,,Transfer,"Nov 17, 2017",HOUSTON
565,Female,"Sep 08, 2014",312,329,"Birth/Ha
tch","Sep 08, 2014",PORTLAND
566,Female,"Sep 08, 2014",312,329,"Birth/Ha
tch","Sep 08, 2014",PORTLAND
567,Male,"Nov 21, 2014",122,378,"Birth/Ha
tch","Nov 21, 2014",OMAHA
568,Male,"Nov 21, 2014",122,378,"Birth/Ha
tch","Nov 21, 2014",OMAHA
569,Female,"Nov 21, 2014",122,378,"Birth/Ha
tch","Nov 21, 2014",OMAHA
570,Male,"Oct 24, 2014",310,391,"Birth/Ha
tch","Oct 24, 2014",SEATTLE
,,,,,Transfer,"May 25, 2016",OAKLAND
571,Male,"Oct 24, 2014",310,391,"Birth/Ha
tch","Oct 24, 2014",SEATTLE
,,,,,Transfer,"May 25, 2016",OAKLAND
572,Male,"Oct 24, 2014",310,391,"Birth/Ha
tch","Oct 24, 2014",SEATTLE
,,,,,Transfer,"May 25, 2016",OAKLAND
573,Male,"Mar 30, 2015",439,440,Birth/Ha tch,"Mar 30, 2015",FORTWORTH
,,,,,Transfer,"May 02, 2018",LOUISVILL
574,Female,"Mar 30, 2015",439,440,Birth/Ha tch,"Mar 30, 2015",FORTWORTH
,,,,,Transfer,"May 30, 2017",COLUMBIA
575,Female,"Mar 30, 2015",439,440,"Birth/Ha
tch","Mar 30, 2015",FORTWORTH
,,,,,Transfer,"May 30, 2017",COLUMBIA
576,Male,"May 17, 2015",243,287,"Birth/Ha
tch","May 17, 2015",GARDENCTY
,,,,,Transfer,"Jul 12, 2016",DENVER
577,Male,"May 17, 2015",243,287,"Birth/Ha
tch","May 17, 2015",GARDENCTY
,,,,,Transfer,"Jul 12, 2016",DENVER
578,Male,"May 17, 2015",243,287,"Birth/Ha
tch","May 17, 2015",GARDENCTY
,,,,,Transfer,"Jul 12, 2016",DENVER
579,Male,"May 17, 2015",243,287,Birth/Ha tch,"May 17, 2015",GARDENCTY
,,,,,Transfer,"Jul 12, 2016",DENVER
580,Female,"May 17, 2015",243,287,Birth/Ha tch,"May 17, 2015",GARDENCTY
581,Male,"Jun 08, 2015",MULT 2,435,Birth/Ha tch,"Jun 08, 2015",WINSTON
,,,,,Transfer,"Jul 16, 2020",KNOXVILLE
582,Female,"Jun 08, 2015","MULT
2",435,"Birth/Ha
tch","Jun 08, 2015",WINSTON
,,,,,Transfer,"Mar 07, 2018",OKLAHOMA
583,Female,"Jun 08, 2015","MULT
2",435,"Birth/Ha
tch","Jun 08, 2015",WINSTON
,,,,,Transfer,"Oct 15, 2019",ST PAUL
584,Female,"Jun 08, 2015","MULT
2",435,"Birth/Ha
tch","Jun 08, 2015",WINSTON
,,,,,Transfer,"Mar 07, 2018",OKLAHOMA
585,Male,"Jan 28, 2015",475,436,Birth/Ha tch,"Jan 28, 2015",WINSTON
,,,,,Transfer,"Feb 23, 2019",AUDUBON
586,Male,"Jan 28, 2015",475,436,Birth/Ha tch,"Jan 28, 2015",WINSTON
,,,,,Death,"Feb 05, 2015",WINSTON
587,Male,"Jan 28, 2015",475,436,"Birth/Ha
tch","Jan 28, 2015",WINSTON
,,,,,Death,"Apr 13, 2015",WINSTON
588,Female,"Jan 28, 2015",475,436,"Birth/Ha
tch","Jan 28, 2015",WINSTON
,,,,,Transfer,"Oct 01, 2016 +/- 15 day",SEDGWICK
,,,,,Transfer,"Feb 22, 2020",MILWAUKEE
589,Female,"Jul 25, 2015",342,317,"Birth/Ha
tch","Jul 25, 2015",SAN ANTON
590,Male,"Jul 25, 2015",342,317,"Birth/Ha
tch","Jul 25, 2015",SAN ANTON
,,,,,Transfer,"Apr 12, 2022",BIRMINGHM
591,Male,"Jul 26, 2015",342,317,Birth/Ha tch,"Jul 26, 2015",SAN ANTON
,,,,,Transfer,"Nov 12, 2020",TUCSON
592,Male,"Aug 30, 2015",198,206,Birth/Ha tch,"Aug 30, 2015",SAN FRAN
593,Male,"Sep 21, 2015",319,244,Birth/Ha tch,"Sep 21, 2015",INDIANAPL
594,Male,"Sep 21, 2015",319,244,Birth/Ha tch,"Sep 21, 2015",INDIANAPL
,,,,,Transfer,"May 05, 2020",S BARBARA
595,Female,"Sep 21, 2015",319,244,"Birth/Ha
tch","Sep 21, 2015",INDIANAPL
596,Male,"Jan 14, 2016",190,292,Birth/Ha tch,"Jan 14, 2016",PUEBLO
,,,,,Transfer,"May 22, 2019 +/- 15 day",ST PAUL
597,Male,"Aug 16, 2015",252,239,"Birth/Ha
tch","Aug 16, 2015",COLUMBUS
,,,,,Transfer,"Mar 09, 2019",PHOENIX
602,Male,"Aug 20, 2015",252,245,Birth/Ha tch,"Aug 20, 2015",COLUMBUS
,,,,,Transfer,"Apr 05, 2019",AKRON
603,Male,"Aug 20, 2015",252,245,Birth/Ha tch,"Aug 20, 2015",COLUMBUS
,,,,,Transfer,"Sep 06, 2017",GREENBAY
604,Male,"Sep 10, 2015",461,472,"Birth/Ha
tch","Sep 10, 2015",DENVER
,,,,,Transfer,"Apr 24, 2018",TULSA
605,Female,"Sep 10, 2015",461,472,"Birth/Ha
tch","Sep 10, 2015",DENVER
606,Male,"Mar 05, 2016",479,408,"Birth/Ha
tch","Mar 05, 2016",BUFFALO
,,,,,Transfer,"Dec 18, 2018",DENVER
607,"Undeter
mined","Mar 05, 2016",479,408,"Birth/Ha
tch","Mar 05, 2016",BUFFALO
,,,,,Death,"Mar 08, 2016",BUFFALO
608,"Undeter
mined","Mar 05, 2016",479,408,"Birth/Ha
tch","Mar 05, 2016",BUFFALO
,,,,,Death,"Mar 06, 2016",BUFFALO
609,Undeter mined,"Mar 05, 2016",479,408,Birth/Ha tch,"Mar 05, 2016",BUFFALO
,,,,,Death,"Mar 06, 2016",BUFFALO
610,Male,"Jan 02, 2016",236,333,Birth/Ha tch,"Jan 02, 2016",DALLAS
,,,,,Death,"Jan 02, 2016",DALLAS
611,Male,"Jan 02, 2016",236,333,"Birth/Ha
tch","Jan 02, 2016",DALLAS
,,,,,Death,"Jan 02, 2016",DALLAS
612,Male,"Jun 25, 2015",430,303,"Birth/Ha
tch","Jun 25, 2015",COLO SPRG
613,Male,"Jun 25, 2015",430,303,"Birth/Ha
tch","Jun 25, 2015",COLO SPRG
614,Female,"Jun 25, 2015",430,303,"Birth/Ha
tch","Jun 25, 2015",COLO SPRG
615,Female,"Dec 04, 2015",280,229,Birth/Ha tch,"Dec 04, 2015",GLEN OAK
,,,,,Transfer,"Feb 23, 2019",AUDUBON
616,Female,"Dec 04, 2015",280,229,Birth/Ha tch,"Dec 04, 2015",GLEN OAK
,,,,,Transfer,"Feb 23, 2019",AUDUBON
617,Female,"Dec 04, 2015",280,229,"Birth/Ha
tch","Dec 04, 2015",GLEN OAK
,,,,,Transfer,"Feb 23, 2019",AUDUBON
618,Female,"May 12, 2016",479,413,"Birth/Ha
tch","May 12, 2016",BUFFALO
,,,,,Transfer,"Mar 19, 2019",DETROIT
619,Female,"May 12, 2016",479,413,"Birth/Ha
tch","May 12, 2016",BUFFALO
,,,,,Transfer,"Mar 19, 2019 +/-
6 month",DETROIT
620,Male,"May 12, 2016",479,413,"Birth/Ha
tch","May 12, 2016",BUFFALO
,,,,,Transfer,"Jun 23, 2020",COLUMBUS
621,Female,"Nov 13, 2014",409,432,"Birth/Ha
tch","Nov 13, 2014",CINCINNAT
,,,,,Transfer,"Aug 29, 2018",TWAS
,,,,,GO LTF,"Oct 27, 2018",TWAS
622,Female,"Nov 13, 2014",409,432,Birth/Ha tch,"Nov 13, 2014",CINCINNAT
,,,,,Death,"Sep 18, 2019",CINCINNAT
623,Female,"Jul 22, 2014",409,432,"Birth/Ha
tch","Jul 22, 2014",CINCINNAT
,,,,,Transfer,"Aug 29, 2018",TWAS
,,,,,GO LTF,"Oct 27, 2018",TWAS
624,"Undeter
mined","Oct 11, 2016",527,218,"Birth/Ha
tch","Oct 11, 2016",FRESNO
,,,,,Death,"Oct 11, 2016",FRESNO
625,Male,"Oct 11, 2016",527,218,"Birth/Ha
tch","Oct 11, 2016",FRESNO
,,,,,Transfer,"Feb 07, 2020",DALLAS
626,Undeter mined,"Oct 12, 2016",527,218,Birth/Ha tch,"Oct 12, 2016",FRESNO
,,,,,Death,"Oct 12, 2016",FRESNO
627,Male,"Feb 27, 2017",463,417,Birth/Ha tch,"Feb 27, 2017",MADISON
,,,,,Transfer,"Mar 28, 2022",NORFOLK
628,Male,"Feb 27, 2017",463,417,"Birth/Ha
tch","Feb 27, 2017",MADISON
,,,,,Transfer,"Apr 14, 2021",LITTLEROC
629,Male,"Feb 17, 2017",226,200,"Birth/Ha
tch","Feb 17, 2017",TAUTPHAUS
630,Female,"Mar 17, 2017",236,333,"Birth/Ha
tch","Mar 17, 2017",DALLAS
631,Male,"Feb 24, 2016",422,464,"Birth/Ha
tch","Feb 24, 2016",HOGLE
,,,,,Transfer,"Mar 17, 2020",CHICAGOBR
632,Male,"Dec 04, 2015",280,229,"Birth/Ha
tch","Dec 04, 2015",GLEN OAK
,,,,,Death,"Dec 09, 2015",GLEN OAK
633,"Undeter
mined","Sep 10, 2015",461,472,"Birth/Ha
tch","Sep 10, 2015",DENVER
,,,,,Death,"Sep 10, 2015",DENVER
634,Male,"Jul 15, 2016",274,349,"Birth/Ha
tch","Jul 15, 2016",LUFKIN
635,"Undeter
mined","Jun 25, 2015",430,303,"Birth/Ha
tch","Jun 25, 2015",COLO SPRG
,,,,,Death,"Jun 25, 2015",COLO SPRG
636,Male,"Jul 04, 2015",430,303,Birth/Ha tch,"Jul 04, 2015",COLO SPRG
,,,,,Death,"Jul 04, 2015",COLO SPRG
637,Female,"Feb 24, 2016",422,464,Birth/Ha tch,"Feb 24, 2016",HOGLE
638,Male,"Feb 24, 2016",422,464,Birth/Ha tch,"Feb 24, 2016",HOGLE
,,,,,Transfer,"Mar 17, 2020",CHICAGOBR
639,Male,"Oct 25, 2017",190,292,Birth/Ha tch,"Oct 25, 2017",PUEBLO
,,,,,Transfer,"Nov 08, 2021",EL PASO
640,Female,"Oct 25, 2017",190,292,Birth/Ha tch,"Oct 25, 2017",PUEBLO
641,Female,"Oct 25, 2017",190,292,Birth/Ha tch,"Oct 25, 2017",PUEBLO
642,Female,"Nov 14, 2017",415,410,Birth/Ha tch,"Nov 14, 2017",DES MOINE
,,,,,Transfer,"Apr 26, 2022",NORFOLK
643,Female,"Nov 14, 2017",415,410,Birth/Ha tch,"Nov 14, 2017",DES MOINE
,,,,,Transfer,"Apr 26, 2022",NORFOLK
644,Male,"Nov 14, 2017",415,410,"Birth/Ha
tch","Nov 14, 2017",DES MOINE
,,,,,Transfer,"Aug 27, 2021",CHICAGOLP
645,Undeter mined,"Nov 14, 2017",415,410,Birth/Ha tch,"Nov 14, 2017",DES MOINE
,,,,,Death,"Nov 14, 2017",DES MOINE
646,Female,"Nov 14, 2017",415,410,"Birth/Ha
tch","Nov 14, 2017",DES MOINE
,,,,,Death,"Nov 14, 2017",DES MOINE
647,Female,"Oct 21, 2017",367,588,"Birth/Ha
tch","Oct 21, 2017",SEDGWICK
,,,,,Transfer,"Feb 22, 2020",MILWAUKEE
648,Female,"Oct 21, 2017",367,588,"Birth/Ha
tch","Oct 21, 2017",SEDGWICK
,,,,,Transfer,"Feb 22, 2020",MILWAUKEE
649,Female,"Oct 05, 2017",467,505,Birth/Ha tch,"Oct 05, 2017",WACO
650,Male,"Oct 28, 2017",196,214,"Birth/Ha
tch","Oct 28, 2017",NORFOLK
,,,,,Death,"Oct 13, 2021",NORFOLK
651,Female,"Apr 10, 2018",215,575,"Birth/Ha
tch","Apr 10, 2018",COLUMBIA
,,,,,Transfer,"Jul 28, 2021",CHICAGOLP
652,Female,"Apr 10, 2018",215,575,Birth/Ha tch,"Apr 10, 2018",COLUMBIA
,,,,,Transfer,"May 06, 2020",S BARBARA
653,Female,"Apr 10, 2018",215,575,"Birth/Ha
tch","Apr 10, 2018",COLUMBIA
,,,,,Transfer,"Nov 19, 2020",KNOXVILLE
654,Male,"Apr 14, 2018",215,574,"Birth/Ha
tch","Apr 14, 2018",COLUMBIA
,,,,,Death,"Apr 14, 2018",COLUMBIA
655,Female,"Apr 14, 2018",215,574,"Birth/Ha
tch","Apr 14, 2018",COLUMBIA
,,,,,Death,"Apr 22, 2018",COLUMBIA
656,Female,"Jul 18, 2017",226,200,"Birth/Ha
tch","Jul 18, 2017",TAUTPHAUS
,,,,,Transfer,"Oct 01, 2019",SEATTLE
657,Female,"Jul 18, 2017",226,200,Birth/Ha tch,"Jul 18, 2017",TAUTPHAUS
,,,,,Transfer,"Oct 01, 2019",SEATTLE
658,"Undeter
mined","Oct 01, 2018",215,574,"Birth/Ha
tch","Oct 01, 2018",COLUMBIA
,,,,,Death,"Oct 01, 2018",COLUMBIA
659,Female,"Oct 01, 2018",215,574,"Birth/Ha
tch","Oct 01, 2018",COLUMBIA
,,,,,Transfer,"Jul 28, 2021",CHICAGOLP
660,Female,"Oct 01, 2018",215,574,"Birth/Ha
tch","Oct 01, 2018",COLUMBIA
,,,,,Transfer,"Jul 28, 2021",CHICAGOLP
661,Male,"May 14, 2019",369,281,Birth/Ha tch,"May 14, 2019",JNGLARY F
,,,,,Transfer,"Apr 27, 2022",BREVARD
662,Male,"May 14, 2019",369,281,Birth/Ha tch,"May 14, 2019",JNGLARY F
,,,,,Transfer,"Apr 27, 2022",BREVARD
663,Male,"May 14, 2019",369,281,Birth/Ha tch,"May 14, 2019",JNGLARY F
,,,,,Transfer,"Apr 27, 2022",BREVARD
664,Male,"Jan 11, 2020",585,616,Birth/Ha tch,"Jan 11, 2020",AUDUBON
,,,,,Death,"Jan 12, 2020",AUDUBON
665,Male,"Jan 11, 2020",585,616,"Birth/Ha
tch","Jan 11, 2020",AUDUBON
666,Male,"Jan 11, 2020",585,616,"Birth/Ha
tch","Jan 11, 2020",AUDUBON
670,Male,"Aug 17, 2020",625,630,"Birth/Ha
tch","Aug 17, 2020",DALLAS
671,Female,"Aug 17, 2020",625,630,Birth/Ha tch,"Aug 17, 2020",DALLAS
672,Female,"Aug 17, 2020",625,630,Birth/Ha tch,"Aug 17, 2020",DALLAS
673,Female,"Nov 05, 2020",594,652,Birth/Ha tch,"Nov 05, 2020",S BARBARA
674,"Undeter
mined","Nov 09, 2020",594,652,"Birth/Ha
tch","Nov 09, 2020",S BARBARA
,,,,,Death,"Nov 09, 2020",S BARBARA
675,Female,"Apr 23, 2020",606,605,Birth/Ha tch,"Apr 23, 2020",DENVER
676,Male,"Apr 23, 2020",606,605,Birth/Ha tch,"Apr 23, 2020",DENVER
677,Female,"Mar 07, 2021",479,413,"Birth/Ha
tch","Mar 07, 2021",BUFFALO
678,Male,"Mar 07, 2021",479,413,"Birth/Ha
tch","Mar 07, 2021",BUFFALO
679,Male,"Mar 08, 2021",479,413,Birth/Ha tch,"Mar 08, 2021",BUFFALO
,,,,,Death,"Mar 08, 2021",BUFFALO
680,Female,"Nov 15, 2016",328,424,Birth/Ha tch,"Nov 15, 2016",PUEBLA
681,Female,"Sep 10, 2020",473,618,"Birth/Ha
tch","Sep 10, 2020",DETROIT
682,Female,"Sep 10, 2020",473,618,"Birth/Ha
tch","Sep 10, 2020",DETROIT
,,,,,Death,"Sep 10, 2020",DETROIT
683,Male,"Feb 23, 2021",328,680,Birth/Ha tch,"Feb 23, 2021",PUEBLA
684,Male,"Feb 23, 2021",328,680,Birth/Ha tch,"Feb 23, 2021",PUEBLA
685,Female,"Nov 15, 2016",328,424,"Birth/Ha
tch","Nov 15, 2016",PUEBLA
686,Female,"Dec 03, 2020",328,685,"Birth/Ha
tch","Dec 03, 2020",PUEBLA
687,Female,"Dec 03, 2020",328,685,"Birth/Ha
tch","Dec 03, 2020",PUEBLA
688,Female,"Jan 29, 2020",328,680,"Birth/Ha
tch","Jan 29, 2020",PUEBLA
689,Male,"Nov 08, 2019",521,492,"Birth/Ha
tch","Nov 08, 2019",W PALM BE
690,Female,"Nov 08, 2019",521,492,"Birth/Ha
tch","Nov 08, 2019",W PALM BE
691,Female,"Jun 08, 2019",328,"MUL
T4","Birth/Ha
tch","Jun 08, 2019",PUEBLA
692,Female,"Dec 13, 2017",337,423,"Birth/Ha
tch","Dec 13, 2017",PUEBLA
693,Female,"Dec 13, 2017",337,423,Birth/Ha tch,"Dec 13, 2017",PUEBLA
694,Female,"Nov 15, 2016",328,424,Birth/Ha tch,"Nov 15, 2016",PUEBLA
695,Female,"Dec 13, 2017",337,423,Birth/Ha tch,"Dec 13, 2017",PUEBLA
696,Female,"Sep 25, 2016",337,423,"Birth/Ha
tch","Sep 25, 2016",PUEBLA
697,Female,"Sep 25, 2016",337,423,Birth/Ha tch,"Sep 25, 2016",PUEBLA
698,Female,"Sep 25, 2016",337,423,"Birth/Ha
tch","Sep 25, 2016",PUEBLA
699,Female,"Sep 25, 2016",337,423,"Birth/Ha
tch","Sep 25, 2016",PUEBLA
700,Male,"Jun 12, 2016",328,421,"Birth/Ha
tch","Jun 12, 2016",PUEBLA
701,Female,"Jun 12, 2016",328,421,Birth/Ha tch,"Jun 12, 2016",PUEBLA
702,Female,"Jun 12, 2016",328,421,Birth/Ha tch,"Jun 12, 2016",PUEBLA
703,Male,"~<Apr 24, 2016",337,423,"Birth/Ha
tch","~<Apr 24, 2016",PUEBLA
704,Male,"Feb 12, 2016",328,424,"Birth/Ha
tch","Feb 12, 2016",PUEBLA
705,Female,"Nov 20, 2015",337,423,"Birth/Ha
tch","Nov 20, 2015",PUEBLA
706,Male,"Nov 20, 2015",337,423,"Birth/Ha
tch","Nov 20, 2015",PUEBLA
707,Male,"Feb 09, 2021",328,694,"Birth/Ha
tch","Feb 09, 2021",PUEBLA
,,,,,Death,"Feb 09, 2021",PUEBLA
708,Male,"Feb 09, 2021",328,694,"Birth/Ha
tch","Feb 09, 2021",PUEBLA
,,,,,Death,"Feb 09, 2021",PUEBLA
709,Male,"Sep 10, 2020",473,618,Birth/Ha tch,"Sep 10, 2020",DETROIT
,,,,,Death,"Sep 10, 2020",DETROIT
710,Male,"Sep 10, 2020",473,618,Birth/Ha tch,"Sep 10, 2020",DETROIT
,,,,,Death,"Sep 10, 2020",DETROIT
711,Female,"May 11, 2020",328,MUL T4,Birth/Ha tch,"May 11, 2020",PUEBLA
,,,,,Death,"May 11, 2020",PUEBLA
712,Female,"May 11, 2020",328,"MUL
T4","Birth/Ha
tch","May 11, 2020",PUEBLA
,,,,,Death,"Jun 11, 2020",PUEBLA
713,Male,"Jan 02, 2020",328,694,"Birth/Ha
tch","Jan 02, 2020",PUEBLA
,,,,,Death,"Jan 04, 2020",PUEBLA
714,Male,"Jan 02, 2020",328,694,"Birth/Ha
tch","Jan 02, 2020",PUEBLA
,,,,,Death,"Jan 04, 2020",PUEBLA
715,Male,"Jan 02, 2020",328,694,Birth/Ha tch,"Jan 02, 2020",PUEBLA
,,,,,Death,"Jan 08, 2020",PUEBLA
716,Undeter mined,"Aug 31, 2019",328,MUL T4,Birth/Ha tch,"Aug 31, 2019",PUEBLA
,,,,,Death,"Sep 03, 2019",PUEBLA
717,"Undeter
mined","Aug 31, 2019",328,"MUL
T4","Birth/Ha
tch","Aug 31, 2019",PUEBLA
,,,,,Death,"Sep 06, 2019",PUEBLA
718,"Undeter
mined","Aug 31, 2019",328,"MUL
T4","Birth/Ha
tch","Aug 31, 2019",PUEBLA
,,,,,Death,"Aug 31, 2019",PUEBLA
719,Male,"Jul 23, 2019",328,"MUL
T4","Birth/Ha
tch","Jul 23, 2019",PUEBLA
,,,,,Death,"Jul 31, 2019",PUEBLA
720,Female,"Jul 22, 2019",328,"MUL
T4","Birth/Ha
tch","Jul 22, 2019",PUEBLA
,,,,,Death,"Jul 24, 2019",PUEBLA
721,Male,"Jun 08, 2019",328,MUL T4,Birth/Ha tch,"Jun 08, 2019",PUEBLA
,,,,,Death,"Jun 11, 2019",PUEBLA
722,Female,"Jun 08, 2019",328,MUL T4,Birth/Ha tch,"Jun 08, 2019",PUEBLA
,,,,,Death,"Jun 11, 2019",PUEBLA
723,Female,"Jan 29, 2019",328,680,"Birth/Ha
tch","Jan 29, 2019",PUEBLA
,,,,,Death,"Jan 30, 2020",PUEBLA
724,Female,"Jan 29, 2019",328,680,"Birth/Ha
tch","Jan 29, 2019",PUEBLA
,,,,,Death,"Jan 31, 2020",PUEBLA
725,"Undeter
mined","Jul 14, 2016",328,424,"Birth/Ha
tch","Jul 14, 2016",PUEBLA
,,,,,Death,"Jul 27, 2016",PUEBLA
726,Female,"Jun 12, 2016",328,421,"Birth/Ha
tch","Jun 12, 2016",PUEBLA
,,,,,Death,"Jun 12, 2016",PUEBLA
727,Undeter mined,"May 12, 2016",479,413,Birth/Ha tch,"May 12, 2016",BUFFALO
,,,,,Death,"May 12, 2016",BUFFALO
728,Female,"Apr 23, 2016",226,200,Birth/Ha tch,"Apr 23, 2016",TAUTPHAUS
,,,,,Death,"Apr 23, 2016",TAUTPHAUS
729,Female,"Apr 23, 2016",226,200,"Birth/Ha
tch","Apr 23, 2016",TAUTPHAUS
,,,,,Death,"Apr 24, 2016",TAUTPHAUS
730,Male,"Feb 12, 2016",328,424,"Birth/Ha
tch","Feb 12, 2016",PUEBLA
,,,,,Death,"Dec 31, 2020",PUEBLA
731,Male,"Oct 12, 2015",328,424,"Birth/Ha
tch","Oct 12, 2015",PUEBLA
,,,,,Death,"Oct 12, 2015",PUEBLA
732,Female,"Oct 12, 2015",328,421,"Birth/Ha
tch","Oct 12, 2015",PUEBLA
,,,,,Death,"Oct 12, 2015",PUEBLA
733,Female,"Oct 12, 2015",328,421,Birth/Ha tch,"Oct 12, 2015",PUEBLA
,,,,,Death,"Oct 22, 2015",PUEBLA
734,Female,"Oct 10, 2015",328,424,Birth/Ha tch,"Oct 10, 2015",PUEBLA
,,,,,Death,"Oct 10, 2015",PUEBLA
735,Male,"Jul 04, 2015",430,304,"Birth/Ha
tch","Jul 04, 2015",COLO SPRG
,,,,,Death,"Jul 04, 2015",COLO SPRG
736,"Undeter
mined","Jun 25, 2015",430,303,"Birth/Ha
tch","Jun 25, 2015",COLO SPRG
,,,,,Death,"Jun 25, 2015",COLO SPRG
737,Female,"May 29, 2012",313,373,"Birth/Ha
tch","May 29, 2012",HONOLULU
,,,,,Death,"May 29, 2012",HONOLULU
738,Male,"Feb 15, 2012",316,346,"Birth/Ha
tch","Feb 15, 2012",ST LOUIS
,,,,,Death,"Feb 17, 2012",ST LOUIS
739,Undeter mined,"Feb 15, 2012",316,346,Birth/Ha tch,"Feb 15, 2012",ST LOUIS
,,,,,Death,"Feb 16, 2012",ST LOUIS
740,Undeter mined,"Jul 17, 2011",316,346,Birth/Ha tch,"Jul 17, 2011",ST LOUIS
,,,,,Death,"Jul 17, 2011",ST LOUIS
741,Male,"May 18, 2010",248,246,"Birth/Ha
tch","May 18, 2010",NZP-WASH
,,,,,Death,"May 20, 2010",NZP-WASH
742,Male,"Dec 03, 2020",328,685,"Birth/Ha
tch","Dec 03, 2020",PUEBLA
743,Male,"Dec 13, 2017",337,423,"Birth/Ha
tch","Dec 13, 2017",PUEBLA
744,Male,"Dec 15, 2019",328,"MUL
T4","Birth/Ha
tch","Dec 15, 2019",PUEBLA
750,Female,"Dec 21, 2021",581,653,"Birth/Ha
tch","Dec 21, 2021",KNOXVILLE
751,Male,"Dec 21, 2021",581,653,Birth/Ha tch,"Dec 21, 2021",KNOXVILLE
752,Male,"Jan 22, 2014",429,427,Birth/Ha tch,"Jan 22, 2014",CALDWELL
,,,,,Death,"Jan 25, 2014",CALDWELL
753,Male,"Dec 21, 2021",581,653,"Birth/Ha
tch","Dec 21, 2021",KNOXVILLE
,,,,,Death,"Dec 21, 2021",KNOXVILLE
754,Female,"Dec 21, 2021",581,653,"Birth/Ha
tch","Dec 21, 2021",KNOXVILLE
,,,,,Death,"Dec 22, 2021",KNOXVILLE
757,Female,"Dec 23, 2013",355,318,"Birth/Ha
tch","Dec 23, 2013",TUCSON
,,,,,Death,"Dec 24, 2013",TUCSON
758,Female,"Jul 05, 2007",152,205,"Birth/Ha
tch","Jul 05, 2007",TULSA
,,,,,Death,"Jul 05, 2007",TULSA
759,Male,"Jul 05, 2007",152,205,"Birth/Ha
tch","Jul 05, 2007",TULSA
,,,,,Death,"Jul 05, 2007",TULSA
760,Female,"Jun 17, 2005",84,124,Birth/Ha tch,"Jun 17, 2005",CHICAGOLP
,,,,,Death,"Jun 19, 2005",CHICAGOLP
761,Female,"Nov 05, 2006",257,254,"Birth/Ha
tch","Nov 05, 2006",SD-WAP
,,,,,Death,"Nov 05, 2006",SD-WAP
762,Female,"Dec 15, 2019",328,"MUL
T4","Birth/Ha
tch","Dec 15, 2019",PUEBLA
,,,,,Death,"Dec 29, 2019",PUEBLA
763,Male,"Jul 25, 2019",606,472,"Birth/Ha
tch","Jul 25, 2019",DENVER
764,"Undeter
mined","Mar 15, 2022",644,651,"Birth/Ha
tch","Mar 15, 2022",CHICAGOLP